2026-10-04 07:09:15,333 - 278 - INFO - Input shape info 
2026-10-04 07:09:30,284 - 283 - WARNING - WARNING_OP_VERSION_NOT_SUPPORTED: Operation Shape Not Supported. Expected operator version: [1, 13, 15], instead got version: [19]
2026-10-04 07:09:30,284 - 283 - WARNING - WARNING_OP_VERSION_NOT_SUPPORTED: Operation Shape Not Supported. Expected operator version: [1, 13, 15], instead got version: [19]
2026-10-04 07:09:30,284 - 283 - WARNING - WARNING_OP_VERSION_NOT_SUPPORTED: Operation Shape Not Supported. Expected operator version: [1, 13, 15], instead got version: [19]
2026-10-04 07:09:30,296 - 283 - WARNING - WARNING_OP_VERSION_NOT_SUPPORTED: Operation Reciprocal Not Supported. Expected operator version: [1, 6], instead got version: [13]
2026-10-04 07:09:30,326 - 283 - WARNING - WARNING_OP_VERSION_NOT_SUPPORTED: Operation Shape Not Supported. Expected operator version: [1, 13, 15], instead got version: [19]
2026-10-04 07:09:30,387 - 283 - WARNING - WARNING_OP_VERSION_NOT_SUPPORTED: Operation Shape Not Supported. Expected operator version: [1, 13, 15], instead got version: [19]
2026-10-04 07:09:30,387 - 283 - WARNING - WARNING_OP_VERSION_NOT_SUPPORTED: Operation Shape Not Supported. Expected operator version: [1, 13, 15], instead got version: [19]
2026-10-04 07:09:30,444 - 283 - WARNING - WARNING_OP_VERSION_NOT_SUPPORTED: Operation Equal Not Supported. Expected operator version: [1, 7, 11, 13], instead got version: [19]
2026-10-04 07:09:30,458 - 283 - WARNING - WARNING_OP_VERSION_NOT_SUPPORTED: Operation Equal Not Supported. Expected operator version: [1, 7, 11, 13], instead got version: [19]
2026-10-04 07:09:30,476 - 283 - WARNING - WARNING_OP_VERSION_NOT_SUPPORTED: Operation Equal Not Supported. Expected operator version: [1, 7, 11, 13], instead got version: [19]
2026-10-04 07:09:30,477 - 283 - WARNING - WARNING_OP_VERSION_NOT_SUPPORTED: Operation Equal Not Supported. Expected operator version: [1, 7, 11, 13], instead got version: [19]
2026-10-04 07:09:30,478 - 283 - WARNING - WARNING_OP_VERSION_NOT_SUPPORTED: Operation Shape Not Supported. Expected operator version: [1, 13, 15], instead got version: [19]
2026-10-04 07:09:30,486 - 283 - WARNING - Only numerical type cast is supported. The cast op: /vector_estimator/vector_field/main_blocks.3/attn/Cast will be interpreted at conversion time
2026-10-04 07:09:30,486 - 283 - WARNING - Only numerical type cast is supported. The cast op: /vector_estimator/vector_field/main_blocks.3/attn/Cast_1 will be interpreted at conversion time
2026-10-04 07:09:30,576 - 283 - WARNING - GEMM operation is not supported in the general case, attempting to interpret as FC
2026-10-04 07:09:30,611 - 283 - WARNING - WARNING_OP_VERSION_NOT_SUPPORTED: Operation Equal Not Supported. Expected operator version: [1, 7, 11, 13], instead got version: [19]
2026-10-04 07:09:30,799 - 283 - WARNING - WARNING_OP_VERSION_NOT_SUPPORTED: Operation Shape Not Supported. Expected operator version: [1, 13, 15], instead got version: [19]
2026-10-04 07:09:30,816 - 283 - WARNING - WARNING_OP_VERSION_NOT_SUPPORTED: Operation Shape Not Supported. Expected operator version: [1, 13, 15], instead got version: [19]
2026-10-04 07:09:30,831 - 283 - WARNING - WARNING_OP_VERSION_NOT_SUPPORTED: Operation Shape Not Supported. Expected operator version: [1, 13, 15], instead got version: [19]
2026-10-04 07:09:30,851 - 283 - WARNING - WARNING_OP_VERSION_NOT_SUPPORTED: Operation Shape Not Supported. Expected operator version: [1, 13, 15], instead got version: [19]
2026-10-04 07:09:30,873 - 283 - WARNING - WARNING_OP_VERSION_NOT_SUPPORTED: Operation Shape Not Supported. Expected operator version: [1, 13, 15], instead got version: [19]
2026-10-04 07:09:30,890 - 283 - WARNING - WARNING_OP_VERSION_NOT_SUPPORTED: Operation Shape Not Supported. Expected operator version: [1, 13, 15], instead got version: [19]
2026-10-04 07:09:30,911 - 283 - WARNING - WARNING_OP_VERSION_NOT_SUPPORTED: Operation Shape Not Supported. Expected operator version: [1, 13, 15], instead got version: [19]
2026-10-04 07:09:30,927 - 283 - WARNING - WARNING_OP_VERSION_NOT_SUPPORTED: Operation Shape Not Supported. Expected operator version: [1, 13, 15], instead got version: [19]
2026-10-04 07:09:30,950 - 283 - WARNING - GEMM operation is not supported in the general case, attempting to interpret as FC
2026-10-04 07:09:31,782 - 283 - WARNING - WARNING_OP_VERSION_NOT_SUPPORTED: Operation Shape Not Supported. Expected operator version: [1, 13, 15], instead got version: [19]
2026-10-04 07:09:31,863 - 283 - WARNING - WARNING_OP_VERSION_NOT_SUPPORTED: Operation Shape Not Supported. Expected operator version: [1, 13, 15], instead got version: [19]
2026-10-04 07:09:32,559 - 283 - WARNING - WARNING_OP_VERSION_NOT_SUPPORTED: Operation Shape Not Supported. Expected operator version: [1, 13, 15], instead got version: [19]
2026-10-04 07:09:32,639 - 283 - WARNING - WARNING_OP_VERSION_NOT_SUPPORTED: Operation Shape Not Supported. Expected operator version: [1, 13, 15], instead got version: [19]
2026-10-04 07:09:33,340 - 283 - WARNING - WARNING_OP_VERSION_NOT_SUPPORTED: Operation Shape Not Supported. Expected operator version: [1, 13, 15], instead got version: [19]
2026-10-04 07:09:33,423 - 283 - WARNING - WARNING_OP_VERSION_NOT_SUPPORTED: Operation Shape Not Supported. Expected operator version: [1, 13, 15], instead got version: [19]
2026-10-04 07:09:34,119 - 283 - WARNING - WARNING_OP_VERSION_NOT_SUPPORTED: Operation Shape Not Supported. Expected operator version: [1, 13, 15], instead got version: [19]
2026-10-04 07:09:34,204 - 283 - WARNING - WARNING_OP_VERSION_NOT_SUPPORTED: Operation Shape Not Supported. Expected operator version: [1, 13, 15], instead got version: [19]
2026-10-04 07:09:34,802 - 283 - WARNING - WARNING_OP_VERSION_NOT_SUPPORTED: Operation Shape Not Supported. Expected operator version: [1, 13, 15], instead got version: [19]
2026-10-04 07:09:46,978 - 283 - WARNING - Op /vector_estimator/vector_field/main_blocks.1/Add with input_buf axis format NONTRIVIAL and data_axis_format NCF is no need to revert.
2026-10-04 07:09:47,760 - 283 - WARNING - Op /vector_estimator/vector_field/main_blocks.7/Add with input_buf axis format NONTRIVIAL and data_axis_format NCF is no need to revert.
2026-10-04 07:09:48,546 - 283 - WARNING - Op /vector_estimator/vector_field/main_blocks.13/Add with input_buf axis format NONTRIVIAL and data_axis_format NCF is no need to revert.
2026-10-04 07:09:49,335 - 283 - WARNING - Op /vector_estimator/vector_field/main_blocks.19/Add with input_buf axis format NONTRIVIAL and data_axis_format NCF is no need to revert.
modeltools::IrGraph::reEvalMacsParams: Re-evaluated graph statistics after IrOptimizer optimization passes:
modeltools::IrGraph::reEvalMacsParams: Total MACs: 3815004809
modeltools::IrGraph::reEvalMacsParams: Total Params Count: 63923520
     2.1ms [  INFO ] Inferences will run in sync mode
Processing inference input(s):
C:\AI\npu-work\inputs\calib\c0_noisy_latent.raw
C:\AI\npu-work\inputs\calib\c0_text_emb.raw
C:\AI\npu-work\inputs\calib\c0_style_ttl.raw
C:\AI\npu-work\inputs\calib\c0_latent_mask.raw
C:\AI\npu-work\inputs\calib\c0_text_mask.raw
C:\AI\npu-work\inputs\calib\c0_current_step.raw
C:\AI\npu-work\inputs\calib\c0_total_step.raw
C:\AI\npu-work\inputs\calib\c1_noisy_latent.raw
C:\AI\npu-work\inputs\calib\c1_text_emb.raw
C:\AI\npu-work\inputs\calib\c1_style_ttl.raw
C:\AI\npu-work\inputs\calib\c1_latent_mask.raw
C:\AI\npu-work\inputs\calib\c1_text_mask.raw
C:\AI\npu-work\inputs\calib\c1_current_step.raw
C:\AI\npu-work\inputs\calib\c1_total_step.raw
C:\AI\npu-work\inputs\calib\c2_noisy_latent.raw
C:\AI\npu-work\inputs\calib\c2_text_emb.raw
C:\AI\npu-work\inputs\calib\c2_style_ttl.raw
C:\AI\npu-work\inputs\calib\c2_latent_mask.raw
C:\AI\npu-work\inputs\calib\c2_text_mask.raw
C:\AI\npu-work\inputs\calib\c2_current_step.raw
C:\AI\npu-work\inputs\calib\c2_total_step.raw
C:\AI\npu-work\inputs\calib\c3_noisy_latent.raw
C:\AI\npu-work\inputs\calib\c3_text_emb.raw
C:\AI\npu-work\inputs\calib\c3_style_ttl.raw
C:\AI\npu-work\inputs\calib\c3_latent_mask.raw
C:\AI\npu-work\inputs\calib\c3_text_mask.raw
C:\AI\npu-work\inputs\calib\c3_current_step.raw
C:\AI\npu-work\inputs\calib\c3_total_step.raw
C:\AI\npu-work\inputs\calib\c4_noisy_latent.raw
C:\AI\npu-work\inputs\calib\c4_text_emb.raw
C:\AI\npu-work\inputs\calib\c4_style_ttl.raw
C:\AI\npu-work\inputs\calib\c4_latent_mask.raw
C:\AI\npu-work\inputs\calib\c4_text_mask.raw
C:\AI\npu-work\inputs\calib\c4_current_step.raw
C:\AI\npu-work\inputs\calib\c4_total_step.raw
C:\AI\npu-work\inputs\calib\c5_noisy_latent.raw
C:\AI\npu-work\inputs\calib\c5_text_emb.raw
C:\AI\npu-work\inputs\calib\c5_style_ttl.raw
C:\AI\npu-work\inputs\calib\c5_latent_mask.raw
C:\AI\npu-work\inputs\calib\c5_text_mask.raw
C:\AI\npu-work\inputs\calib\c5_current_step.raw
C:\AI\npu-work\inputs\calib\c5_total_step.raw
C:\AI\npu-work\inputs\calib\c6_noisy_latent.raw
C:\AI\npu-work\inputs\calib\c6_text_emb.raw
C:\AI\npu-work\inputs\calib\c6_style_ttl.raw
C:\AI\npu-work\inputs\calib\c6_latent_mask.raw
C:\AI\npu-work\inputs\calib\c6_text_mask.raw
C:\AI\npu-work\inputs\calib\c6_current_step.raw
C:\AI\npu-work\inputs\calib\c6_total_step.raw
C:\AI\npu-work\inputs\calib\c7_noisy_latent.raw
C:\AI\npu-work\inputs\calib\c7_text_emb.raw
C:\AI\npu-work\inputs\calib\c7_style_ttl.raw
C:\AI\npu-work\inputs\calib\c7_latent_mask.raw
C:\AI\npu-work\inputs\calib\c7_text_mask.raw
C:\AI\npu-work\inputs\calib\c7_current_step.raw
C:\AI\npu-work\inputs\calib\c7_total_step.raw
     4.8ms [  INFO ] No BackendExtensions lib provided;initializing NetRunBackend Interface
     4.9ms [  INFO ] WindowsFileIO callback: WindowsFileIO
    13.2ms [  INFO ] Initialized WindowsFileIO callback
    11.4ms [  INFO ] [QNN_CPU] CpuBackend creation start
    11.5ms [  INFO ] [QNN_CPU] CpuBackend creation end
    15.8ms [WARNING] Unable to find a device with NetRunDeviceKeyDefault in Library NetRunBackendLibKeyDefault
    15.8ms [WARNING] Profile Logger with name = defaultKey doesn't exist! Returning nullptr
    11.5ms [  INFO ] [QNN_CPU] QnnContext create start
    11.7ms [  INFO ] [QNN_CPU] QnnContext create end
    16.5ms [  INFO ] Entering QuantizeRuntimeApp flow
    16.5ms [WARNING] Profile Logger with name = defaultKey doesn't exist! Returning nullptr
    14.4ms [  INFO ] [QNN_CPU] CpuGraph creation start
    14.8ms [  INFO ] [QNN_CPU] CpuGraph creation end
    14.8ms [  INFO ] [QNN_CPU] QnnGraph create end
    15.0ms [  INFO ] [QNN_CPU] Adding tensor 'noisy_latent' with ID 1, type 0
    15.0ms [  INFO ] [QNN_CPU] Adding tensor 'text_emb' with ID 2, type 0
    15.1ms [  INFO ] [QNN_CPU] Adding tensor 'style_ttl' with ID 3, type 0
    15.1ms [  INFO ] [QNN_CPU] Adding tensor 'latent_mask' with ID 4, type 0
    15.1ms [  INFO ] [QNN_CPU] Adding tensor 'text_mask' with ID 5, type 0
    15.1ms [  INFO ] [QNN_CPU] Adding tensor 'current_step' with ID 6, type 0
    15.1ms [  INFO ] [QNN_CPU] Adding tensor 'total_step' with ID 7, type 0
    15.3ms [  INFO ] [QNN_CPU] Adding tensor '/Div_output_0' with ID 8, type 3
    16.7ms [  INFO ] [QNN_CPU] Adding tensor '/Reciprocal_coeff' with ID 9, type 4
    16.7ms [  INFO ] [QNN_CPU] Adding tensor '/Mul_output_0' with ID 10, type 3
    16.7ms [  INFO ] [QNN_CPU] Adding tensor '/vector_estimator/Tile_1_multiples' with ID 11, type 4
    16.7ms [  INFO ] [QNN_CPU] Adding tensor '/vector_estimator/Tile_1_output_0' with ID 12, type 3
    18.0ms [  INFO ] [QNN_CPU] Adding tensor '/vector_estimator/Tile_1_output_0.ncf_perm' with ID 13, type 4
    18.0ms [  INFO ] [QNN_CPU] Adding tensor '/vector_estimator/Tile_1_output_0.ncf' with ID 14, type 3
    18.7ms [  INFO ] [QNN_CPU] Adding tensor '/vector_estimator/Tile_3_multiples' with ID 15, type 4
    18.7ms [  INFO ] [QNN_CPU] Adding tensor '/vector_estimator/vector_field/main_blocks.3/Transpose_2_output_0' with ID 16, type 3
    18.8ms [  INFO ] [QNN_CPU] Adding tensor '/vector_estimator/Tile_4_multiples' with ID 17, type 4
    18.8ms [  INFO ] [QNN_CPU] Adding tensor '/vector_estimator/vector_field/main_blocks.3/Transpose_3_output_0' with ID 18, type 3
    18.8ms [  INFO ] [QNN_CPU] Adding tensor '/Reshape_1_output_0' with ID 19, type 3
    19.0ms [  INFO ] [QNN_CPU] Adding tensor '/Reshape_1_output_0.nfc_perm' with ID 20, type 4
    19.0ms [  INFO ] [QNN_CPU] Adding tensor '/Reshape_1_output_0.nfc' with ID 21, type 3
    19.0ms [  INFO ] [QNN_CPU] Adding tensor '/vector_estimator/vector_field/proj_in/net/Conv_reshape_to_2d' with ID 22, type 3
    19.1ms [  INFO ] [QNN_CPU] Adding tensor '/vector_estimator/vector_field/proj_in/net/Conv_reshape_to_2d.nhwc_perm' with ID 23, type 4
    19.1ms [  INFO ] [QNN_CPU] Adding tensor '/vector_estimator/vector_field/proj_in/net/Conv_reshape_to_2d.nhwc' with ID 24, type 3
    19.1ms [  INFO ] [QNN_CPU] Adding tensor '/vector_estimator/vector_field/proj_in/net/Conv_2d_dilation' with ID 25, type 4
    19.1ms [  INFO ] [QNN_CPU] Adding tensor '/vector_estimator/vector_field/proj_in/net/Conv_2d_pad_amount' with ID 26, type 4
    19.1ms [  INFO ] [QNN_CPU] Adding tensor '/vector_estimator/vector_field/proj_in/net/Conv_2d_stride' with ID 27, type 4
    19.2ms [  INFO ] [QNN_CPU] Adding tensor 'vector_estimator.tts.ttl.vector_field.proj_in.net.weight' with ID 28, type 4
    19.2ms [  INFO ] [QNN_CPU] Adding tensor '/vector_estimator/vector_field/proj_in/net/Conv_intermediate' with ID 29, type 3
    20.1ms [  INFO ] [QNN_CPU] Adding tensor '/vector_estimator/vector_field/proj_in/net/Conv_intermediate.nchw_perm' with ID 30, type 4
    20.1ms [  INFO ] [QNN_CPU] Adding tensor '/vector_estimator/vector_field/proj_in/net/Conv_intermediate.nchw' with ID 31, type 3
    20.2ms [  INFO ] [QNN_CPU] Adding tensor '/vector_estimator/vector_field/proj_in/net/Conv_output_0' with ID 32, type 3
    20.2ms [  INFO ] [QNN_CPU] Adding tensor '/vector_estimator/vector_field/proj_in/net/Conv_output_0.nfc_perm' with ID 33, type 4
    20.2ms [  INFO ] [QNN_CPU] Adding tensor '/vector_estimator/vector_field/proj_in/net/Conv_output_0.nfc' with ID 34, type 3
    20.2ms [  INFO ] [QNN_CPU] Adding tensor '/vector_estimator/vector_field/proj_in/Mul_output_0' with ID 35, type 3
    20.4ms [  INFO ] [QNN_CPU] Adding tensor '/vector_estimator/vector_field/main_blocks.3/attn/ReduceSum_axes' with ID 36, type 4
    20.4ms [  INFO ] [QNN_CPU] Adding tensor '/vector_estimator/vector_field/main_blocks.3/attn/ReduceSum_output_0' with ID 37, type 3
    21.2ms [  INFO ] [QNN_CPU] Adding tensor '/vector_estimator/vector_field/main_blocks.3/attn/ReduceSum_1_axes' with ID 38, type 4
    21.3ms [  INFO ] [QNN_CPU] Adding tensor '/vector_estimator/vector_field/main_blocks.3/attn/ReduceSum_1_output_0' with ID 39, type 3
    21.3ms [  INFO ] [QNN_CPU] Adding tensor '/vector_estimator/vector_field/main_blocks.3/attn/Unsqueeze_26_output_0' with ID 40, type 3
    21.3ms [  INFO ] [QNN_CPU] Adding tensor '/vector_estimator/vector_field/main_blocks.3/attn/Unsqueeze_27_output_0' with ID 41, type 3
    21.4ms [  INFO ] [QNN_CPU] Adding tensor '/vector_estimator/Tile_2_coef' with ID 42, type 4
    21.4ms [  INFO ] [QNN_CPU] Adding tensor '/vector_estimator/Tile_2_output_0' with ID 43, type 3
    21.6ms [  INFO ] [QNN_CPU] Adding tensor '/vector_estimator/Tile_2_output_0.ncf_perm' with ID 44, type 4
    21.6ms [  INFO ] [QNN_CPU] Adding tensor '/vector_estimator/Tile_2_output_0.ncf' with ID 45, type 3
    21.6ms [  INFO ] [QNN_CPU] Adding tensor '/vector_estimator/vector_field/main_blocks.0/convnext.0/Mul_output_0' with ID 46, type 3
    21.6ms [  INFO ] [QNN_CPU] Adding tensor '/vector_estimator/vector_field/main_blocks.3/attn/Reshape_output_0' with ID 47, type 3
    21.7ms [  INFO ] [QNN_CPU] Adding tensor '/vector_estimator/vector_field/main_blocks.3/attn/Reshape_1_output_0' with ID 48, type 3
    21.7ms [  INFO ] [QNN_CPU] Adding tensor '/vector_estimator/vector_field/main_blocks.3/attn/Transpose_1_perm' with ID 49, type 4
    21.7ms [  INFO ] [QNN_CPU] Adding tensor '/vector_estimator/vector_field/main_blocks.3/attn/Transpose_1_output_0' with ID 50, type 3
    21.7ms [  INFO ] [QNN_CPU] Adding tensor '/vector_estimator/vector_field/main_blocks.3/attn/Constant_56_output_0' with ID 51, type 4
    21.7ms [  INFO ] [QNN_CPU] Adding tensor '/vector_estimator/vector_field/main_blocks.3/attn/Cast_3_output_0' with ID 52, type 3
    10.3ms [WARNING] Output[0] has Datatype 0x232.

    10.9ms [WARNING] Output[0] has Datatype 0x232.

    22.7ms [  INFO ] [QNN_CPU] Adding tensor '/vector_estimator/vector_field/time_encoder/sinusoidal/Unsqueeze_output_0' with ID 53, type 3
    22.7ms [  INFO ] [QNN_CPU] Adding tensor '/vector_estimator/vector_field/main_blocks.3/attn/Cast_2_output_0' with ID 54, type 3
    11.3ms [WARNING] Output[0] has Datatype 0x232.

    11.3ms [WARNING] Output[0] has Datatype 0x232.

    22.8ms [  INFO ] [QNN_CPU] Adding tensor '/vector_estimator/vector_field/main_blocks.0/convnext.0/dwconv/Pad_pad_amount' with ID 55, type 4
    22.8ms [  INFO ] [QNN_CPU] Adding tensor '/vector_estimator/vector_field/main_blocks.0/convnext.0/dwconv/Pad_output_0' with ID 56, type 3
    23.2ms [  INFO ] [QNN_CPU] Adding tensor '/vector_estimator/vector_field/main_blocks.0/convnext.0/dwconv/Pad_output_0.ncf_perm' with ID 57, type 4
    23.2ms [  INFO ] [QNN_CPU] Adding tensor '/vector_estimator/vector_field/main_blocks.0/convnext.0/dwconv/Pad_output_0.ncf' with ID 58, type 3
    23.3ms [  INFO ] [QNN_CPU] Adding tensor '/vector_estimator/vector_field/main_blocks.0/convnext.0/dwconv/Conv_reshape_to_2d' with ID 59, type 3
    23.3ms [  INFO ] [QNN_CPU] Adding tensor '/vector_estimator/vector_field/main_blocks.0/convnext.0/dwconv/Conv_reshape_to_2d.nhwc_perm' with ID 60, type 4
    23.3ms [  INFO ] [QNN_CPU] Adding tensor '/vector_estimator/vector_field/main_blocks.0/convnext.0/dwconv/Conv_reshape_to_2d.nhwc' with ID 61, type 3
    23.3ms [  INFO ] [QNN_CPU] Adding tensor '/vector_estimator/vector_field/main_blocks.0/convnext.0/dwconv/Conv_2d_dilation' with ID 62, type 4
    23.3ms [  INFO ] [QNN_CPU] Adding tensor '/vector_estimator/vector_field/main_blocks.0/convnext.0/dwconv/Conv_2d_pad_amount' with ID 63, type 4
    23.3ms [  INFO ] [QNN_CPU] Adding tensor '/vector_estimator/vector_field/main_blocks.0/convnext.0/dwconv/Conv_2d_stride' with ID 64, type 4
    23.3ms [  INFO ] [QNN_CPU] Adding tensor 'vector_estimator.tts.ttl.vector_field.main_blocks.0.convnext.0.dwconv.weight' with ID 65, type 4
    23.4ms [  INFO ] [QNN_CPU] Adding tensor 'vector_estimator.tts.ttl.vector_field.main_blocks.0.convnext.0.dwconv.bias' with ID 66, type 4
    23.4ms [  INFO ] [QNN_CPU] Adding tensor '/vector_estimator/vector_field/main_blocks.0/convnext.0/dwconv/Conv_intermediate' with ID 67, type 3
    23.4ms [  INFO ] [QNN_CPU] Adding tensor '/vector_estimator/vector_field/main_blocks.0/convnext.0/dwconv/Conv_intermediate.nchw_perm' with ID 68, type 4
    23.4ms [  INFO ] [QNN_CPU] Adding tensor '/vector_estimator/vector_field/main_blocks.0/convnext.0/dwconv/Conv_intermediate.nchw' with ID 69, type 3
    23.4ms [  INFO ] [QNN_CPU] Adding tensor '/vector_estimator/vector_field/main_blocks.0/convnext.0/dwconv/Conv_output_0' with ID 70, type 3
    23.4ms [  INFO ] [QNN_CPU] Adding tensor '/vector_estimator/vector_field/main_blocks.0/convnext.0/dwconv/Conv_output_0.nfc_perm' with ID 71, type 4
    23.4ms [  INFO ] [QNN_CPU] Adding tensor '/vector_estimator/vector_field/main_blocks.0/convnext.0/dwconv/Conv_output_0.nfc' with ID 72, type 3
    23.5ms [  INFO ] [QNN_CPU] Adding tensor '/vector_estimator/vector_field/time_encoder/sinusoidal/Constant_2_output_0' with ID 73, type 4
    23.5ms [  INFO ] [QNN_CPU] Adding tensor '/vector_estimator/vector_field/time_encoder/sinusoidal/Mul_output_0' with ID 74, type 3
    23.5ms [  INFO ] [QNN_CPU] Adding tensor '/vector_estimator/vector_field/main_blocks.0/convnext.0/norm/Transpose_output_0' with ID 75, type 3
    23.5ms [  INFO ] [QNN_CPU] Adding tensor '/vector_estimator/vector_field/time_encoder/sinusoidal/Constant_3_output_0' with ID 76, type 4
    23.5ms [  INFO ] [QNN_CPU] Adding tensor '/vector_estimator/vector_field/time_encoder/sinusoidal/Mul_1_output_0' with ID 77, type 3
    23.6ms [  INFO ] [QNN_CPU] Adding tensor '/vector_estimator/vector_field/main_blocks.3/attn/Cast_output_0' with ID 78, type 4
    23.6ms [  INFO ] [QNN_CPU] Adding tensor '/vector_estimator/vector_field/main_blocks.3/attn/Div_output_0' with ID 79, type 3
    23.6ms [  INFO ] [QNN_CPU] Adding tensor '/vector_estimator/vector_field/main_blocks.3/attn/Cast_1_output_0' with ID 80, type 4
    23.6ms [  INFO ] [QNN_CPU] Adding tensor '/vector_estimator/vector_field/main_blocks.3/attn/Div_2_output_0' with ID 81, type 3
    23.6ms [  INFO ] [QNN_CPU] Adding tensor '/vector_estimator/vector_field/time_encoder/sinusoidal/Sin_output_0' with ID 82, type 3
    23.8ms [  INFO ] [QNN_CPU] Adding tensor '/vector_estimator/vector_field/time_encoder/sinusoidal/Cos_output_0' with ID 83, type 3
    23.9ms [  INFO ] [QNN_CPU] Adding tensor '/vector_estimator/Expand_3_output_0' with ID 84, type 4
    23.9ms [  INFO ] [QNN_CPU] Adding tensor '/vector_estimator/Concat_7_output_0' with ID 85, type 3
    24.1ms [  INFO ] [QNN_CPU] Adding tensor '/vector_estimator/Concat_7_output_0.ncf_perm' with ID 86, type 4
    24.1ms [  INFO ] [QNN_CPU] Adding tensor '/vector_estimator/Concat_7_output_0.ncf' with ID 87, type 3
    24.2ms [  INFO ] [QNN_CPU] Adding tensor '/vector_estimator/vector_field/main_blocks.23/attention/W_value/linear/MatMul_pre_reshape' with ID 88, type 3
    24.2ms [  INFO ] [QNN_CPU] Adding tensor '/vector_estimator/vector_field/main_blocks.17/attention/W_value/linear/MatMul_pre_reshape' with ID 89, type 3
    24.2ms [  INFO ] [QNN_CPU] Adding tensor '/vector_estimator/vector_field/main_blocks.11/attention/W_value/linear/MatMul_pre_reshape' with ID 90, type 3
    24.2ms [  INFO ] [QNN_CPU] Adding tensor '/vector_estimator/vector_field/main_blocks.5/attention/W_value/linear/MatMul_pre_reshape' with ID 91, type 3
    24.3ms [  INFO ] [QNN_CPU] Adding tensor 'vector_estimator.tts.ttl.vector_field.main_blocks.3.attn.theta' with ID 92, type 4
    24.3ms [  INFO ] [QNN_CPU] Adding tensor '/vector_estimator/vector_field/main_blocks.3/attn/Mul_output_0' with ID 93, type 3
    24.3ms [  INFO ] [QNN_CPU] Adding tensor '/vector_estimator/vector_field/main_blocks.3/attn/Mul_7_output_0' with ID 94, type 3
    24.3ms [  INFO ] [QNN_CPU] Adding tensor '/vector_estimator/vector_field/main_blocks.0/convnext.0/norm/norm/LayerNormalization_axes' with ID 95, type 4
    24.3ms [  INFO ] [QNN_CPU] Adding tensor 'vector_estimator.tts.ttl.vector_field.main_blocks.0.convnext.0.norm.norm.weight' with ID 96, type 4
    24.3ms [  INFO ] [QNN_CPU] Adding tensor 'vector_estimator.tts.ttl.vector_field.main_blocks.0.convnext.0.norm.norm.bias' with ID 97, type 4
    24.3ms [  INFO ] [QNN_CPU] Adding tensor '/vector_estimator/vector_field/main_blocks.0/convnext.0/norm/Transpose_1_output_0' with ID 98, type 3
    24.9ms [  INFO ] [QNN_CPU] Adding tensor '/vector_estimator/vector_field/time_encoder/sinusoidal/Concat_output_0' with ID 99, type 3
    25.0ms [  INFO ] [QNN_CPU] Adding tensor '/vector_estimator/Mul_1_output_0' with ID 100, type 4
    25.0ms [  INFO ] [QNN_CPU] Adding tensor '/vector_estimator/vector_field/main_blocks.3/Transpose_1_output_0' with ID 101, type 3
    25.0ms [  INFO ] [QNN_CPU] Adding tensor '/vector_estimator/vector_field/main_blocks.3/attn/Sin_output_0' with ID 102, type 3
    25.0ms [  INFO ] [QNN_CPU] Adding tensor '/vector_estimator/vector_field/main_blocks.3/attn/Cos_output_0' with ID 103, type 3
    25.0ms [  INFO ] [QNN_CPU] Adding tensor '/vector_estimator/vector_field/main_blocks.3/attn/Sin_1_output_0' with ID 104, type 3
    25.1ms [  INFO ] [QNN_CPU] Adding tensor '/vector_estimator/vector_field/main_blocks.3/attn/Cos_1_output_0' with ID 105, type 3
    25.1ms [  INFO ] [QNN_CPU] Adding tensor '/vector_estimator/vector_field/main_blocks.0/convnext.0/norm/Transpose_1_output_0.ncf_perm' with ID 106, type 4
    25.1ms [  INFO ] [QNN_CPU] Adding tensor '/vector_estimator/vector_field/main_blocks.0/convnext.0/norm/Transpose_1_output_0.ncf' with ID 107, type 3
    25.1ms [  INFO ] [QNN_CPU] Adding tensor 'vector_estimator.tts.ttl.vector_field.time_encoder.mlp.0.linear.weight_permute' with ID 108, type 4
    25.1ms [  INFO ] [QNN_CPU] Adding tensor 'vector_estimator.tts.ttl.vector_field.time_encoder.mlp.0.linear.bias' with ID 109, type 4
    25.1ms [  INFO ] [QNN_CPU] Adding tensor '/vector_estimator/vector_field/time_encoder/mlp/mlp.0/linear/Gemm_output_0' with ID 110, type 3
    25.4ms [  INFO ] [QNN_CPU] Adding tensor '/vector_estimator/vector_field/main_blocks.21/attn/W_value/linear/MatMul_pre_reshape' with ID 111, type 3
    25.4ms [  INFO ] [QNN_CPU] Adding tensor '/vector_estimator/vector_field/main_blocks.21/attn/W_key/linear/MatMul_pre_reshape' with ID 112, type 3
    25.4ms [  INFO ] [QNN_CPU] Adding tensor '/vector_estimator/vector_field/main_blocks.15/attn/W_value/linear/MatMul_pre_reshape' with ID 113, type 3
    25.4ms [  INFO ] [QNN_CPU] Adding tensor '/vector_estimator/vector_field/main_blocks.15/attn/W_key/linear/MatMul_pre_reshape' with ID 114, type 3
    25.5ms [  INFO ] [QNN_CPU] Adding tensor '/vector_estimator/vector_field/main_blocks.9/attn/W_value/linear/MatMul_pre_reshape' with ID 115, type 3
    25.5ms [  INFO ] [QNN_CPU] Adding tensor '/vector_estimator/vector_field/main_blocks.9/attn/W_key/linear/MatMul_pre_reshape' with ID 116, type 3
    25.5ms [  INFO ] [QNN_CPU] Adding tensor '/vector_estimator/vector_field/main_blocks.3/attn/W_value/linear/MatMul_pre_reshape' with ID 117, type 3
    25.5ms [  INFO ] [QNN_CPU] Adding tensor '/vector_estimator/vector_field/main_blocks.3/attn/W_key/linear/MatMul_pre_reshape' with ID 118, type 3
    25.6ms [  INFO ] [QNN_CPU] Adding tensor 'onnx::MatMul_3407' with ID 119, type 4
    25.6ms [  INFO ] [QNN_CPU] Adding tensor 'vector_estimator.tts.ttl.vector_field.main_blocks.5.attention.W_value.linear.bias' with ID 120, type 4
    25.6ms [  INFO ] [QNN_CPU] Adding tensor '/vector_estimator/vector_field/main_blocks.5/attention/W_value/linear/Add_output_0_fc' with ID 121, type 3
    25.7ms [  INFO ] [QNN_CPU] Adding tensor '/vector_estimator/vector_field/main_blocks.5/attention/W_value/linear/Add_output_0' with ID 122, type 3
    25.7ms [  INFO ] [QNN_CPU] Adding tensor 'onnx::MatMul_3452' with ID 123, type 4
    25.8ms [  INFO ] [QNN_CPU] Adding tensor 'vector_estimator.tts.ttl.vector_field.main_blocks.11.attention.W_value.linear.bias' with ID 124, type 4
    25.8ms [  INFO ] [QNN_CPU] Adding tensor '/vector_estimator/vector_field/main_blocks.11/attention/W_value/linear/Add_output_0_fc' with ID 125, type 3
    25.8ms [  INFO ] [QNN_CPU] Adding tensor '/vector_estimator/vector_field/main_blocks.11/attention/W_value/linear/Add_output_0' with ID 126, type 3
    25.9ms [  INFO ] [QNN_CPU] Adding tensor 'onnx::MatMul_3497' with ID 127, type 4
    25.9ms [  INFO ] [QNN_CPU] Adding tensor 'vector_estimator.tts.ttl.vector_field.main_blocks.17.attention.W_value.linear.bias' with ID 128, type 4
    25.9ms [  INFO ] [QNN_CPU] Adding tensor '/vector_estimator/vector_field/main_blocks.17/attention/W_value/linear/Add_output_0_fc' with ID 129, type 3
    25.9ms [  INFO ] [QNN_CPU] Adding tensor '/vector_estimator/vector_field/main_blocks.17/attention/W_value/linear/Add_output_0' with ID 130, type 3
    26.0ms [  INFO ] [QNN_CPU] Adding tensor 'onnx::MatMul_3542' with ID 131, type 4
    26.0ms [  INFO ] [QNN_CPU] Adding tensor 'vector_estimator.tts.ttl.vector_field.main_blocks.23.attention.W_value.linear.bias' with ID 132, type 4
    26.0ms [  INFO ] [QNN_CPU] Adding tensor '/vector_estimator/vector_field/main_blocks.23/attention/W_value/linear/Add_output_0_fc' with ID 133, type 3
    26.0ms [  INFO ] [QNN_CPU] Adding tensor '/vector_estimator/vector_field/main_blocks.23/attention/W_value/linear/Add_output_0' with ID 134, type 3
    26.0ms [  INFO ] [QNN_CPU] Adding tensor '/vector_estimator/vector_field/main_blocks.0/convnext.0/pwconv1/Conv_reshape_to_2d' with ID 135, type 3
    26.1ms [  INFO ] [QNN_CPU] Adding tensor '/vector_estimator/vector_field/main_blocks.0/convnext.0/pwconv1/Conv_reshape_to_2d.nhwc_perm' with ID 136, type 4
    26.1ms [  INFO ] [QNN_CPU] Adding tensor '/vector_estimator/vector_field/main_blocks.0/convnext.0/pwconv1/Conv_reshape_to_2d.nhwc' with ID 137, type 3
    26.1ms [  INFO ] [QNN_CPU] Adding tensor '/vector_estimator/vector_field/main_blocks.0/convnext.0/pwconv1/Conv_2d_dilation' with ID 138, type 4
    26.1ms [  INFO ] [QNN_CPU] Adding tensor '/vector_estimator/vector_field/main_blocks.0/convnext.0/pwconv1/Conv_2d_pad_amount' with ID 139, type 4
    26.1ms [  INFO ] [QNN_CPU] Adding tensor '/vector_estimator/vector_field/main_blocks.0/convnext.0/pwconv1/Conv_2d_stride' with ID 140, type 4
    27.1ms [  INFO ] [QNN_CPU] Adding tensor 'vector_estimator.tts.ttl.vector_field.main_blocks.0.convnext.0.pwconv1.weight' with ID 141, type 4
    27.1ms [  INFO ] [QNN_CPU] Adding tensor 'vector_estimator.tts.ttl.vector_field.main_blocks.0.convnext.0.pwconv1.bias' with ID 142, type 4
    27.1ms [  INFO ] [QNN_CPU] Adding tensor '/vector_estimator/vector_field/main_blocks.0/convnext.0/pwconv1/Conv_intermediate' with ID 143, type 3
    27.1ms [  INFO ] [QNN_CPU] Adding tensor '/vector_estimator/vector_field/main_blocks.0/convnext.0/pwconv1/Conv_intermediate.nchw_perm' with ID 144, type 4
    27.1ms [  INFO ] [QNN_CPU] Adding tensor '/vector_estimator/vector_field/main_blocks.0/convnext.0/pwconv1/Conv_intermediate.nchw' with ID 145, type 3
    27.2ms [  INFO ] [QNN_CPU] Adding tensor '/vector_estimator/vector_field/main_blocks.0/convnext.0/pwconv1/Conv_output_0' with ID 146, type 3
    27.2ms [  INFO ] [QNN_CPU] Adding tensor '/vector_estimator/vector_field/time_encoder/mlp/mlp.1/Softplus_output_0' with ID 147, type 3
    27.6ms [  INFO ] [QNN_CPU] Adding tensor '/vector_estimator/vector_field/main_blocks.5/attention/Split_2_split_index' with ID 148, type 4
    27.6ms [  INFO ] [QNN_CPU] Adding tensor '/vector_estimator/vector_field/main_blocks.5/attention/Split_2_output_0' with ID 149, type 3
    27.6ms [  INFO ] [QNN_CPU] Adding tensor '/vector_estimator/vector_field/main_blocks.5/attention/Split_2_output_1' with ID 150, type 3
    28.2ms [  INFO ] [QNN_CPU] Adding tensor '/vector_estimator/vector_field/main_blocks.11/attention/Split_2_split_index' with ID 153, type 4
    28.2ms [  INFO ] [QNN_CPU] Adding tensor '/vector_estimator/vector_field/main_blocks.11/attention/Split_2_output_0' with ID 154, type 3
    28.2ms [  INFO ] [QNN_CPU] Adding tensor '/vector_estimator/vector_field/main_blocks.11/attention/Split_2_output_1' with ID 155, type 3
    28.2ms [  INFO ] [QNN_CPU] Adding tensor '/vector_estimator/vector_field/main_blocks.17/attention/Split_2_split_index' with ID 158, type 4
    28.2ms [  INFO ] [QNN_CPU] Adding tensor '/vector_estimator/vector_field/main_blocks.17/attention/Split_2_output_0' with ID 159, type 3
    28.2ms [  INFO ] [QNN_CPU] Adding tensor '/vector_estimator/vector_field/main_blocks.17/attention/Split_2_output_1' with ID 160, type 3
    28.3ms [  INFO ] [QNN_CPU] Adding tensor '/vector_estimator/vector_field/main_blocks.23/attention/Split_2_split_index' with ID 163, type 4
    28.3ms [  INFO ] [QNN_CPU] Adding tensor '/vector_estimator/vector_field/main_blocks.23/attention/Split_2_output_0' with ID 164, type 3
    28.3ms [  INFO ] [QNN_CPU] Adding tensor '/vector_estimator/vector_field/main_blocks.23/attention/Split_2_output_1' with ID 165, type 3
    28.3ms [  INFO ] [QNN_CPU] Adding tensor '/vector_estimator/vector_field/time_encoder/mlp/mlp.1/Tanh_output_0' with ID 168, type 3
    28.4ms [  INFO ] [QNN_CPU] Adding tensor 'onnx::MatMul_3391' with ID 169, type 4
    28.5ms [  INFO ] [QNN_CPU] Adding tensor 'vector_estimator.tts.ttl.vector_field.main_blocks.3.attn.W_key.linear.bias' with ID 170, type 4
    28.5ms [  INFO ] [QNN_CPU] Adding tensor '/vector_estimator/vector_field/main_blocks.3/attn/W_key/linear/Add_output_0_fc' with ID 171, type 3
    28.5ms [  INFO ] [QNN_CPU] Adding tensor '/vector_estimator/vector_field/main_blocks.3/attn/Split_1/webgpu_reshape' with ID 172, type 3
    28.6ms [  INFO ] [QNN_CPU] Adding tensor 'onnx::MatMul_3392' with ID 173, type 4
    28.6ms [  INFO ] [QNN_CPU] Adding tensor 'vector_estimator.tts.ttl.vector_field.main_blocks.3.attn.W_value.linear.bias' with ID 174, type 4
    28.6ms [  INFO ] [QNN_CPU] Adding tensor '/vector_estimator/vector_field/main_blocks.3/attn/W_value/linear/Add_output_0_fc' with ID 175, type 3
    28.7ms [  INFO ] [QNN_CPU] Adding tensor '/vector_estimator/vector_field/main_blocks.3/attn/Split_2/webgpu_reshape' with ID 176, type 3
    28.7ms [  INFO ] [QNN_CPU] Adding tensor '/vector_estimator/vector_field/main_blocks.5/attention/Unsqueeze_4_output_0' with ID 177, type 3
    28.7ms [  INFO ] [QNN_CPU] Adding tensor '/vector_estimator/vector_field/main_blocks.5/attention/Unsqueeze_5_output_0' with ID 178, type 3
    28.8ms [  INFO ] [QNN_CPU] Adding tensor 'onnx::MatMul_3436' with ID 179, type 4
    28.8ms [  INFO ] [QNN_CPU] Adding tensor 'vector_estimator.tts.ttl.vector_field.main_blocks.9.attn.W_key.linear.bias' with ID 180, type 4
    28.8ms [  INFO ] [QNN_CPU] Adding tensor '/vector_estimator/vector_field/main_blocks.9/attn/W_key/linear/Add_output_0_fc' with ID 181, type 3
    28.8ms [  INFO ] [QNN_CPU] Adding tensor '/vector_estimator/vector_field/main_blocks.9/attn/Split_1/webgpu_reshape' with ID 182, type 3
    29.0ms [  INFO ] [QNN_CPU] Adding tensor 'onnx::MatMul_3437' with ID 183, type 4
    29.0ms [  INFO ] [QNN_CPU] Adding tensor 'vector_estimator.tts.ttl.vector_field.main_blocks.9.attn.W_value.linear.bias' with ID 184, type 4
    29.0ms [  INFO ] [QNN_CPU] Adding tensor '/vector_estimator/vector_field/main_blocks.9/attn/W_value/linear/Add_output_0_fc' with ID 185, type 3
    29.0ms [  INFO ] [QNN_CPU] Adding tensor '/vector_estimator/vector_field/main_blocks.9/attn/Split_2/webgpu_reshape' with ID 186, type 3
    29.0ms [  INFO ] [QNN_CPU] Adding tensor '/vector_estimator/vector_field/main_blocks.11/attention/Unsqueeze_4_output_0' with ID 187, type 3
    29.1ms [  INFO ] [QNN_CPU] Adding tensor '/vector_estimator/vector_field/main_blocks.11/attention/Unsqueeze_5_output_0' with ID 188, type 3
    29.3ms [  INFO ] [QNN_CPU] Adding tensor 'onnx::MatMul_3481' with ID 189, type 4
    29.3ms [  INFO ] [QNN_CPU] Adding tensor 'vector_estimator.tts.ttl.vector_field.main_blocks.15.attn.W_key.linear.bias' with ID 190, type 4
    29.3ms [  INFO ] [QNN_CPU] Adding tensor '/vector_estimator/vector_field/main_blocks.15/attn/W_key/linear/Add_output_0_fc' with ID 191, type 3
    29.3ms [  INFO ] [QNN_CPU] Adding tensor '/vector_estimator/vector_field/main_blocks.15/attn/Split_1/webgpu_reshape' with ID 192, type 3
    29.5ms [  INFO ] [QNN_CPU] Adding tensor 'onnx::MatMul_3482' with ID 193, type 4
    29.5ms [  INFO ] [QNN_CPU] Adding tensor 'vector_estimator.tts.ttl.vector_field.main_blocks.15.attn.W_value.linear.bias' with ID 194, type 4
    29.5ms [  INFO ] [QNN_CPU] Adding tensor '/vector_estimator/vector_field/main_blocks.15/attn/W_value/linear/Add_output_0_fc' with ID 195, type 3
    29.6ms [  INFO ] [QNN_CPU] Adding tensor '/vector_estimator/vector_field/main_blocks.15/attn/Split_2/webgpu_reshape' with ID 196, type 3
    29.6ms [  INFO ] [QNN_CPU] Adding tensor '/vector_estimator/vector_field/main_blocks.17/attention/Unsqueeze_4_output_0' with ID 197, type 3
    29.6ms [  INFO ] [QNN_CPU] Adding tensor '/vector_estimator/vector_field/main_blocks.17/attention/Unsqueeze_5_output_0' with ID 198, type 3
    29.7ms [  INFO ] [QNN_CPU] Adding tensor 'onnx::MatMul_3526' with ID 199, type 4
    29.8ms [  INFO ] [QNN_CPU] Adding tensor 'vector_estimator.tts.ttl.vector_field.main_blocks.21.attn.W_key.linear.bias' with ID 200, type 4
    29.8ms [  INFO ] [QNN_CPU] Adding tensor '/vector_estimator/vector_field/main_blocks.21/attn/W_key/linear/Add_output_0_fc' with ID 201, type 3
    29.8ms [  INFO ] [QNN_CPU] Adding tensor '/vector_estimator/vector_field/main_blocks.21/attn/Split_1/webgpu_reshape' with ID 202, type 3
    29.9ms [  INFO ] [QNN_CPU] Adding tensor 'onnx::MatMul_3527' with ID 203, type 4
    29.9ms [  INFO ] [QNN_CPU] Adding tensor 'vector_estimator.tts.ttl.vector_field.main_blocks.21.attn.W_value.linear.bias' with ID 204, type 4
    29.9ms [  INFO ] [QNN_CPU] Adding tensor '/vector_estimator/vector_field/main_blocks.21/attn/W_value/linear/Add_output_0_fc' with ID 205, type 3
    29.9ms [  INFO ] [QNN_CPU] Adding tensor '/vector_estimator/vector_field/main_blocks.21/attn/Split_2/webgpu_reshape' with ID 206, type 3
    30.0ms [  INFO ] [QNN_CPU] Adding tensor '/vector_estimator/vector_field/main_blocks.23/attention/Unsqueeze_4_output_0' with ID 207, type 3
    30.0ms [  INFO ] [QNN_CPU] Adding tensor '/vector_estimator/vector_field/main_blocks.23/attention/Unsqueeze_5_output_0' with ID 208, type 3
    30.0ms [  INFO ] [QNN_CPU] Adding tensor '/vector_estimator/vector_field/time_encoder/mlp/mlp.1/Mul_output_0' with ID 209, type 3
    30.0ms [  INFO ] [QNN_CPU] Adding tensor '/vector_estimator/vector_field/main_blocks.3/attn/Split_1/webgpu_transpose_heads_perm' with ID 210, type 4
    30.0ms [  INFO ] [QNN_CPU] Adding tensor '/vector_estimator/vector_field/main_blocks.3/attn/Concat_1_output_0' with ID 211, type 3
    30.1ms [  INFO ] [QNN_CPU] Adding tensor '/vector_estimator/vector_field/main_blocks.3/attn/Split_2/webgpu_transpose_heads_perm' with ID 212, type 4
    30.1ms [  INFO ] [QNN_CPU] Adding tensor '/vector_estimator/vector_field/main_blocks.3/attn/Concat_2_output_0' with ID 213, type 3
    30.1ms [  INFO ] [QNN_CPU] Adding tensor '/vector_estimator/vector_field/main_blocks.5/attention/Concat_2_output_0' with ID 214, type 3
    30.1ms [  INFO ] [QNN_CPU] Adding tensor '/vector_estimator/vector_field/main_blocks.9/attn/Split_1/webgpu_transpose_heads_perm' with ID 215, type 4
    30.1ms [  INFO ] [QNN_CPU] Adding tensor '/vector_estimator/vector_field/main_blocks.9/attn/Concat_1_output_0' with ID 216, type 3
    30.2ms [  INFO ] [QNN_CPU] Adding tensor '/vector_estimator/vector_field/main_blocks.9/attn/Split_2/webgpu_transpose_heads_perm' with ID 217, type 4
    30.2ms [  INFO ] [QNN_CPU] Adding tensor '/vector_estimator/vector_field/main_blocks.9/attn/Concat_2_output_0' with ID 218, type 3
    30.2ms [  INFO ] [QNN_CPU] Adding tensor '/vector_estimator/vector_field/main_blocks.11/attention/Concat_2_output_0' with ID 219, type 3
    30.2ms [  INFO ] [QNN_CPU] Adding tensor '/vector_estimator/vector_field/main_blocks.15/attn/Split_1/webgpu_transpose_heads_perm' with ID 220, type 4
    30.2ms [  INFO ] [QNN_CPU] Adding tensor '/vector_estimator/vector_field/main_blocks.15/attn/Concat_1_output_0' with ID 221, type 3
    30.3ms [  INFO ] [QNN_CPU] Adding tensor '/vector_estimator/vector_field/main_blocks.15/attn/Split_2/webgpu_transpose_heads_perm' with ID 222, type 4
    30.3ms [  INFO ] [QNN_CPU] Adding tensor '/vector_estimator/vector_field/main_blocks.15/attn/Concat_2_output_0' with ID 223, type 3
    30.3ms [  INFO ] [QNN_CPU] Adding tensor '/vector_estimator/vector_field/main_blocks.17/attention/Concat_2_output_0' with ID 224, type 3
    30.3ms [  INFO ] [QNN_CPU] Adding tensor '/vector_estimator/vector_field/main_blocks.21/attn/Split_1/webgpu_transpose_heads_perm' with ID 225, type 4
    30.3ms [  INFO ] [QNN_CPU] Adding tensor '/vector_estimator/vector_field/main_blocks.21/attn/Concat_1_output_0' with ID 226, type 3
    30.3ms [  INFO ] [QNN_CPU] Adding tensor '/vector_estimator/vector_field/main_blocks.21/attn/Split_2/webgpu_transpose_heads_perm' with ID 227, type 4
    30.3ms [  INFO ] [QNN_CPU] Adding tensor '/vector_estimator/vector_field/main_blocks.21/attn/Concat_2_output_0' with ID 228, type 3
    30.4ms [  INFO ] [QNN_CPU] Adding tensor '/vector_estimator/vector_field/main_blocks.23/attention/Concat_2_output_0' with ID 229, type 3
    30.4ms [  INFO ] [QNN_CPU] Adding tensor 'vector_estimator.tts.ttl.vector_field.time_encoder.mlp.2.linear.weight_permute' with ID 230, type 4
    30.4ms [  INFO ] [QNN_CPU] Adding tensor 'vector_estimator.tts.ttl.vector_field.time_encoder.mlp.2.linear.bias' with ID 231, type 4
    30.4ms [  INFO ] [QNN_CPU] Adding tensor '/vector_estimator/vector_field/time_encoder/mlp/mlp.2/linear/Gemm_output_0' with ID 232, type 3
    30.5ms [  INFO ] [QNN_CPU] Adding tensor '/vector_estimator/Concat_6_output_0.ncf' with ID 233, type 4
    30.5ms [  INFO ] [QNN_CPU] Adding tensor '/vector_estimator/vector_field/main_blocks.23/attention/W_key/linear/MatMul_pre_reshape' with ID 234, type 3
    30.5ms [  INFO ] [QNN_CPU] Adding tensor '/vector_estimator/vector_field/main_blocks.17/attention/W_key/linear/MatMul_pre_reshape' with ID 235, type 3
    30.5ms [  INFO ] [QNN_CPU] Adding tensor '/vector_estimator/vector_field/main_blocks.11/attention/W_key/linear/MatMul_pre_reshape' with ID 236, type 3
    30.5ms [  INFO ] [QNN_CPU] Adding tensor '/vector_estimator/vector_field/main_blocks.5/attention/W_key/linear/MatMul_pre_reshape' with ID 237, type 3
    30.5ms [  INFO ] [QNN_CPU] Adding tensor '/vector_estimator/vector_field/time_encoder/Unsqueeze_output_0' with ID 238, type 3
    30.6ms [  INFO ] [QNN_CPU] Adding tensor 'onnx::MatMul_3406' with ID 239, type 4
    30.6ms [  INFO ] [QNN_CPU] Adding tensor 'vector_estimator.tts.ttl.vector_field.main_blocks.5.attention.W_key.linear.bias' with ID 240, type 4
    30.6ms [  INFO ] [QNN_CPU] Adding tensor '/vector_estimator/vector_field/main_blocks.5/attention/W_key/linear/Add_output_0_fc' with ID 241, type 3
    30.6ms [  INFO ] [QNN_CPU] Adding tensor '/vector_estimator/vector_field/main_blocks.5/attention/W_key/linear/Add_output_0' with ID 242, type 3
    30.7ms [  INFO ] [QNN_CPU] Adding tensor 'onnx::MatMul_3451' with ID 243, type 4
    30.7ms [  INFO ] [QNN_CPU] Adding tensor 'vector_estimator.tts.ttl.vector_field.main_blocks.11.attention.W_key.linear.bias' with ID 244, type 4
    30.7ms [  INFO ] [QNN_CPU] Adding tensor '/vector_estimator/vector_field/main_blocks.11/attention/W_key/linear/Add_output_0_fc' with ID 245, type 3
    30.7ms [  INFO ] [QNN_CPU] Adding tensor '/vector_estimator/vector_field/main_blocks.11/attention/W_key/linear/Add_output_0' with ID 246, type 3
    30.8ms [  INFO ] [QNN_CPU] Adding tensor 'onnx::MatMul_3496' with ID 247, type 4
    30.8ms [  INFO ] [QNN_CPU] Adding tensor 'vector_estimator.tts.ttl.vector_field.main_blocks.17.attention.W_key.linear.bias' with ID 248, type 4
    30.8ms [  INFO ] [QNN_CPU] Adding tensor '/vector_estimator/vector_field/main_blocks.17/attention/W_key/linear/Add_output_0_fc' with ID 249, type 3
    30.9ms [  INFO ] [QNN_CPU] Adding tensor '/vector_estimator/vector_field/main_blocks.17/attention/W_key/linear/Add_output_0' with ID 250, type 3
    30.9ms [  INFO ] [QNN_CPU] Adding tensor 'onnx::MatMul_3541' with ID 251, type 4
    30.9ms [  INFO ] [QNN_CPU] Adding tensor 'vector_estimator.tts.ttl.vector_field.main_blocks.23.attention.W_key.linear.bias' with ID 252, type 4
    30.9ms [  INFO ] [QNN_CPU] Adding tensor '/vector_estimator/vector_field/main_blocks.23/attention/W_key/linear/Add_output_0_fc' with ID 253, type 3
    31.0ms [  INFO ] [QNN_CPU] Adding tensor '/vector_estimator/vector_field/main_blocks.23/attention/W_key/linear/Add_output_0' with ID 254, type 3
    31.0ms [  INFO ] [QNN_CPU] Adding tensor '/vector_estimator/vector_field/main_blocks.0/convnext.0/act/Mul_1_output_0' with ID 255, type 3
    31.3ms [  INFO ] [QNN_CPU] Adding tensor '/vector_estimator/vector_field/main_blocks.1/Transpose_perm' with ID 256, type 4
    31.4ms [  INFO ] [QNN_CPU] Adding tensor '/vector_estimator/vector_field/main_blocks.1/Transpose_output_0' with ID 257, type 3
    31.4ms [  INFO ] [QNN_CPU] Adding tensor '/vector_estimator/vector_field/main_blocks.5/attention/Split_1_split_index' with ID 258, type 4
    31.4ms [  INFO ] [QNN_CPU] Adding tensor '/vector_estimator/vector_field/main_blocks.5/attention/Split_1_output_0' with ID 259, type 3
    31.4ms [  INFO ] [QNN_CPU] Adding tensor '/vector_estimator/vector_field/main_blocks.5/attention/Split_1_output_1' with ID 260, type 3
    31.5ms [  INFO ] [QNN_CPU] Adding tensor '/vector_estimator/vector_field/main_blocks.11/attention/Split_1_split_index' with ID 263, type 4
    31.5ms [  INFO ] [QNN_CPU] Adding tensor '/vector_estimator/vector_field/main_blocks.11/attention/Split_1_output_0' with ID 264, type 3
    31.5ms [  INFO ] [QNN_CPU] Adding tensor '/vector_estimator/vector_field/main_blocks.11/attention/Split_1_output_1' with ID 265, type 3
    31.5ms [  INFO ] [QNN_CPU] Adding tensor '/vector_estimator/vector_field/main_blocks.17/attention/Split_1_split_index' with ID 268, type 4
    31.5ms [  INFO ] [QNN_CPU] Adding tensor '/vector_estimator/vector_field/main_blocks.17/attention/Split_1_output_0' with ID 269, type 3
    31.5ms [  INFO ] [QNN_CPU] Adding tensor '/vector_estimator/vector_field/main_blocks.17/attention/Split_1_output_1' with ID 270, type 3
    31.6ms [  INFO ] [QNN_CPU] Adding tensor '/vector_estimator/vector_field/main_blocks.23/attention/Split_1_split_index' with ID 273, type 4
    31.6ms [  INFO ] [QNN_CPU] Adding tensor '/vector_estimator/vector_field/main_blocks.23/attention/Split_1_output_0' with ID 274, type 3
    31.6ms [  INFO ] [QNN_CPU] Adding tensor '/vector_estimator/vector_field/main_blocks.23/attention/Split_1_output_1' with ID 275, type 3
    31.6ms [  INFO ] [QNN_CPU] Adding tensor '/vector_estimator/vector_field/main_blocks.3/attn/Slice_4_ranges' with ID 278, type 4
    31.6ms [  INFO ] [QNN_CPU] Adding tensor '/vector_estimator/vector_field/main_blocks.3/attn/Slice_4_output_0' with ID 279, type 3
    31.9ms [  INFO ] [QNN_CPU] Adding tensor '/vector_estimator/vector_field/main_blocks.3/attn/Slice_5_ranges' with ID 283, type 4
    31.9ms [  INFO ] [QNN_CPU] Adding tensor '/vector_estimator/vector_field/main_blocks.3/attn/Slice_5_output_0' with ID 284, type 3
    31.9ms [  INFO ] [QNN_CPU] Adding tensor '/vector_estimator/vector_field/main_blocks.9/attn/Slice_4_ranges' with ID 288, type 4
    32.0ms [  INFO ] [QNN_CPU] Adding tensor '/vector_estimator/vector_field/main_blocks.9/attn/Slice_4_output_0' with ID 289, type 3
    32.0ms [  INFO ] [QNN_CPU] Adding tensor '/vector_estimator/vector_field/main_blocks.9/attn/Slice_5_ranges' with ID 293, type 4
    32.0ms [  INFO ] [QNN_CPU] Adding tensor '/vector_estimator/vector_field/main_blocks.9/attn/Slice_5_output_0' with ID 294, type 3
    32.0ms [  INFO ] [QNN_CPU] Adding tensor '/vector_estimator/vector_field/main_blocks.15/attn/Slice_4_ranges' with ID 298, type 4
    32.0ms [  INFO ] [QNN_CPU] Adding tensor '/vector_estimator/vector_field/main_blocks.15/attn/Slice_4_output_0' with ID 299, type 3
    32.1ms [  INFO ] [QNN_CPU] Adding tensor '/vector_estimator/vector_field/main_blocks.15/attn/Slice_5_ranges' with ID 303, type 4
    32.1ms [  INFO ] [QNN_CPU] Adding tensor '/vector_estimator/vector_field/main_blocks.15/attn/Slice_5_output_0' with ID 304, type 3
    32.1ms [  INFO ] [QNN_CPU] Adding tensor '/vector_estimator/vector_field/main_blocks.21/attn/Slice_4_ranges' with ID 308, type 4
    32.1ms [  INFO ] [QNN_CPU] Adding tensor '/vector_estimator/vector_field/main_blocks.21/attn/Slice_4_output_0' with ID 309, type 3
    32.1ms [  INFO ] [QNN_CPU] Adding tensor '/vector_estimator/vector_field/main_blocks.21/attn/Slice_5_ranges' with ID 313, type 4
    32.1ms [  INFO ] [QNN_CPU] Adding tensor '/vector_estimator/vector_field/main_blocks.21/attn/Slice_5_output_0' with ID 314, type 3
    32.2ms [  INFO ] [QNN_CPU] Adding tensor '/vector_estimator/vector_field/main_blocks.0/convnext.0/pwconv2/Conv_reshape_to_2d' with ID 318, type 3
    32.2ms [  INFO ] [QNN_CPU] Adding tensor '/vector_estimator/vector_field/main_blocks.0/convnext.0/pwconv2/Conv_reshape_to_2d.nhwc_perm' with ID 319, type 4
    32.2ms [  INFO ] [QNN_CPU] Adding tensor '/vector_estimator/vector_field/main_blocks.0/convnext.0/pwconv2/Conv_reshape_to_2d.nhwc' with ID 320, type 3
    32.2ms [  INFO ] [QNN_CPU] Adding tensor '/vector_estimator/vector_field/main_blocks.0/convnext.0/pwconv2/Conv_2d_dilation' with ID 321, type 4
    32.2ms [  INFO ] [QNN_CPU] Adding tensor '/vector_estimator/vector_field/main_blocks.0/convnext.0/pwconv2/Conv_2d_pad_amount' with ID 322, type 4
    32.2ms [  INFO ] [QNN_CPU] Adding tensor '/vector_estimator/vector_field/main_blocks.0/convnext.0/pwconv2/Conv_2d_stride' with ID 323, type 4
    33.2ms [  INFO ] [QNN_CPU] Adding tensor 'vector_estimator.tts.ttl.vector_field.main_blocks.0.convnext.0.pwconv2.weight' with ID 324, type 4
    33.2ms [  INFO ] [QNN_CPU] Adding tensor 'vector_estimator.tts.ttl.vector_field.main_blocks.0.convnext.0.pwconv2.bias' with ID 325, type 4
    33.2ms [  INFO ] [QNN_CPU] Adding tensor '/vector_estimator/vector_field/main_blocks.0/convnext.0/pwconv2/Conv_intermediate' with ID 326, type 3
    33.2ms [  INFO ] [QNN_CPU] Adding tensor '/vector_estimator/vector_field/main_blocks.0/convnext.0/pwconv2/Conv_intermediate.nchw_perm' with ID 327, type 4
    33.2ms [  INFO ] [QNN_CPU] Adding tensor '/vector_estimator/vector_field/main_blocks.0/convnext.0/pwconv2/Conv_intermediate.nchw' with ID 328, type 3
    33.2ms [  INFO ] [QNN_CPU] Adding tensor '/vector_estimator/vector_field/main_blocks.0/convnext.0/pwconv2/Conv_output_0' with ID 329, type 3
    33.3ms [  INFO ] [QNN_CPU] Adding tensor '/vector_estimator/vector_field/main_blocks.0/convnext.0/pwconv2/Conv_output_0.nfc_perm' with ID 330, type 4
    33.3ms [  INFO ] [QNN_CPU] Adding tensor '/vector_estimator/vector_field/main_blocks.0/convnext.0/pwconv2/Conv_output_0.nfc' with ID 331, type 3
    33.3ms [  INFO ] [QNN_CPU] Adding tensor '/vector_estimator/vector_field/main_blocks.5/attention/Unsqueeze_2_output_0' with ID 332, type 3
    33.3ms [  INFO ] [QNN_CPU] Adding tensor '/vector_estimator/vector_field/main_blocks.5/attention/Unsqueeze_3_output_0' with ID 333, type 3
    33.3ms [  INFO ] [QNN_CPU] Adding tensor '/vector_estimator/vector_field/main_blocks.11/attention/Unsqueeze_2_output_0' with ID 334, type 3
    33.4ms [  INFO ] [QNN_CPU] Adding tensor '/vector_estimator/vector_field/main_blocks.11/attention/Unsqueeze_3_output_0' with ID 335, type 3
    33.4ms [  INFO ] [QNN_CPU] Adding tensor '/vector_estimator/vector_field/main_blocks.17/attention/Unsqueeze_2_output_0' with ID 336, type 3
    33.5ms [  INFO ] [QNN_CPU] Adding tensor '/vector_estimator/vector_field/main_blocks.17/attention/Unsqueeze_3_output_0' with ID 337, type 3
    33.5ms [  INFO ] [QNN_CPU] Adding tensor '/vector_estimator/vector_field/main_blocks.23/attention/Unsqueeze_2_output_0' with ID 338, type 3
    33.5ms [  INFO ] [QNN_CPU] Adding tensor '/vector_estimator/vector_field/main_blocks.23/attention/Unsqueeze_3_output_0' with ID 339, type 3
    33.5ms [  INFO ] [QNN_CPU] Adding tensor '/vector_estimator/vector_field/main_blocks.3/attn/Mul_10_output_0' with ID 340, type 3
    33.6ms [  INFO ] [QNN_CPU] Adding tensor '/vector_estimator/vector_field/main_blocks.3/attn/Mul_11_output_0' with ID 341, type 3
    33.6ms [  INFO ] [QNN_CPU] Adding tensor '/vector_estimator/vector_field/main_blocks.3/attn/Mul_12_output_0' with ID 342, type 3
    33.6ms [  INFO ] [QNN_CPU] Adding tensor '/vector_estimator/vector_field/main_blocks.3/attn/Mul_13_output_0' with ID 343, type 3
    33.7ms [  INFO ] [QNN_CPU] Adding tensor '/vector_estimator/vector_field/main_blocks.9/attn/Mul_10_output_0' with ID 344, type 3
    33.7ms [  INFO ] [QNN_CPU] Adding tensor '/vector_estimator/vector_field/main_blocks.9/attn/Mul_11_output_0' with ID 345, type 3
    33.7ms [  INFO ] [QNN_CPU] Adding tensor '/vector_estimator/vector_field/main_blocks.9/attn/Mul_12_output_0' with ID 346, type 3
    33.7ms [  INFO ] [QNN_CPU] Adding tensor '/vector_estimator/vector_field/main_blocks.9/attn/Mul_13_output_0' with ID 347, type 3
    33.8ms [  INFO ] [QNN_CPU] Adding tensor '/vector_estimator/vector_field/main_blocks.15/attn/Mul_10_output_0' with ID 348, type 3
    33.8ms [  INFO ] [QNN_CPU] Adding tensor '/vector_estimator/vector_field/main_blocks.15/attn/Mul_11_output_0' with ID 349, type 3
    33.8ms [  INFO ] [QNN_CPU] Adding tensor '/vector_estimator/vector_field/main_blocks.15/attn/Mul_12_output_0' with ID 350, type 3
    33.8ms [  INFO ] [QNN_CPU] Adding tensor '/vector_estimator/vector_field/main_blocks.15/attn/Mul_13_output_0' with ID 351, type 3
    33.9ms [  INFO ] [QNN_CPU] Adding tensor '/vector_estimator/vector_field/main_blocks.21/attn/Mul_10_output_0' with ID 352, type 3
    33.9ms [  INFO ] [QNN_CPU] Adding tensor '/vector_estimator/vector_field/main_blocks.21/attn/Mul_11_output_0' with ID 353, type 3
    33.9ms [  INFO ] [QNN_CPU] Adding tensor '/vector_estimator/vector_field/main_blocks.21/attn/Mul_12_output_0' with ID 354, type 3
    33.9ms [  INFO ] [QNN_CPU] Adding tensor '/vector_estimator/vector_field/main_blocks.21/attn/Mul_13_output_0' with ID 355, type 3
    34.0ms [  INFO ] [QNN_CPU] Adding tensor 'vector_estimator.tts.ttl.vector_field.main_blocks.0.convnext.0.gamma' with ID 356, type 4
    34.0ms [  INFO ] [QNN_CPU] Adding tensor '/vector_estimator/vector_field/main_blocks.0/convnext.0/Mul_2_output_0' with ID 357, type 3
    34.0ms [  INFO ] [QNN_CPU] Adding tensor 'onnx::MatMul_3384' with ID 358, type 4
    34.0ms [  INFO ] [QNN_CPU] Adding tensor 'vector_estimator.tts.ttl.vector_field.main_blocks.1.linear.linear.bias' with ID 359, type 4
    34.0ms [  INFO ] [QNN_CPU] Adding tensor '/vector_estimator/vector_field/main_blocks.1/linear/linear/Add_output_0_fc' with ID 360, type 3
    34.1ms [  INFO ] [QNN_CPU] Adding tensor '/vector_estimator/vector_field/main_blocks.1/linear/linear/Add_output_0' with ID 361, type 3
    34.1ms [  INFO ] [QNN_CPU] Adding tensor 'onnx::MatMul_3429' with ID 362, type 4
    34.1ms [  INFO ] [QNN_CPU] Adding tensor 'vector_estimator.tts.ttl.vector_field.main_blocks.7.linear.linear.bias' with ID 363, type 4
    34.1ms [  INFO ] [QNN_CPU] Adding tensor '/vector_estimator/vector_field/main_blocks.7/linear/linear/Add_output_0_fc' with ID 364, type 3
    34.1ms [  INFO ] [QNN_CPU] Adding tensor '/vector_estimator/vector_field/main_blocks.7/linear/linear/Add_output_0' with ID 365, type 3
    34.2ms [  INFO ] [QNN_CPU] Adding tensor 'onnx::MatMul_3474' with ID 366, type 4
    34.2ms [  INFO ] [QNN_CPU] Adding tensor 'vector_estimator.tts.ttl.vector_field.main_blocks.13.linear.linear.bias' with ID 367, type 4
    34.2ms [  INFO ] [QNN_CPU] Adding tensor '/vector_estimator/vector_field/main_blocks.13/linear/linear/Add_output_0_fc' with ID 368, type 3
    34.2ms [  INFO ] [QNN_CPU] Adding tensor '/vector_estimator/vector_field/main_blocks.13/linear/linear/Add_output_0' with ID 369, type 3
    34.3ms [  INFO ] [QNN_CPU] Adding tensor 'onnx::MatMul_3519' with ID 370, type 4
    34.3ms [  INFO ] [QNN_CPU] Adding tensor 'vector_estimator.tts.ttl.vector_field.main_blocks.19.linear.linear.bias' with ID 371, type 4
    34.3ms [  INFO ] [QNN_CPU] Adding tensor '/vector_estimator/vector_field/main_blocks.19/linear/linear/Add_output_0_fc' with ID 372, type 3
    34.3ms [  INFO ] [QNN_CPU] Adding tensor '/vector_estimator/vector_field/main_blocks.19/linear/linear/Add_output_0' with ID 373, type 3
    34.3ms [  INFO ] [QNN_CPU] Adding tensor '/vector_estimator/vector_field/main_blocks.5/attention/Concat_1_output_0' with ID 374, type 3
    34.4ms [  INFO ] [QNN_CPU] Adding tensor '/vector_estimator/vector_field/main_blocks.11/attention/Concat_1_output_0' with ID 375, type 3
    34.4ms [  INFO ] [QNN_CPU] Adding tensor '/vector_estimator/vector_field/main_blocks.17/attention/Concat_1_output_0' with ID 376, type 3
    34.4ms [  INFO ] [QNN_CPU] Adding tensor '/vector_estimator/vector_field/main_blocks.23/attention/Concat_1_output_0' with ID 377, type 3
    34.4ms [  INFO ] [QNN_CPU] Adding tensor '/vector_estimator/vector_field/main_blocks.3/attn/Sub_1_output_0' with ID 378, type 3
    34.5ms [  INFO ] [QNN_CPU] Adding tensor '/vector_estimator/vector_field/main_blocks.3/attn/Add_3_output_0' with ID 379, type 3
    34.5ms [  INFO ] [QNN_CPU] Adding tensor '/vector_estimator/vector_field/main_blocks.9/attn/Sub_1_output_0' with ID 380, type 3
    34.5ms [  INFO ] [QNN_CPU] Adding tensor '/vector_estimator/vector_field/main_blocks.9/attn/Add_3_output_0' with ID 381, type 3
    34.5ms [  INFO ] [QNN_CPU] Adding tensor '/vector_estimator/vector_field/main_blocks.15/attn/Sub_1_output_0' with ID 382, type 3
    34.6ms [  INFO ] [QNN_CPU] Adding tensor '/vector_estimator/vector_field/main_blocks.15/attn/Add_3_output_0' with ID 383, type 3
    34.6ms [  INFO ] [QNN_CPU] Adding tensor '/vector_estimator/vector_field/main_blocks.21/attn/Sub_1_output_0' with ID 384, type 3
    34.6ms [  INFO ] [QNN_CPU] Adding tensor '/vector_estimator/vector_field/main_blocks.21/attn/Add_3_output_0' with ID 385, type 3
    34.6ms [  INFO ] [QNN_CPU] Adding tensor '/vector_estimator/vector_field/main_blocks.0/convnext.0/Add_output_0' with ID 386, type 3
    34.6ms [  INFO ] [QNN_CPU] Adding tensor '/vector_estimator/vector_field/main_blocks.1/Transpose_1_perm' with ID 387, type 4
    34.7ms [  INFO ] [QNN_CPU] Adding tensor '/vector_estimator/vector_field/main_blocks.1/Transpose_1_output_0' with ID 388, type 3
    34.7ms [  INFO ] [QNN_CPU] Adding tensor '/vector_estimator/vector_field/main_blocks.7/Transpose_perm' with ID 389, type 4
    34.7ms [  INFO ] [QNN_CPU] Adding tensor '/vector_estimator/vector_field/main_blocks.7/Transpose_output_0' with ID 390, type 3
    34.7ms [  INFO ] [QNN_CPU] Adding tensor '/vector_estimator/vector_field/main_blocks.13/Transpose_perm' with ID 391, type 4
    34.7ms [  INFO ] [QNN_CPU] Adding tensor '/vector_estimator/vector_field/main_blocks.13/Transpose_output_0' with ID 392, type 3
    34.7ms [  INFO ] [QNN_CPU] Adding tensor '/vector_estimator/vector_field/main_blocks.19/Transpose_perm' with ID 393, type 4
    34.7ms [  INFO ] [QNN_CPU] Adding tensor '/vector_estimator/vector_field/main_blocks.19/Transpose_output_0' with ID 394, type 3
    34.8ms [  INFO ] [QNN_CPU] Adding tensor '/vector_estimator/vector_field/main_blocks.5/attention/Transpose_perm' with ID 395, type 4
    34.8ms [  INFO ] [QNN_CPU] Adding tensor '/vector_estimator/vector_field/main_blocks.5/attention/Transpose_output_0' with ID 396, type 3
    34.8ms [  INFO ] [QNN_CPU] Adding tensor '/vector_estimator/vector_field/main_blocks.11/attention/Transpose_perm' with ID 397, type 4
    34.8ms [  INFO ] [QNN_CPU] Adding tensor '/vector_estimator/vector_field/main_blocks.11/attention/Transpose_output_0' with ID 398, type 3
    34.8ms [  INFO ] [QNN_CPU] Adding tensor '/vector_estimator/vector_field/main_blocks.17/attention/Transpose_perm' with ID 399, type 4
    34.8ms [  INFO ] [QNN_CPU] Adding tensor '/vector_estimator/vector_field/main_blocks.17/attention/Transpose_output_0' with ID 400, type 3
    34.8ms [  INFO ] [QNN_CPU] Adding tensor '/vector_estimator/vector_field/main_blocks.23/attention/Transpose_perm' with ID 401, type 4
    34.8ms [  INFO ] [QNN_CPU] Adding tensor '/vector_estimator/vector_field/main_blocks.23/attention/Transpose_output_0' with ID 402, type 3
    34.9ms [  INFO ] [QNN_CPU] Adding tensor '/vector_estimator/vector_field/main_blocks.3/attn/Concat_4_output_0' with ID 403, type 3
    34.9ms [  INFO ] [QNN_CPU] Adding tensor '/vector_estimator/vector_field/main_blocks.9/attn/Concat_4_output_0' with ID 404, type 3
    34.9ms [  INFO ] [QNN_CPU] Adding tensor '/vector_estimator/vector_field/main_blocks.15/attn/Concat_4_output_0' with ID 405, type 3
    34.9ms [  INFO ] [QNN_CPU] Adding tensor '/vector_estimator/vector_field/main_blocks.21/attn/Concat_4_output_0' with ID 406, type 3
    35.0ms [  INFO ] [QNN_CPU] Adding tensor '/vector_estimator/vector_field/main_blocks.0/convnext.0/Mul_3_output_0' with ID 407, type 3
    35.0ms [  INFO ] [QNN_CPU] Adding tensor '/vector_estimator/vector_field/main_blocks.5/attention/tanh/Tanh_output_0' with ID 408, type 3
    35.0ms [  INFO ] [QNN_CPU] Adding tensor '/vector_estimator/vector_field/main_blocks.11/attention/tanh/Tanh_output_0' with ID 409, type 3
    35.0ms [  INFO ] [QNN_CPU] Adding tensor '/vector_estimator/vector_field/main_blocks.17/attention/tanh/Tanh_output_0' with ID 410, type 3
    35.1ms [  INFO ] [QNN_CPU] Adding tensor '/vector_estimator/vector_field/main_blocks.23/attention/tanh/Tanh_output_0' with ID 411, type 3
    35.1ms [  INFO ] [QNN_CPU] Adding tensor '/vector_estimator/vector_field/main_blocks.3/attn/Transpose_perm' with ID 412, type 4
    35.1ms [  INFO ] [QNN_CPU] Adding tensor '/vector_estimator/vector_field/main_blocks.3/attn/Transpose_output_0' with ID 413, type 3
    35.1ms [  INFO ] [QNN_CPU] Adding tensor '/vector_estimator/vector_field/main_blocks.9/attn/Transpose_perm' with ID 414, type 4
    35.1ms [  INFO ] [QNN_CPU] Adding tensor '/vector_estimator/vector_field/main_blocks.9/attn/Transpose_output_0' with ID 415, type 3
    35.1ms [  INFO ] [QNN_CPU] Adding tensor '/vector_estimator/vector_field/main_blocks.15/attn/Transpose_perm' with ID 416, type 4
    35.2ms [  INFO ] [QNN_CPU] Adding tensor '/vector_estimator/vector_field/main_blocks.15/attn/Transpose_output_0' with ID 417, type 3
    35.2ms [  INFO ] [QNN_CPU] Adding tensor '/vector_estimator/vector_field/main_blocks.21/attn/Transpose_perm' with ID 418, type 4
    35.2ms [  INFO ] [QNN_CPU] Adding tensor '/vector_estimator/vector_field/main_blocks.21/attn/Transpose_output_0' with ID 419, type 3
    35.2ms [  INFO ] [QNN_CPU] Adding tensor '/vector_estimator/vector_field/main_blocks.0/convnext.1/Mul_output_0' with ID 420, type 3
    35.2ms [  INFO ] [QNN_CPU] Adding tensor '/vector_estimator/vector_field/main_blocks.0/convnext.1/dwconv/Pad_pad_amount' with ID 421, type 4
    35.2ms [  INFO ] [QNN_CPU] Adding tensor '/vector_estimator/vector_field/main_blocks.0/convnext.1/dwconv/Pad_output_0' with ID 422, type 3
    35.3ms [  INFO ] [QNN_CPU] Adding tensor '/vector_estimator/vector_field/main_blocks.0/convnext.1/dwconv/Pad_output_0.ncf_perm' with ID 423, type 4
    35.3ms [  INFO ] [QNN_CPU] Adding tensor '/vector_estimator/vector_field/main_blocks.0/convnext.1/dwconv/Pad_output_0.ncf' with ID 424, type 3
    35.3ms [  INFO ] [QNN_CPU] Adding tensor '/vector_estimator/vector_field/main_blocks.0/convnext.1/dwconv/Conv_reshape_to_2d' with ID 425, type 3
    35.3ms [  INFO ] [QNN_CPU] Adding tensor '/vector_estimator/vector_field/main_blocks.0/convnext.1/dwconv/Conv_reshape_to_2d.nhwc_perm' with ID 426, type 4
    35.3ms [  INFO ] [QNN_CPU] Adding tensor '/vector_estimator/vector_field/main_blocks.0/convnext.1/dwconv/Conv_reshape_to_2d.nhwc' with ID 427, type 3
    35.3ms [  INFO ] [QNN_CPU] Adding tensor '/vector_estimator/vector_field/main_blocks.0/convnext.1/dwconv/Conv_2d_dilation' with ID 428, type 4
    35.3ms [  INFO ] [QNN_CPU] Adding tensor '/vector_estimator/vector_field/main_blocks.0/convnext.1/dwconv/Conv_2d_pad_amount' with ID 429, type 4
    35.3ms [  INFO ] [QNN_CPU] Adding tensor '/vector_estimator/vector_field/main_blocks.0/convnext.1/dwconv/Conv_2d_stride' with ID 430, type 4
    35.3ms [  INFO ] [QNN_CPU] Adding tensor 'vector_estimator.tts.ttl.vector_field.main_blocks.0.convnext.1.dwconv.weight' with ID 431, type 4
    35.4ms [  INFO ] [QNN_CPU] Adding tensor 'vector_estimator.tts.ttl.vector_field.main_blocks.0.convnext.1.dwconv.bias' with ID 432, type 4
    35.4ms [  INFO ] [QNN_CPU] Adding tensor '/vector_estimator/vector_field/main_blocks.0/convnext.1/dwconv/Conv_intermediate' with ID 433, type 3
    35.4ms [  INFO ] [QNN_CPU] Adding tensor '/vector_estimator/vector_field/main_blocks.0/convnext.1/dwconv/Conv_intermediate.nchw_perm' with ID 434, type 4
    35.4ms [  INFO ] [QNN_CPU] Adding tensor '/vector_estimator/vector_field/main_blocks.0/convnext.1/dwconv/Conv_intermediate.nchw' with ID 435, type 3
    35.4ms [  INFO ] [QNN_CPU] Adding tensor '/vector_estimator/vector_field/main_blocks.0/convnext.1/dwconv/Conv_output_0' with ID 436, type 3
    35.4ms [  INFO ] [QNN_CPU] Adding tensor '/vector_estimator/vector_field/main_blocks.0/convnext.1/dwconv/Conv_output_0.nfc_perm' with ID 437, type 4
    35.4ms [  INFO ] [QNN_CPU] Adding tensor '/vector_estimator/vector_field/main_blocks.0/convnext.1/dwconv/Conv_output_0.nfc' with ID 438, type 3
    35.5ms [  INFO ] [QNN_CPU] Adding tensor '/vector_estimator/vector_field/main_blocks.0/convnext.1/norm/Transpose_output_0' with ID 439, type 3
    35.5ms [  INFO ] [QNN_CPU] Adding tensor '/vector_estimator/vector_field/main_blocks.0/convnext.1/norm/norm/LayerNormalization_axes' with ID 440, type 4
    35.5ms [  INFO ] [QNN_CPU] Adding tensor 'vector_estimator.tts.ttl.vector_field.main_blocks.0.convnext.1.norm.norm.weight' with ID 441, type 4
    35.5ms [  INFO ] [QNN_CPU] Adding tensor 'vector_estimator.tts.ttl.vector_field.main_blocks.0.convnext.1.norm.norm.bias' with ID 442, type 4
    35.5ms [  INFO ] [QNN_CPU] Adding tensor '/vector_estimator/vector_field/main_blocks.0/convnext.1/norm/Transpose_1_output_0' with ID 443, type 3
    35.5ms [  INFO ] [QNN_CPU] Adding tensor '/vector_estimator/vector_field/main_blocks.0/convnext.1/norm/Transpose_1_output_0.ncf_perm' with ID 444, type 4
    35.5ms [  INFO ] [QNN_CPU] Adding tensor '/vector_estimator/vector_field/main_blocks.0/convnext.1/norm/Transpose_1_output_0.ncf' with ID 445, type 3
    35.6ms [  INFO ] [QNN_CPU] Adding tensor '/vector_estimator/vector_field/main_blocks.0/convnext.1/pwconv1/Conv_reshape_to_2d' with ID 446, type 3
    35.6ms [  INFO ] [QNN_CPU] Adding tensor '/vector_estimator/vector_field/main_blocks.0/convnext.1/pwconv1/Conv_reshape_to_2d.nhwc_perm' with ID 447, type 4
    35.6ms [  INFO ] [QNN_CPU] Adding tensor '/vector_estimator/vector_field/main_blocks.0/convnext.1/pwconv1/Conv_reshape_to_2d.nhwc' with ID 448, type 3
    35.6ms [  INFO ] [QNN_CPU] Adding tensor '/vector_estimator/vector_field/main_blocks.0/convnext.1/pwconv1/Conv_2d_dilation' with ID 449, type 4
    35.6ms [  INFO ] [QNN_CPU] Adding tensor '/vector_estimator/vector_field/main_blocks.0/convnext.1/pwconv1/Conv_2d_pad_amount' with ID 450, type 4
    35.6ms [  INFO ] [QNN_CPU] Adding tensor '/vector_estimator/vector_field/main_blocks.0/convnext.1/pwconv1/Conv_2d_stride' with ID 451, type 4
    36.6ms [  INFO ] [QNN_CPU] Adding tensor 'vector_estimator.tts.ttl.vector_field.main_blocks.0.convnext.1.pwconv1.weight' with ID 452, type 4
    36.6ms [  INFO ] [QNN_CPU] Adding tensor 'vector_estimator.tts.ttl.vector_field.main_blocks.0.convnext.1.pwconv1.bias' with ID 453, type 4
    36.6ms [  INFO ] [QNN_CPU] Adding tensor '/vector_estimator/vector_field/main_blocks.0/convnext.1/pwconv1/Conv_intermediate' with ID 454, type 3
    36.7ms [  INFO ] [QNN_CPU] Adding tensor '/vector_estimator/vector_field/main_blocks.0/convnext.1/pwconv1/Conv_intermediate.nchw_perm' with ID 455, type 4
    36.7ms [  INFO ] [QNN_CPU] Adding tensor '/vector_estimator/vector_field/main_blocks.0/convnext.1/pwconv1/Conv_intermediate.nchw' with ID 456, type 3
    36.7ms [  INFO ] [QNN_CPU] Adding tensor '/vector_estimator/vector_field/main_blocks.0/convnext.1/pwconv1/Conv_output_0' with ID 457, type 3
    36.7ms [  INFO ] [QNN_CPU] Adding tensor '/vector_estimator/vector_field/main_blocks.0/convnext.1/act/Mul_1_output_0' with ID 458, type 3
    36.7ms [  INFO ] [QNN_CPU] Adding tensor '/vector_estimator/vector_field/main_blocks.0/convnext.1/pwconv2/Conv_reshape_to_2d' with ID 459, type 3
    36.8ms [  INFO ] [QNN_CPU] Adding tensor '/vector_estimator/vector_field/main_blocks.0/convnext.1/pwconv2/Conv_reshape_to_2d.nhwc_perm' with ID 460, type 4
    36.8ms [  INFO ] [QNN_CPU] Adding tensor '/vector_estimator/vector_field/main_blocks.0/convnext.1/pwconv2/Conv_reshape_to_2d.nhwc' with ID 461, type 3
    36.8ms [  INFO ] [QNN_CPU] Adding tensor '/vector_estimator/vector_field/main_blocks.0/convnext.1/pwconv2/Conv_2d_dilation' with ID 462, type 4
    36.8ms [  INFO ] [QNN_CPU] Adding tensor '/vector_estimator/vector_field/main_blocks.0/convnext.1/pwconv2/Conv_2d_pad_amount' with ID 463, type 4
    36.8ms [  INFO ] [QNN_CPU] Adding tensor '/vector_estimator/vector_field/main_blocks.0/convnext.1/pwconv2/Conv_2d_stride' with ID 464, type 4
    37.7ms [  INFO ] [QNN_CPU] Adding tensor 'vector_estimator.tts.ttl.vector_field.main_blocks.0.convnext.1.pwconv2.weight' with ID 465, type 4
    37.7ms [  INFO ] [QNN_CPU] Adding tensor 'vector_estimator.tts.ttl.vector_field.main_blocks.0.convnext.1.pwconv2.bias' with ID 466, type 4
    37.7ms [  INFO ] [QNN_CPU] Adding tensor '/vector_estimator/vector_field/main_blocks.0/convnext.1/pwconv2/Conv_intermediate' with ID 467, type 3
    37.8ms [  INFO ] [QNN_CPU] Adding tensor '/vector_estimator/vector_field/main_blocks.0/convnext.1/pwconv2/Conv_intermediate.nchw_perm' with ID 468, type 4
    37.8ms [  INFO ] [QNN_CPU] Adding tensor '/vector_estimator/vector_field/main_blocks.0/convnext.1/pwconv2/Conv_intermediate.nchw' with ID 469, type 3
    37.8ms [  INFO ] [QNN_CPU] Adding tensor '/vector_estimator/vector_field/main_blocks.0/convnext.1/pwconv2/Conv_output_0' with ID 470, type 3
    37.8ms [  INFO ] [QNN_CPU] Adding tensor '/vector_estimator/vector_field/main_blocks.0/convnext.1/pwconv2/Conv_output_0.nfc_perm' with ID 471, type 4
    37.8ms [  INFO ] [QNN_CPU] Adding tensor '/vector_estimator/vector_field/main_blocks.0/convnext.1/pwconv2/Conv_output_0.nfc' with ID 472, type 3
    37.9ms [  INFO ] [QNN_CPU] Adding tensor 'vector_estimator.tts.ttl.vector_field.main_blocks.0.convnext.1.gamma' with ID 473, type 4
    37.9ms [  INFO ] [QNN_CPU] Adding tensor '/vector_estimator/vector_field/main_blocks.0/convnext.1/Mul_2_output_0' with ID 474, type 3
    37.9ms [  INFO ] [QNN_CPU] Adding tensor '/vector_estimator/vector_field/main_blocks.0/convnext.1/Add_output_0' with ID 475, type 3
    37.9ms [  INFO ] [QNN_CPU] Adding tensor '/vector_estimator/vector_field/main_blocks.0/convnext.1/Mul_3_output_0' with ID 476, type 3
    37.9ms [  INFO ] [QNN_CPU] Adding tensor '/vector_estimator/vector_field/main_blocks.0/convnext.2/Mul_output_0' with ID 477, type 3
    38.0ms [  INFO ] [QNN_CPU] Adding tensor '/vector_estimator/vector_field/main_blocks.0/convnext.2/dwconv/Pad_pad_amount' with ID 478, type 4
    38.0ms [  INFO ] [QNN_CPU] Adding tensor '/vector_estimator/vector_field/main_blocks.0/convnext.2/dwconv/Pad_output_0' with ID 479, type 3
    38.0ms [  INFO ] [QNN_CPU] Adding tensor '/vector_estimator/vector_field/main_blocks.0/convnext.2/dwconv/Pad_output_0.ncf_perm' with ID 480, type 4
    38.0ms [  INFO ] [QNN_CPU] Adding tensor '/vector_estimator/vector_field/main_blocks.0/convnext.2/dwconv/Pad_output_0.ncf' with ID 481, type 3
    38.0ms [  INFO ] [QNN_CPU] Adding tensor '/vector_estimator/vector_field/main_blocks.0/convnext.2/dwconv/Conv_reshape_to_2d' with ID 482, type 3
    38.0ms [  INFO ] [QNN_CPU] Adding tensor '/vector_estimator/vector_field/main_blocks.0/convnext.2/dwconv/Conv_reshape_to_2d.nhwc_perm' with ID 483, type 4
    38.1ms [  INFO ] [QNN_CPU] Adding tensor '/vector_estimator/vector_field/main_blocks.0/convnext.2/dwconv/Conv_reshape_to_2d.nhwc' with ID 484, type 3
    38.1ms [  INFO ] [QNN_CPU] Adding tensor '/vector_estimator/vector_field/main_blocks.0/convnext.2/dwconv/Conv_2d_dilation' with ID 485, type 4
    38.1ms [  INFO ] [QNN_CPU] Adding tensor '/vector_estimator/vector_field/main_blocks.0/convnext.2/dwconv/Conv_2d_pad_amount' with ID 486, type 4
    38.1ms [  INFO ] [QNN_CPU] Adding tensor '/vector_estimator/vector_field/main_blocks.0/convnext.2/dwconv/Conv_2d_stride' with ID 487, type 4
    38.1ms [  INFO ] [QNN_CPU] Adding tensor 'vector_estimator.tts.ttl.vector_field.main_blocks.0.convnext.2.dwconv.weight' with ID 488, type 4
    38.1ms [  INFO ] [QNN_CPU] Adding tensor 'vector_estimator.tts.ttl.vector_field.main_blocks.0.convnext.2.dwconv.bias' with ID 489, type 4
    38.1ms [  INFO ] [QNN_CPU] Adding tensor '/vector_estimator/vector_field/main_blocks.0/convnext.2/dwconv/Conv_intermediate' with ID 490, type 3
    38.1ms [  INFO ] [QNN_CPU] Adding tensor '/vector_estimator/vector_field/main_blocks.0/convnext.2/dwconv/Conv_intermediate.nchw_perm' with ID 491, type 4
    38.1ms [  INFO ] [QNN_CPU] Adding tensor '/vector_estimator/vector_field/main_blocks.0/convnext.2/dwconv/Conv_intermediate.nchw' with ID 492, type 3
    38.2ms [  INFO ] [QNN_CPU] Adding tensor '/vector_estimator/vector_field/main_blocks.0/convnext.2/dwconv/Conv_output_0' with ID 493, type 3
    38.2ms [  INFO ] [QNN_CPU] Adding tensor '/vector_estimator/vector_field/main_blocks.0/convnext.2/dwconv/Conv_output_0.nfc_perm' with ID 494, type 4
    38.2ms [  INFO ] [QNN_CPU] Adding tensor '/vector_estimator/vector_field/main_blocks.0/convnext.2/dwconv/Conv_output_0.nfc' with ID 495, type 3
    38.2ms [  INFO ] [QNN_CPU] Adding tensor '/vector_estimator/vector_field/main_blocks.0/convnext.2/norm/Transpose_output_0' with ID 496, type 3
    38.2ms [  INFO ] [QNN_CPU] Adding tensor '/vector_estimator/vector_field/main_blocks.0/convnext.2/norm/norm/LayerNormalization_axes' with ID 497, type 4
    38.2ms [  INFO ] [QNN_CPU] Adding tensor 'vector_estimator.tts.ttl.vector_field.main_blocks.0.convnext.2.norm.norm.weight' with ID 498, type 4
    38.2ms [  INFO ] [QNN_CPU] Adding tensor 'vector_estimator.tts.ttl.vector_field.main_blocks.0.convnext.2.norm.norm.bias' with ID 499, type 4
    38.2ms [  INFO ] [QNN_CPU] Adding tensor '/vector_estimator/vector_field/main_blocks.0/convnext.2/norm/Transpose_1_output_0' with ID 500, type 3
    38.3ms [  INFO ] [QNN_CPU] Adding tensor '/vector_estimator/vector_field/main_blocks.0/convnext.2/norm/Transpose_1_output_0.ncf_perm' with ID 501, type 4
    38.3ms [  INFO ] [QNN_CPU] Adding tensor '/vector_estimator/vector_field/main_blocks.0/convnext.2/norm/Transpose_1_output_0.ncf' with ID 502, type 3
    38.3ms [  INFO ] [QNN_CPU] Adding tensor '/vector_estimator/vector_field/main_blocks.0/convnext.2/pwconv1/Conv_reshape_to_2d' with ID 503, type 3
    38.3ms [  INFO ] [QNN_CPU] Adding tensor '/vector_estimator/vector_field/main_blocks.0/convnext.2/pwconv1/Conv_reshape_to_2d.nhwc_perm' with ID 504, type 4
    38.3ms [  INFO ] [QNN_CPU] Adding tensor '/vector_estimator/vector_field/main_blocks.0/convnext.2/pwconv1/Conv_reshape_to_2d.nhwc' with ID 505, type 3
    38.4ms [  INFO ] [QNN_CPU] Adding tensor '/vector_estimator/vector_field/main_blocks.0/convnext.2/pwconv1/Conv_2d_dilation' with ID 506, type 4
    38.4ms [  INFO ] [QNN_CPU] Adding tensor '/vector_estimator/vector_field/main_blocks.0/convnext.2/pwconv1/Conv_2d_pad_amount' with ID 507, type 4
    38.4ms [  INFO ] [QNN_CPU] Adding tensor '/vector_estimator/vector_field/main_blocks.0/convnext.2/pwconv1/Conv_2d_stride' with ID 508, type 4
    39.3ms [  INFO ] [QNN_CPU] Adding tensor 'vector_estimator.tts.ttl.vector_field.main_blocks.0.convnext.2.pwconv1.weight' with ID 509, type 4
    39.3ms [  INFO ] [QNN_CPU] Adding tensor 'vector_estimator.tts.ttl.vector_field.main_blocks.0.convnext.2.pwconv1.bias' with ID 510, type 4
    39.3ms [  INFO ] [QNN_CPU] Adding tensor '/vector_estimator/vector_field/main_blocks.0/convnext.2/pwconv1/Conv_intermediate' with ID 511, type 3
    39.3ms [  INFO ] [QNN_CPU] Adding tensor '/vector_estimator/vector_field/main_blocks.0/convnext.2/pwconv1/Conv_intermediate.nchw_perm' with ID 512, type 4
    39.3ms [  INFO ] [QNN_CPU] Adding tensor '/vector_estimator/vector_field/main_blocks.0/convnext.2/pwconv1/Conv_intermediate.nchw' with ID 513, type 3
    39.4ms [  INFO ] [QNN_CPU] Adding tensor '/vector_estimator/vector_field/main_blocks.0/convnext.2/pwconv1/Conv_output_0' with ID 514, type 3
    39.4ms [  INFO ] [QNN_CPU] Adding tensor '/vector_estimator/vector_field/main_blocks.0/convnext.2/act/Mul_1_output_0' with ID 515, type 3
    39.4ms [  INFO ] [QNN_CPU] Adding tensor '/vector_estimator/vector_field/main_blocks.0/convnext.2/pwconv2/Conv_reshape_to_2d' with ID 516, type 3
    39.4ms [  INFO ] [QNN_CPU] Adding tensor '/vector_estimator/vector_field/main_blocks.0/convnext.2/pwconv2/Conv_reshape_to_2d.nhwc_perm' with ID 517, type 4
    39.4ms [  INFO ] [QNN_CPU] Adding tensor '/vector_estimator/vector_field/main_blocks.0/convnext.2/pwconv2/Conv_reshape_to_2d.nhwc' with ID 518, type 3
    39.5ms [  INFO ] [QNN_CPU] Adding tensor '/vector_estimator/vector_field/main_blocks.0/convnext.2/pwconv2/Conv_2d_dilation' with ID 519, type 4
    39.5ms [  INFO ] [QNN_CPU] Adding tensor '/vector_estimator/vector_field/main_blocks.0/convnext.2/pwconv2/Conv_2d_pad_amount' with ID 520, type 4
    39.5ms [  INFO ] [QNN_CPU] Adding tensor '/vector_estimator/vector_field/main_blocks.0/convnext.2/pwconv2/Conv_2d_stride' with ID 521, type 4
    40.4ms [  INFO ] [QNN_CPU] Adding tensor 'vector_estimator.tts.ttl.vector_field.main_blocks.0.convnext.2.pwconv2.weight' with ID 522, type 4
    40.4ms [  INFO ] [QNN_CPU] Adding tensor 'vector_estimator.tts.ttl.vector_field.main_blocks.0.convnext.2.pwconv2.bias' with ID 523, type 4
    40.4ms [  INFO ] [QNN_CPU] Adding tensor '/vector_estimator/vector_field/main_blocks.0/convnext.2/pwconv2/Conv_intermediate' with ID 524, type 3
    40.4ms [  INFO ] [QNN_CPU] Adding tensor '/vector_estimator/vector_field/main_blocks.0/convnext.2/pwconv2/Conv_intermediate.nchw_perm' with ID 525, type 4
    40.4ms [  INFO ] [QNN_CPU] Adding tensor '/vector_estimator/vector_field/main_blocks.0/convnext.2/pwconv2/Conv_intermediate.nchw' with ID 526, type 3
    40.5ms [  INFO ] [QNN_CPU] Adding tensor '/vector_estimator/vector_field/main_blocks.0/convnext.2/pwconv2/Conv_output_0' with ID 527, type 3
    40.5ms [  INFO ] [QNN_CPU] Adding tensor '/vector_estimator/vector_field/main_blocks.0/convnext.2/pwconv2/Conv_output_0.nfc_perm' with ID 528, type 4
    40.5ms [  INFO ] [QNN_CPU] Adding tensor '/vector_estimator/vector_field/main_blocks.0/convnext.2/pwconv2/Conv_output_0.nfc' with ID 529, type 3
    40.5ms [  INFO ] [QNN_CPU] Adding tensor 'vector_estimator.tts.ttl.vector_field.main_blocks.0.convnext.2.gamma' with ID 530, type 4
    40.6ms [  INFO ] [QNN_CPU] Adding tensor '/vector_estimator/vector_field/main_blocks.0/convnext.2/Mul_2_output_0' with ID 531, type 3
    40.6ms [  INFO ] [QNN_CPU] Adding tensor '/vector_estimator/vector_field/main_blocks.0/convnext.2/Add_output_0' with ID 532, type 3
    40.6ms [  INFO ] [QNN_CPU] Adding tensor '/vector_estimator/vector_field/main_blocks.0/convnext.2/Mul_3_output_0' with ID 533, type 3
    40.6ms [  INFO ] [QNN_CPU] Adding tensor '/vector_estimator/vector_field/main_blocks.0/convnext.3/Mul_output_0' with ID 534, type 3
    40.7ms [  INFO ] [QNN_CPU] Adding tensor '/vector_estimator/vector_field/main_blocks.0/convnext.3/dwconv/Pad_pad_amount' with ID 535, type 4
    40.7ms [  INFO ] [QNN_CPU] Adding tensor '/vector_estimator/vector_field/main_blocks.0/convnext.3/dwconv/Pad_output_0' with ID 536, type 3
    40.7ms [  INFO ] [QNN_CPU] Adding tensor '/vector_estimator/vector_field/main_blocks.0/convnext.3/dwconv/Pad_output_0.ncf_perm' with ID 537, type 4
    40.7ms [  INFO ] [QNN_CPU] Adding tensor '/vector_estimator/vector_field/main_blocks.0/convnext.3/dwconv/Pad_output_0.ncf' with ID 538, type 3
    40.7ms [  INFO ] [QNN_CPU] Adding tensor '/vector_estimator/vector_field/main_blocks.0/convnext.3/dwconv/Conv_reshape_to_2d' with ID 539, type 3
    40.8ms [  INFO ] [QNN_CPU] Adding tensor '/vector_estimator/vector_field/main_blocks.0/convnext.3/dwconv/Conv_reshape_to_2d.nhwc_perm' with ID 540, type 4
    40.8ms [  INFO ] [QNN_CPU] Adding tensor '/vector_estimator/vector_field/main_blocks.0/convnext.3/dwconv/Conv_reshape_to_2d.nhwc' with ID 541, type 3
    40.8ms [  INFO ] [QNN_CPU] Adding tensor '/vector_estimator/vector_field/main_blocks.0/convnext.3/dwconv/Conv_2d_dilation' with ID 542, type 4
    40.8ms [  INFO ] [QNN_CPU] Adding tensor '/vector_estimator/vector_field/main_blocks.0/convnext.3/dwconv/Conv_2d_pad_amount' with ID 543, type 4
    40.8ms [  INFO ] [QNN_CPU] Adding tensor '/vector_estimator/vector_field/main_blocks.0/convnext.3/dwconv/Conv_2d_stride' with ID 544, type 4
    40.8ms [  INFO ] [QNN_CPU] Adding tensor 'vector_estimator.tts.ttl.vector_field.main_blocks.0.convnext.3.dwconv.weight' with ID 545, type 4
    40.8ms [  INFO ] [QNN_CPU] Adding tensor 'vector_estimator.tts.ttl.vector_field.main_blocks.0.convnext.3.dwconv.bias' with ID 546, type 4
    40.8ms [  INFO ] [QNN_CPU] Adding tensor '/vector_estimator/vector_field/main_blocks.0/convnext.3/dwconv/Conv_intermediate' with ID 547, type 3
    40.8ms [  INFO ] [QNN_CPU] Adding tensor '/vector_estimator/vector_field/main_blocks.0/convnext.3/dwconv/Conv_intermediate.nchw_perm' with ID 548, type 4
    40.9ms [  INFO ] [QNN_CPU] Adding tensor '/vector_estimator/vector_field/main_blocks.0/convnext.3/dwconv/Conv_intermediate.nchw' with ID 549, type 3
    40.9ms [  INFO ] [QNN_CPU] Adding tensor '/vector_estimator/vector_field/main_blocks.0/convnext.3/dwconv/Conv_output_0' with ID 550, type 3
    40.9ms [  INFO ] [QNN_CPU] Adding tensor '/vector_estimator/vector_field/main_blocks.0/convnext.3/dwconv/Conv_output_0.nfc_perm' with ID 551, type 4
    40.9ms [  INFO ] [QNN_CPU] Adding tensor '/vector_estimator/vector_field/main_blocks.0/convnext.3/dwconv/Conv_output_0.nfc' with ID 552, type 3
    41.0ms [  INFO ] [QNN_CPU] Adding tensor '/vector_estimator/vector_field/main_blocks.0/convnext.3/norm/Transpose_output_0' with ID 553, type 3
    41.0ms [  INFO ] [QNN_CPU] Adding tensor '/vector_estimator/vector_field/main_blocks.0/convnext.3/norm/norm/LayerNormalization_axes' with ID 554, type 4
    41.0ms [  INFO ] [QNN_CPU] Adding tensor 'vector_estimator.tts.ttl.vector_field.main_blocks.0.convnext.3.norm.norm.weight' with ID 555, type 4
    41.0ms [  INFO ] [QNN_CPU] Adding tensor 'vector_estimator.tts.ttl.vector_field.main_blocks.0.convnext.3.norm.norm.bias' with ID 556, type 4
    41.0ms [  INFO ] [QNN_CPU] Adding tensor '/vector_estimator/vector_field/main_blocks.0/convnext.3/norm/Transpose_1_output_0' with ID 557, type 3
    41.0ms [  INFO ] [QNN_CPU] Adding tensor '/vector_estimator/vector_field/main_blocks.0/convnext.3/norm/Transpose_1_output_0.ncf_perm' with ID 558, type 4
    41.0ms [  INFO ] [QNN_CPU] Adding tensor '/vector_estimator/vector_field/main_blocks.0/convnext.3/norm/Transpose_1_output_0.ncf' with ID 559, type 3
    41.0ms [  INFO ] [QNN_CPU] Adding tensor '/vector_estimator/vector_field/main_blocks.0/convnext.3/pwconv1/Conv_reshape_to_2d' with ID 560, type 3
    41.1ms [  INFO ] [QNN_CPU] Adding tensor '/vector_estimator/vector_field/main_blocks.0/convnext.3/pwconv1/Conv_reshape_to_2d.nhwc_perm' with ID 561, type 4
    41.1ms [  INFO ] [QNN_CPU] Adding tensor '/vector_estimator/vector_field/main_blocks.0/convnext.3/pwconv1/Conv_reshape_to_2d.nhwc' with ID 562, type 3
    41.1ms [  INFO ] [QNN_CPU] Adding tensor '/vector_estimator/vector_field/main_blocks.0/convnext.3/pwconv1/Conv_2d_dilation' with ID 563, type 4
    41.1ms [  INFO ] [QNN_CPU] Adding tensor '/vector_estimator/vector_field/main_blocks.0/convnext.3/pwconv1/Conv_2d_pad_amount' with ID 564, type 4
    41.1ms [  INFO ] [QNN_CPU] Adding tensor '/vector_estimator/vector_field/main_blocks.0/convnext.3/pwconv1/Conv_2d_stride' with ID 565, type 4
    42.0ms [  INFO ] [QNN_CPU] Adding tensor 'vector_estimator.tts.ttl.vector_field.main_blocks.0.convnext.3.pwconv1.weight' with ID 566, type 4
    42.0ms [  INFO ] [QNN_CPU] Adding tensor 'vector_estimator.tts.ttl.vector_field.main_blocks.0.convnext.3.pwconv1.bias' with ID 567, type 4
    42.0ms [  INFO ] [QNN_CPU] Adding tensor '/vector_estimator/vector_field/main_blocks.0/convnext.3/pwconv1/Conv_intermediate' with ID 568, type 3
    42.1ms [  INFO ] [QNN_CPU] Adding tensor '/vector_estimator/vector_field/main_blocks.0/convnext.3/pwconv1/Conv_intermediate.nchw_perm' with ID 569, type 4
    42.1ms [  INFO ] [QNN_CPU] Adding tensor '/vector_estimator/vector_field/main_blocks.0/convnext.3/pwconv1/Conv_intermediate.nchw' with ID 570, type 3
    42.1ms [  INFO ] [QNN_CPU] Adding tensor '/vector_estimator/vector_field/main_blocks.0/convnext.3/pwconv1/Conv_output_0' with ID 571, type 3
    42.1ms [  INFO ] [QNN_CPU] Adding tensor '/vector_estimator/vector_field/main_blocks.0/convnext.3/act/Mul_1_output_0' with ID 572, type 3
    42.1ms [  INFO ] [QNN_CPU] Adding tensor '/vector_estimator/vector_field/main_blocks.0/convnext.3/pwconv2/Conv_reshape_to_2d' with ID 573, type 3
    42.2ms [  INFO ] [QNN_CPU] Adding tensor '/vector_estimator/vector_field/main_blocks.0/convnext.3/pwconv2/Conv_reshape_to_2d.nhwc_perm' with ID 574, type 4
    42.2ms [  INFO ] [QNN_CPU] Adding tensor '/vector_estimator/vector_field/main_blocks.0/convnext.3/pwconv2/Conv_reshape_to_2d.nhwc' with ID 575, type 3
    42.2ms [  INFO ] [QNN_CPU] Adding tensor '/vector_estimator/vector_field/main_blocks.0/convnext.3/pwconv2/Conv_2d_dilation' with ID 576, type 4
    42.2ms [  INFO ] [QNN_CPU] Adding tensor '/vector_estimator/vector_field/main_blocks.0/convnext.3/pwconv2/Conv_2d_pad_amount' with ID 577, type 4
    42.2ms [  INFO ] [QNN_CPU] Adding tensor '/vector_estimator/vector_field/main_blocks.0/convnext.3/pwconv2/Conv_2d_stride' with ID 578, type 4
    43.1ms [  INFO ] [QNN_CPU] Adding tensor 'vector_estimator.tts.ttl.vector_field.main_blocks.0.convnext.3.pwconv2.weight' with ID 579, type 4
    43.1ms [  INFO ] [QNN_CPU] Adding tensor 'vector_estimator.tts.ttl.vector_field.main_blocks.0.convnext.3.pwconv2.bias' with ID 580, type 4
    43.1ms [  INFO ] [QNN_CPU] Adding tensor '/vector_estimator/vector_field/main_blocks.0/convnext.3/pwconv2/Conv_intermediate' with ID 581, type 3
    43.2ms [  INFO ] [QNN_CPU] Adding tensor '/vector_estimator/vector_field/main_blocks.0/convnext.3/pwconv2/Conv_intermediate.nchw_perm' with ID 582, type 4
    43.2ms [  INFO ] [QNN_CPU] Adding tensor '/vector_estimator/vector_field/main_blocks.0/convnext.3/pwconv2/Conv_intermediate.nchw' with ID 583, type 3
    43.2ms [  INFO ] [QNN_CPU] Adding tensor '/vector_estimator/vector_field/main_blocks.0/convnext.3/pwconv2/Conv_output_0' with ID 584, type 3
    43.2ms [  INFO ] [QNN_CPU] Adding tensor '/vector_estimator/vector_field/main_blocks.0/convnext.3/pwconv2/Conv_output_0.nfc_perm' with ID 585, type 4
    43.2ms [  INFO ] [QNN_CPU] Adding tensor '/vector_estimator/vector_field/main_blocks.0/convnext.3/pwconv2/Conv_output_0.nfc' with ID 586, type 3
    43.2ms [  INFO ] [QNN_CPU] Adding tensor 'vector_estimator.tts.ttl.vector_field.main_blocks.0.convnext.3.gamma' with ID 587, type 4
    43.2ms [  INFO ] [QNN_CPU] Adding tensor '/vector_estimator/vector_field/main_blocks.0/convnext.3/Mul_2_output_0' with ID 588, type 3
    43.3ms [  INFO ] [QNN_CPU] Adding tensor '/vector_estimator/vector_field/main_blocks.0/convnext.3/Add_output_0' with ID 589, type 3
    43.3ms [  INFO ] [QNN_CPU] Adding tensor '/vector_estimator/vector_field/main_blocks.0/convnext.3/Mul_3_output_0' with ID 590, type 3
    43.3ms [  INFO ] [QNN_CPU] Adding tensor '/vector_estimator/vector_field/main_blocks.0/convnext.3/Mul_3_output_0.ncf_perm' with ID 591, type 4
    43.3ms [  INFO ] [QNN_CPU] Adding tensor '/vector_estimator/vector_field/main_blocks.0/convnext.3/Mul_3_output_0.ncf' with ID 592, type 3
    43.3ms [  INFO ] [QNN_CPU] Adding tensor '/vector_estimator/vector_field/main_blocks.1/Add_output_0' with ID 593, type 3
    43.4ms [  INFO ] [QNN_CPU] Adding tensor '/vector_estimator/vector_field/main_blocks.1/Add_output_0.nfc_perm' with ID 594, type 4
    43.4ms [  INFO ] [QNN_CPU] Adding tensor '/vector_estimator/vector_field/main_blocks.1/Add_output_0.nfc' with ID 595, type 3
    43.4ms [  INFO ] [QNN_CPU] Adding tensor '/vector_estimator/vector_field/main_blocks.1/Mul_output_0' with ID 596, type 3
    43.4ms [  INFO ] [QNN_CPU] Adding tensor '/vector_estimator/vector_field/main_blocks.2/convnext.0/Mul_output_0' with ID 597, type 3
    43.4ms [  INFO ] [QNN_CPU] Adding tensor '/vector_estimator/vector_field/main_blocks.2/convnext.0/dwconv/Pad_pad_amount' with ID 598, type 4
    43.4ms [  INFO ] [QNN_CPU] Adding tensor '/vector_estimator/vector_field/main_blocks.2/convnext.0/dwconv/Pad_output_0' with ID 599, type 3
    43.5ms [  INFO ] [QNN_CPU] Adding tensor '/vector_estimator/vector_field/main_blocks.2/convnext.0/dwconv/Pad_output_0.ncf_perm' with ID 600, type 4
    43.5ms [  INFO ] [QNN_CPU] Adding tensor '/vector_estimator/vector_field/main_blocks.2/convnext.0/dwconv/Pad_output_0.ncf' with ID 601, type 3
    43.5ms [  INFO ] [QNN_CPU] Adding tensor '/vector_estimator/vector_field/main_blocks.2/convnext.0/dwconv/Conv_reshape_to_2d' with ID 602, type 3
    43.5ms [  INFO ] [QNN_CPU] Adding tensor '/vector_estimator/vector_field/main_blocks.2/convnext.0/dwconv/Conv_reshape_to_2d.nhwc_perm' with ID 603, type 4
    43.5ms [  INFO ] [QNN_CPU] Adding tensor '/vector_estimator/vector_field/main_blocks.2/convnext.0/dwconv/Conv_reshape_to_2d.nhwc' with ID 604, type 3
    43.5ms [  INFO ] [QNN_CPU] Adding tensor '/vector_estimator/vector_field/main_blocks.2/convnext.0/dwconv/Conv_2d_dilation' with ID 605, type 4
    43.6ms [  INFO ] [QNN_CPU] Adding tensor '/vector_estimator/vector_field/main_blocks.2/convnext.0/dwconv/Conv_2d_pad_amount' with ID 606, type 4
    43.6ms [  INFO ] [QNN_CPU] Adding tensor '/vector_estimator/vector_field/main_blocks.2/convnext.0/dwconv/Conv_2d_stride' with ID 607, type 4
    43.6ms [  INFO ] [QNN_CPU] Adding tensor 'vector_estimator.tts.ttl.vector_field.main_blocks.2.convnext.0.dwconv.weight' with ID 608, type 4
    43.6ms [  INFO ] [QNN_CPU] Adding tensor 'vector_estimator.tts.ttl.vector_field.main_blocks.2.convnext.0.dwconv.bias' with ID 609, type 4
    43.6ms [  INFO ] [QNN_CPU] Adding tensor '/vector_estimator/vector_field/main_blocks.2/convnext.0/dwconv/Conv_intermediate' with ID 610, type 3
    43.6ms [  INFO ] [QNN_CPU] Adding tensor '/vector_estimator/vector_field/main_blocks.2/convnext.0/dwconv/Conv_intermediate.nchw_perm' with ID 611, type 4
    43.6ms [  INFO ] [QNN_CPU] Adding tensor '/vector_estimator/vector_field/main_blocks.2/convnext.0/dwconv/Conv_intermediate.nchw' with ID 612, type 3
    43.6ms [  INFO ] [QNN_CPU] Adding tensor '/vector_estimator/vector_field/main_blocks.2/convnext.0/dwconv/Conv_output_0' with ID 613, type 3
    43.7ms [  INFO ] [QNN_CPU] Adding tensor '/vector_estimator/vector_field/main_blocks.2/convnext.0/dwconv/Conv_output_0.nfc_perm' with ID 614, type 4
    43.7ms [  INFO ] [QNN_CPU] Adding tensor '/vector_estimator/vector_field/main_blocks.2/convnext.0/dwconv/Conv_output_0.nfc' with ID 615, type 3
    43.7ms [  INFO ] [QNN_CPU] Adding tensor '/vector_estimator/vector_field/main_blocks.2/convnext.0/norm/Transpose_output_0' with ID 616, type 3
    43.7ms [  INFO ] [QNN_CPU] Adding tensor '/vector_estimator/vector_field/main_blocks.2/convnext.0/norm/norm/LayerNormalization_axes' with ID 617, type 4
    43.7ms [  INFO ] [QNN_CPU] Adding tensor 'vector_estimator.tts.ttl.vector_field.main_blocks.2.convnext.0.norm.norm.weight' with ID 618, type 4
    43.7ms [  INFO ] [QNN_CPU] Adding tensor 'vector_estimator.tts.ttl.vector_field.main_blocks.2.convnext.0.norm.norm.bias' with ID 619, type 4
    43.7ms [  INFO ] [QNN_CPU] Adding tensor '/vector_estimator/vector_field/main_blocks.2/convnext.0/norm/Transpose_1_output_0' with ID 620, type 3
    43.7ms [  INFO ] [QNN_CPU] Adding tensor '/vector_estimator/vector_field/main_blocks.2/convnext.0/norm/Transpose_1_output_0.ncf_perm' with ID 621, type 4
    43.8ms [  INFO ] [QNN_CPU] Adding tensor '/vector_estimator/vector_field/main_blocks.2/convnext.0/norm/Transpose_1_output_0.ncf' with ID 622, type 3
    43.8ms [  INFO ] [QNN_CPU] Adding tensor '/vector_estimator/vector_field/main_blocks.2/convnext.0/pwconv1/Conv_reshape_to_2d' with ID 623, type 3
    43.8ms [  INFO ] [QNN_CPU] Adding tensor '/vector_estimator/vector_field/main_blocks.2/convnext.0/pwconv1/Conv_reshape_to_2d.nhwc_perm' with ID 624, type 4
    43.8ms [  INFO ] [QNN_CPU] Adding tensor '/vector_estimator/vector_field/main_blocks.2/convnext.0/pwconv1/Conv_reshape_to_2d.nhwc' with ID 625, type 3
    43.8ms [  INFO ] [QNN_CPU] Adding tensor '/vector_estimator/vector_field/main_blocks.2/convnext.0/pwconv1/Conv_2d_dilation' with ID 626, type 4
    43.8ms [  INFO ] [QNN_CPU] Adding tensor '/vector_estimator/vector_field/main_blocks.2/convnext.0/pwconv1/Conv_2d_pad_amount' with ID 627, type 4
    43.8ms [  INFO ] [QNN_CPU] Adding tensor '/vector_estimator/vector_field/main_blocks.2/convnext.0/pwconv1/Conv_2d_stride' with ID 628, type 4
    44.7ms [  INFO ] [QNN_CPU] Adding tensor 'vector_estimator.tts.ttl.vector_field.main_blocks.2.convnext.0.pwconv1.weight' with ID 629, type 4
    44.7ms [  INFO ] [QNN_CPU] Adding tensor 'vector_estimator.tts.ttl.vector_field.main_blocks.2.convnext.0.pwconv1.bias' with ID 630, type 4
    44.7ms [  INFO ] [QNN_CPU] Adding tensor '/vector_estimator/vector_field/main_blocks.2/convnext.0/pwconv1/Conv_intermediate' with ID 631, type 3
    44.8ms [  INFO ] [QNN_CPU] Adding tensor '/vector_estimator/vector_field/main_blocks.2/convnext.0/pwconv1/Conv_intermediate.nchw_perm' with ID 632, type 4
    44.8ms [  INFO ] [QNN_CPU] Adding tensor '/vector_estimator/vector_field/main_blocks.2/convnext.0/pwconv1/Conv_intermediate.nchw' with ID 633, type 3
    44.8ms [  INFO ] [QNN_CPU] Adding tensor '/vector_estimator/vector_field/main_blocks.2/convnext.0/pwconv1/Conv_output_0' with ID 634, type 3
    44.8ms [  INFO ] [QNN_CPU] Adding tensor '/vector_estimator/vector_field/main_blocks.2/convnext.0/act/Mul_1_output_0' with ID 635, type 3
    44.9ms [  INFO ] [QNN_CPU] Adding tensor '/vector_estimator/vector_field/main_blocks.2/convnext.0/pwconv2/Conv_reshape_to_2d' with ID 636, type 3
    44.9ms [  INFO ] [QNN_CPU] Adding tensor '/vector_estimator/vector_field/main_blocks.2/convnext.0/pwconv2/Conv_reshape_to_2d.nhwc_perm' with ID 637, type 4
    44.9ms [  INFO ] [QNN_CPU] Adding tensor '/vector_estimator/vector_field/main_blocks.2/convnext.0/pwconv2/Conv_reshape_to_2d.nhwc' with ID 638, type 3
    44.9ms [  INFO ] [QNN_CPU] Adding tensor '/vector_estimator/vector_field/main_blocks.2/convnext.0/pwconv2/Conv_2d_dilation' with ID 639, type 4
    44.9ms [  INFO ] [QNN_CPU] Adding tensor '/vector_estimator/vector_field/main_blocks.2/convnext.0/pwconv2/Conv_2d_pad_amount' with ID 640, type 4
    44.9ms [  INFO ] [QNN_CPU] Adding tensor '/vector_estimator/vector_field/main_blocks.2/convnext.0/pwconv2/Conv_2d_stride' with ID 641, type 4
    45.9ms [  INFO ] [QNN_CPU] Adding tensor 'vector_estimator.tts.ttl.vector_field.main_blocks.2.convnext.0.pwconv2.weight' with ID 642, type 4
    45.9ms [  INFO ] [QNN_CPU] Adding tensor 'vector_estimator.tts.ttl.vector_field.main_blocks.2.convnext.0.pwconv2.bias' with ID 643, type 4
    45.9ms [  INFO ] [QNN_CPU] Adding tensor '/vector_estimator/vector_field/main_blocks.2/convnext.0/pwconv2/Conv_intermediate' with ID 644, type 3
    45.9ms [  INFO ] [QNN_CPU] Adding tensor '/vector_estimator/vector_field/main_blocks.2/convnext.0/pwconv2/Conv_intermediate.nchw_perm' with ID 645, type 4
    45.9ms [  INFO ] [QNN_CPU] Adding tensor '/vector_estimator/vector_field/main_blocks.2/convnext.0/pwconv2/Conv_intermediate.nchw' with ID 646, type 3
    45.9ms [  INFO ] [QNN_CPU] Adding tensor '/vector_estimator/vector_field/main_blocks.2/convnext.0/pwconv2/Conv_output_0' with ID 647, type 3
    46.0ms [  INFO ] [QNN_CPU] Adding tensor '/vector_estimator/vector_field/main_blocks.2/convnext.0/pwconv2/Conv_output_0.nfc_perm' with ID 648, type 4
    46.0ms [  INFO ] [QNN_CPU] Adding tensor '/vector_estimator/vector_field/main_blocks.2/convnext.0/pwconv2/Conv_output_0.nfc' with ID 649, type 3
    46.0ms [  INFO ] [QNN_CPU] Adding tensor 'vector_estimator.tts.ttl.vector_field.main_blocks.2.convnext.0.gamma' with ID 650, type 4
    46.0ms [  INFO ] [QNN_CPU] Adding tensor '/vector_estimator/vector_field/main_blocks.2/convnext.0/Mul_2_output_0' with ID 651, type 3
    46.0ms [  INFO ] [QNN_CPU] Adding tensor '/vector_estimator/vector_field/main_blocks.2/convnext.0/Add_output_0' with ID 652, type 3
    46.1ms [  INFO ] [QNN_CPU] Adding tensor '/vector_estimator/vector_field/main_blocks.2/convnext.0/Mul_3_output_0' with ID 653, type 3
    46.1ms [  INFO ] [QNN_CPU] Adding tensor '/vector_estimator/vector_field/main_blocks.3/Transpose_output_0' with ID 654, type 3
    46.1ms [  INFO ] [QNN_CPU] Adding tensor '/vector_estimator/vector_field/main_blocks.3/attn/W_query/linear/MatMul_pre_reshape' with ID 655, type 3
    46.4ms [  INFO ] [QNN_CPU] Adding tensor 'onnx::MatMul_3390' with ID 656, type 4
    46.4ms [  INFO ] [QNN_CPU] Adding tensor 'vector_estimator.tts.ttl.vector_field.main_blocks.3.attn.W_query.linear.bias' with ID 657, type 4
    46.4ms [  INFO ] [QNN_CPU] Adding tensor '/vector_estimator/vector_field/main_blocks.3/attn/W_query/linear/Add_output_0_fc' with ID 658, type 3
    46.4ms [  INFO ] [QNN_CPU] Adding tensor '/vector_estimator/vector_field/main_blocks.3/attn/Split/webgpu_reshape' with ID 659, type 3
    46.4ms [  INFO ] [QNN_CPU] Adding tensor '/vector_estimator/vector_field/main_blocks.3/attn/Split/webgpu_transpose_heads_perm' with ID 660, type 4
    46.4ms [  INFO ] [QNN_CPU] Adding tensor '/vector_estimator/vector_field/main_blocks.3/attn/Concat_output_0' with ID 661, type 3
    46.5ms [  INFO ] [QNN_CPU] Adding tensor '/vector_estimator/vector_field/main_blocks.3/attn/Slice_1_ranges' with ID 662, type 4
    46.5ms [  INFO ] [QNN_CPU] Adding tensor '/vector_estimator/vector_field/main_blocks.3/attn/Slice_1_output_0' with ID 663, type 3
    46.5ms [  INFO ] [QNN_CPU] Adding tensor '/vector_estimator/vector_field/main_blocks.3/attn/Slice_2_ranges' with ID 667, type 4
    46.5ms [  INFO ] [QNN_CPU] Adding tensor '/vector_estimator/vector_field/main_blocks.3/attn/Slice_2_output_0' with ID 668, type 3
    46.6ms [  INFO ] [QNN_CPU] Adding tensor '/vector_estimator/vector_field/main_blocks.3/attn/Mul_3_output_0' with ID 672, type 3
    46.6ms [  INFO ] [QNN_CPU] Adding tensor '/vector_estimator/vector_field/main_blocks.3/attn/Mul_4_output_0' with ID 673, type 3
    46.6ms [  INFO ] [QNN_CPU] Adding tensor '/vector_estimator/vector_field/main_blocks.3/attn/Mul_5_output_0' with ID 674, type 3
    46.6ms [  INFO ] [QNN_CPU] Adding tensor '/vector_estimator/vector_field/main_blocks.3/attn/Mul_6_output_0' with ID 675, type 3
    46.7ms [  INFO ] [QNN_CPU] Adding tensor '/vector_estimator/vector_field/main_blocks.3/attn/Sub_output_0' with ID 676, type 3
    46.7ms [  INFO ] [QNN_CPU] Adding tensor '/vector_estimator/vector_field/main_blocks.3/attn/Add_1_output_0' with ID 677, type 3
    46.7ms [  INFO ] [QNN_CPU] Adding tensor '/vector_estimator/vector_field/main_blocks.3/attn/Concat_3_output_0' with ID 678, type 3
    46.7ms [  INFO ] [QNN_CPU] Adding tensor '/vector_estimator/vector_field/main_blocks.3/attn/MatMul_output_0' with ID 679, type 3
    47.1ms [  INFO ] [QNN_CPU] Adding tensor '/vector_estimator/vector_field/main_blocks.3/attn/Constant_51_output_0' with ID 680, type 4
    47.1ms [  INFO ] [QNN_CPU] Adding tensor '/vector_estimator/vector_field/main_blocks.3/attn/Div_4_output_0' with ID 681, type 3
    47.2ms [  INFO ] [QNN_CPU] Adding tensor '/vector_estimator/vector_field/main_blocks.3/attn/Constant_54_output_0' with ID 682, type 4
    47.2ms [  INFO ] [QNN_CPU] Adding tensor '/vector_estimator/vector_field/main_blocks.3/attn/Where_output_0' with ID 683, type 3
    47.5ms [  INFO ] [QNN_CPU] Adding tensor '/vector_estimator/vector_field/main_blocks.3/attn/Softmax_output_0' with ID 684, type 3
    47.6ms [  INFO ] [QNN_CPU] Adding tensor '/vector_estimator/vector_field/main_blocks.3/attn/Where_1_output_0' with ID 685, type 3
    47.6ms [  INFO ] [QNN_CPU] Adding tensor '/vector_estimator/vector_field/main_blocks.3/attn/MatMul_1_output_0' with ID 686, type 3
    47.7ms [  INFO ] [QNN_CPU] Adding tensor '/vector_estimator/vector_field/main_blocks.3/attn/Split_3/webgpu_transpose_merge_perm' with ID 687, type 4
    47.7ms [  INFO ] [QNN_CPU] Adding tensor '/vector_estimator/vector_field/main_blocks.3/attn/Split_3/webgpu_transpose' with ID 688, type 3
    47.7ms [  INFO ] [QNN_CPU] Adding tensor '/vector_estimator/vector_field/main_blocks.3/attn/out_fc/linear/MatMul_pre_reshape' with ID 689, type 3
    48.0ms [  INFO ] [QNN_CPU] Adding tensor 'onnx::MatMul_3399' with ID 690, type 4
    48.0ms [  INFO ] [QNN_CPU] Adding tensor 'vector_estimator.tts.ttl.vector_field.main_blocks.3.attn.out_fc.linear.bias' with ID 691, type 4
    48.0ms [  INFO ] [QNN_CPU] Adding tensor '/vector_estimator/vector_field/main_blocks.3/attn/out_fc/linear/Add_output_0_fc' with ID 692, type 3
    48.0ms [  INFO ] [QNN_CPU] Adding tensor '/vector_estimator/vector_field/main_blocks.3/attn/out_fc/linear/Add_output_0' with ID 693, type 3
    48.0ms [  INFO ] [QNN_CPU] Adding tensor '/vector_estimator/vector_field/main_blocks.3/Transpose_4_output_0' with ID 694, type 3
    48.1ms [  INFO ] [QNN_CPU] Adding tensor '/vector_estimator/vector_field/main_blocks.3/norm/Transpose_output_0' with ID 695, type 3
    48.1ms [  INFO ] [QNN_CPU] Adding tensor '/vector_estimator/vector_field/main_blocks.3/norm/norm/LayerNormalization_axes' with ID 696, type 4
    48.1ms [  INFO ] [QNN_CPU] Adding tensor 'vector_estimator.tts.ttl.vector_field.main_blocks.3.norm.norm.weight' with ID 697, type 4
    48.1ms [  INFO ] [QNN_CPU] Adding tensor 'vector_estimator.tts.ttl.vector_field.main_blocks.3.norm.norm.bias' with ID 698, type 4
    48.1ms [  INFO ] [QNN_CPU] Adding tensor '/vector_estimator/vector_field/main_blocks.3/norm/Transpose_1_output_0' with ID 699, type 3
    48.1ms [  INFO ] [QNN_CPU] Adding tensor '/vector_estimator/vector_field/main_blocks.3/Mul_1_output_0' with ID 700, type 3
    48.2ms [  INFO ] [QNN_CPU] Adding tensor '/vector_estimator/vector_field/main_blocks.4/convnext.0/Mul_output_0' with ID 701, type 3
    48.2ms [  INFO ] [QNN_CPU] Adding tensor '/vector_estimator/vector_field/main_blocks.4/convnext.0/dwconv/Pad_pad_amount' with ID 702, type 4
    48.2ms [  INFO ] [QNN_CPU] Adding tensor '/vector_estimator/vector_field/main_blocks.4/convnext.0/dwconv/Pad_output_0' with ID 703, type 3
    48.2ms [  INFO ] [QNN_CPU] Adding tensor '/vector_estimator/vector_field/main_blocks.4/convnext.0/dwconv/Pad_output_0.ncf_perm' with ID 704, type 4
    48.2ms [  INFO ] [QNN_CPU] Adding tensor '/vector_estimator/vector_field/main_blocks.4/convnext.0/dwconv/Pad_output_0.ncf' with ID 705, type 3
    48.3ms [  INFO ] [QNN_CPU] Adding tensor '/vector_estimator/vector_field/main_blocks.4/convnext.0/dwconv/Conv_reshape_to_2d' with ID 706, type 3
    48.3ms [  INFO ] [QNN_CPU] Adding tensor '/vector_estimator/vector_field/main_blocks.4/convnext.0/dwconv/Conv_reshape_to_2d.nhwc_perm' with ID 707, type 4
    48.3ms [  INFO ] [QNN_CPU] Adding tensor '/vector_estimator/vector_field/main_blocks.4/convnext.0/dwconv/Conv_reshape_to_2d.nhwc' with ID 708, type 3
    48.3ms [  INFO ] [QNN_CPU] Adding tensor '/vector_estimator/vector_field/main_blocks.4/convnext.0/dwconv/Conv_2d_dilation' with ID 709, type 4
    48.3ms [  INFO ] [QNN_CPU] Adding tensor '/vector_estimator/vector_field/main_blocks.4/convnext.0/dwconv/Conv_2d_pad_amount' with ID 710, type 4
    48.3ms [  INFO ] [QNN_CPU] Adding tensor '/vector_estimator/vector_field/main_blocks.4/convnext.0/dwconv/Conv_2d_stride' with ID 711, type 4
    48.3ms [  INFO ] [QNN_CPU] Adding tensor 'vector_estimator.tts.ttl.vector_field.main_blocks.4.convnext.0.dwconv.weight' with ID 712, type 4
    48.3ms [  INFO ] [QNN_CPU] Adding tensor 'vector_estimator.tts.ttl.vector_field.main_blocks.4.convnext.0.dwconv.bias' with ID 713, type 4
    48.3ms [  INFO ] [QNN_CPU] Adding tensor '/vector_estimator/vector_field/main_blocks.4/convnext.0/dwconv/Conv_intermediate' with ID 714, type 3
    48.4ms [  INFO ] [QNN_CPU] Adding tensor '/vector_estimator/vector_field/main_blocks.4/convnext.0/dwconv/Conv_intermediate.nchw_perm' with ID 715, type 4
    48.4ms [  INFO ] [QNN_CPU] Adding tensor '/vector_estimator/vector_field/main_blocks.4/convnext.0/dwconv/Conv_intermediate.nchw' with ID 716, type 3
    48.4ms [  INFO ] [QNN_CPU] Adding tensor '/vector_estimator/vector_field/main_blocks.4/convnext.0/dwconv/Conv_output_0' with ID 717, type 3
    48.4ms [  INFO ] [QNN_CPU] Adding tensor '/vector_estimator/vector_field/main_blocks.4/convnext.0/dwconv/Conv_output_0.nfc_perm' with ID 718, type 4
    48.4ms [  INFO ] [QNN_CPU] Adding tensor '/vector_estimator/vector_field/main_blocks.4/convnext.0/dwconv/Conv_output_0.nfc' with ID 719, type 3
    48.4ms [  INFO ] [QNN_CPU] Adding tensor '/vector_estimator/vector_field/main_blocks.4/convnext.0/norm/Transpose_output_0' with ID 720, type 3
    48.5ms [  INFO ] [QNN_CPU] Adding tensor '/vector_estimator/vector_field/main_blocks.4/convnext.0/norm/norm/LayerNormalization_axes' with ID 721, type 4
    48.5ms [  INFO ] [QNN_CPU] Adding tensor 'vector_estimator.tts.ttl.vector_field.main_blocks.4.convnext.0.norm.norm.weight' with ID 722, type 4
    48.5ms [  INFO ] [QNN_CPU] Adding tensor 'vector_estimator.tts.ttl.vector_field.main_blocks.4.convnext.0.norm.norm.bias' with ID 723, type 4
    48.5ms [  INFO ] [QNN_CPU] Adding tensor '/vector_estimator/vector_field/main_blocks.4/convnext.0/norm/Transpose_1_output_0' with ID 724, type 3
    48.5ms [  INFO ] [QNN_CPU] Adding tensor '/vector_estimator/vector_field/main_blocks.4/convnext.0/norm/Transpose_1_output_0.ncf_perm' with ID 725, type 4
    48.5ms [  INFO ] [QNN_CPU] Adding tensor '/vector_estimator/vector_field/main_blocks.4/convnext.0/norm/Transpose_1_output_0.ncf' with ID 726, type 3
    48.5ms [  INFO ] [QNN_CPU] Adding tensor '/vector_estimator/vector_field/main_blocks.4/convnext.0/pwconv1/Conv_reshape_to_2d' with ID 727, type 3
    48.5ms [  INFO ] [QNN_CPU] Adding tensor '/vector_estimator/vector_field/main_blocks.4/convnext.0/pwconv1/Conv_reshape_to_2d.nhwc_perm' with ID 728, type 4
    48.5ms [  INFO ] [QNN_CPU] Adding tensor '/vector_estimator/vector_field/main_blocks.4/convnext.0/pwconv1/Conv_reshape_to_2d.nhwc' with ID 729, type 3
    48.6ms [  INFO ] [QNN_CPU] Adding tensor '/vector_estimator/vector_field/main_blocks.4/convnext.0/pwconv1/Conv_2d_dilation' with ID 730, type 4
    48.6ms [  INFO ] [QNN_CPU] Adding tensor '/vector_estimator/vector_field/main_blocks.4/convnext.0/pwconv1/Conv_2d_pad_amount' with ID 731, type 4
    48.6ms [  INFO ] [QNN_CPU] Adding tensor '/vector_estimator/vector_field/main_blocks.4/convnext.0/pwconv1/Conv_2d_stride' with ID 732, type 4
    49.5ms [  INFO ] [QNN_CPU] Adding tensor 'vector_estimator.tts.ttl.vector_field.main_blocks.4.convnext.0.pwconv1.weight' with ID 733, type 4
    49.5ms [  INFO ] [QNN_CPU] Adding tensor 'vector_estimator.tts.ttl.vector_field.main_blocks.4.convnext.0.pwconv1.bias' with ID 734, type 4
    49.5ms [  INFO ] [QNN_CPU] Adding tensor '/vector_estimator/vector_field/main_blocks.4/convnext.0/pwconv1/Conv_intermediate' with ID 735, type 3
    49.6ms [  INFO ] [QNN_CPU] Adding tensor '/vector_estimator/vector_field/main_blocks.4/convnext.0/pwconv1/Conv_intermediate.nchw_perm' with ID 736, type 4
    49.6ms [  INFO ] [QNN_CPU] Adding tensor '/vector_estimator/vector_field/main_blocks.4/convnext.0/pwconv1/Conv_intermediate.nchw' with ID 737, type 3
    49.6ms [  INFO ] [QNN_CPU] Adding tensor '/vector_estimator/vector_field/main_blocks.4/convnext.0/pwconv1/Conv_output_0' with ID 738, type 3
    49.6ms [  INFO ] [QNN_CPU] Adding tensor '/vector_estimator/vector_field/main_blocks.4/convnext.0/act/Mul_1_output_0' with ID 739, type 3
    49.7ms [  INFO ] [QNN_CPU] Adding tensor '/vector_estimator/vector_field/main_blocks.4/convnext.0/pwconv2/Conv_reshape_to_2d' with ID 740, type 3
    49.7ms [  INFO ] [QNN_CPU] Adding tensor '/vector_estimator/vector_field/main_blocks.4/convnext.0/pwconv2/Conv_reshape_to_2d.nhwc_perm' with ID 741, type 4
    49.7ms [  INFO ] [QNN_CPU] Adding tensor '/vector_estimator/vector_field/main_blocks.4/convnext.0/pwconv2/Conv_reshape_to_2d.nhwc' with ID 742, type 3
    49.7ms [  INFO ] [QNN_CPU] Adding tensor '/vector_estimator/vector_field/main_blocks.4/convnext.0/pwconv2/Conv_2d_dilation' with ID 743, type 4
    49.7ms [  INFO ] [QNN_CPU] Adding tensor '/vector_estimator/vector_field/main_blocks.4/convnext.0/pwconv2/Conv_2d_pad_amount' with ID 744, type 4
    49.7ms [  INFO ] [QNN_CPU] Adding tensor '/vector_estimator/vector_field/main_blocks.4/convnext.0/pwconv2/Conv_2d_stride' with ID 745, type 4
    50.6ms [  INFO ] [QNN_CPU] Adding tensor 'vector_estimator.tts.ttl.vector_field.main_blocks.4.convnext.0.pwconv2.weight' with ID 746, type 4
    50.7ms [  INFO ] [QNN_CPU] Adding tensor 'vector_estimator.tts.ttl.vector_field.main_blocks.4.convnext.0.pwconv2.bias' with ID 747, type 4
    50.7ms [  INFO ] [QNN_CPU] Adding tensor '/vector_estimator/vector_field/main_blocks.4/convnext.0/pwconv2/Conv_intermediate' with ID 748, type 3
    50.7ms [  INFO ] [QNN_CPU] Adding tensor '/vector_estimator/vector_field/main_blocks.4/convnext.0/pwconv2/Conv_intermediate.nchw_perm' with ID 749, type 4
    50.7ms [  INFO ] [QNN_CPU] Adding tensor '/vector_estimator/vector_field/main_blocks.4/convnext.0/pwconv2/Conv_intermediate.nchw' with ID 750, type 3
    50.7ms [  INFO ] [QNN_CPU] Adding tensor '/vector_estimator/vector_field/main_blocks.4/convnext.0/pwconv2/Conv_output_0' with ID 751, type 3
    50.7ms [  INFO ] [QNN_CPU] Adding tensor '/vector_estimator/vector_field/main_blocks.4/convnext.0/pwconv2/Conv_output_0.nfc_perm' with ID 752, type 4
    50.7ms [  INFO ] [QNN_CPU] Adding tensor '/vector_estimator/vector_field/main_blocks.4/convnext.0/pwconv2/Conv_output_0.nfc' with ID 753, type 3
    50.8ms [  INFO ] [QNN_CPU] Adding tensor 'vector_estimator.tts.ttl.vector_field.main_blocks.4.convnext.0.gamma' with ID 754, type 4
    50.8ms [  INFO ] [QNN_CPU] Adding tensor '/vector_estimator/vector_field/main_blocks.4/convnext.0/Mul_2_output_0' with ID 755, type 3
    50.8ms [  INFO ] [QNN_CPU] Adding tensor '/vector_estimator/vector_field/main_blocks.4/convnext.0/Add_output_0' with ID 756, type 3
    50.9ms [  INFO ] [QNN_CPU] Adding tensor '/vector_estimator/vector_field/main_blocks.4/convnext.0/Mul_3_output_0' with ID 757, type 3
    50.9ms [  INFO ] [QNN_CPU] Adding tensor '/vector_estimator/vector_field/main_blocks.5/Transpose_output_0' with ID 758, type 3
    50.9ms [  INFO ] [QNN_CPU] Adding tensor '/vector_estimator/vector_field/main_blocks.5/attention/W_query/linear/MatMul_pre_reshape' with ID 759, type 3
    51.0ms [  INFO ] [QNN_CPU] Adding tensor 'onnx::MatMul_3405' with ID 760, type 4
    51.1ms [  INFO ] [QNN_CPU] Adding tensor 'vector_estimator.tts.ttl.vector_field.main_blocks.5.attention.W_query.linear.bias' with ID 761, type 4
    51.1ms [  INFO ] [QNN_CPU] Adding tensor '/vector_estimator/vector_field/main_blocks.5/attention/W_query/linear/Add_output_0_fc' with ID 762, type 3
    51.1ms [  INFO ] [QNN_CPU] Adding tensor '/vector_estimator/vector_field/main_blocks.5/attention/W_query/linear/Add_output_0' with ID 763, type 3
    51.1ms [  INFO ] [QNN_CPU] Adding tensor '/vector_estimator/vector_field/main_blocks.5/attention/Split_split_index' with ID 764, type 4
    51.1ms [  INFO ] [QNN_CPU] Adding tensor '/vector_estimator/vector_field/main_blocks.5/attention/Split_output_0' with ID 765, type 3
    51.1ms [  INFO ] [QNN_CPU] Adding tensor '/vector_estimator/vector_field/main_blocks.5/attention/Split_output_1' with ID 766, type 3
    51.1ms [  INFO ] [QNN_CPU] Adding tensor '/vector_estimator/vector_field/main_blocks.5/attention/Unsqueeze_output_0' with ID 769, type 3
    51.2ms [  INFO ] [QNN_CPU] Adding tensor '/vector_estimator/vector_field/main_blocks.5/attention/Unsqueeze_1_output_0' with ID 770, type 3
    51.2ms [  INFO ] [QNN_CPU] Adding tensor '/vector_estimator/vector_field/main_blocks.5/attention/Concat_output_0' with ID 771, type 3
    51.2ms [  INFO ] [QNN_CPU] Adding tensor '/vector_estimator/vector_field/main_blocks.5/attention/MatMul_output_0' with ID 772, type 3
    51.3ms [  INFO ] [QNN_CPU] Adding tensor '/vector_estimator/vector_field/main_blocks.5/attention/Div_output_0' with ID 773, type 3
    51.3ms [  INFO ] [QNN_CPU] Adding tensor '/vector_estimator/vector_field/main_blocks.5/attention/Softmax_output_0' with ID 774, type 3
    51.3ms [  INFO ] [QNN_CPU] Adding tensor '/vector_estimator/vector_field/main_blocks.5/attention/Where_output_0' with ID 775, type 3
    51.4ms [  INFO ] [QNN_CPU] Adding tensor '/vector_estimator/vector_field/main_blocks.5/attention/MatMul_1_output_0' with ID 776, type 3
    51.4ms [  INFO ] [QNN_CPU] Adding tensor '/vector_estimator/vector_field/main_blocks.5/attention/Split_3_split_index' with ID 777, type 4
    51.4ms [  INFO ] [QNN_CPU] Adding tensor '/vector_estimator/vector_field/main_blocks.5/attention/Split_3_output_0' with ID 778, type 3
    51.4ms [  INFO ] [QNN_CPU] Adding tensor '/vector_estimator/vector_field/main_blocks.5/attention/Split_3_output_1' with ID 779, type 3
    51.5ms [  INFO ] [QNN_CPU] Adding tensor '/vector_estimator/vector_field/main_blocks.5/attention/Concat_3_output_0' with ID 782, type 3
    51.5ms [  INFO ] [QNN_CPU] Adding tensor '/vector_estimator/vector_field/main_blocks.5/attention/out_fc/linear/MatMul_pre_reshape' with ID 783, type 3
    51.6ms [  INFO ] [QNN_CPU] Adding tensor 'onnx::MatMul_3408' with ID 784, type 4
    51.6ms [  INFO ] [QNN_CPU] Adding tensor 'vector_estimator.tts.ttl.vector_field.main_blocks.5.attention.out_fc.linear.bias' with ID 785, type 4
    51.6ms [  INFO ] [QNN_CPU] Adding tensor '/vector_estimator/vector_field/main_blocks.5/attention/out_fc/linear/Add_output_0_fc' with ID 786, type 3
    51.6ms [  INFO ] [QNN_CPU] Adding tensor '/vector_estimator/vector_field/main_blocks.5/attention/out_fc/linear/Add_output_0' with ID 787, type 3
    51.7ms [  INFO ] [QNN_CPU] Adding tensor '/vector_estimator/vector_field/main_blocks.5/Transpose_1_output_0' with ID 788, type 3
    51.7ms [  INFO ] [QNN_CPU] Adding tensor '/vector_estimator/vector_field/main_blocks.5/norm/Transpose_output_0' with ID 789, type 3
    51.8ms [  INFO ] [QNN_CPU] Adding tensor '/vector_estimator/vector_field/main_blocks.5/norm/norm/LayerNormalization_axes' with ID 790, type 4
    51.8ms [  INFO ] [QNN_CPU] Adding tensor 'vector_estimator.tts.ttl.vector_field.main_blocks.5.norm.norm.weight' with ID 791, type 4
    51.8ms [  INFO ] [QNN_CPU] Adding tensor 'vector_estimator.tts.ttl.vector_field.main_blocks.5.norm.norm.bias' with ID 792, type 4
    51.8ms [  INFO ] [QNN_CPU] Adding tensor '/vector_estimator/vector_field/main_blocks.5/norm/Transpose_1_output_0' with ID 793, type 3
    51.8ms [  INFO ] [QNN_CPU] Adding tensor '/vector_estimator/vector_field/main_blocks.5/Mul_1_output_0' with ID 794, type 3
    51.8ms [  INFO ] [QNN_CPU] Adding tensor '/vector_estimator/vector_field/main_blocks.6/convnext.0/Mul_output_0' with ID 795, type 3
    51.8ms [  INFO ] [QNN_CPU] Adding tensor '/vector_estimator/vector_field/main_blocks.6/convnext.0/dwconv/Pad_pad_amount' with ID 796, type 4
    51.8ms [  INFO ] [QNN_CPU] Adding tensor '/vector_estimator/vector_field/main_blocks.6/convnext.0/dwconv/Pad_output_0' with ID 797, type 3
    51.9ms [  INFO ] [QNN_CPU] Adding tensor '/vector_estimator/vector_field/main_blocks.6/convnext.0/dwconv/Pad_output_0.ncf_perm' with ID 798, type 4
    51.9ms [  INFO ] [QNN_CPU] Adding tensor '/vector_estimator/vector_field/main_blocks.6/convnext.0/dwconv/Pad_output_0.ncf' with ID 799, type 3
    51.9ms [  INFO ] [QNN_CPU] Adding tensor '/vector_estimator/vector_field/main_blocks.6/convnext.0/dwconv/Conv_reshape_to_2d' with ID 800, type 3
    51.9ms [  INFO ] [QNN_CPU] Adding tensor '/vector_estimator/vector_field/main_blocks.6/convnext.0/dwconv/Conv_reshape_to_2d.nhwc_perm' with ID 801, type 4
    51.9ms [  INFO ] [QNN_CPU] Adding tensor '/vector_estimator/vector_field/main_blocks.6/convnext.0/dwconv/Conv_reshape_to_2d.nhwc' with ID 802, type 3
    52.0ms [  INFO ] [QNN_CPU] Adding tensor '/vector_estimator/vector_field/main_blocks.6/convnext.0/dwconv/Conv_2d_dilation' with ID 803, type 4
    52.0ms [  INFO ] [QNN_CPU] Adding tensor '/vector_estimator/vector_field/main_blocks.6/convnext.0/dwconv/Conv_2d_pad_amount' with ID 804, type 4
    52.0ms [  INFO ] [QNN_CPU] Adding tensor '/vector_estimator/vector_field/main_blocks.6/convnext.0/dwconv/Conv_2d_stride' with ID 805, type 4
    52.0ms [  INFO ] [QNN_CPU] Adding tensor 'vector_estimator.tts.ttl.vector_field.main_blocks.6.convnext.0.dwconv.weight' with ID 806, type 4
    52.0ms [  INFO ] [QNN_CPU] Adding tensor 'vector_estimator.tts.ttl.vector_field.main_blocks.6.convnext.0.dwconv.bias' with ID 807, type 4
    52.0ms [  INFO ] [QNN_CPU] Adding tensor '/vector_estimator/vector_field/main_blocks.6/convnext.0/dwconv/Conv_intermediate' with ID 808, type 3
    52.0ms [  INFO ] [QNN_CPU] Adding tensor '/vector_estimator/vector_field/main_blocks.6/convnext.0/dwconv/Conv_intermediate.nchw_perm' with ID 809, type 4
    52.0ms [  INFO ] [QNN_CPU] Adding tensor '/vector_estimator/vector_field/main_blocks.6/convnext.0/dwconv/Conv_intermediate.nchw' with ID 810, type 3
    52.0ms [  INFO ] [QNN_CPU] Adding tensor '/vector_estimator/vector_field/main_blocks.6/convnext.0/dwconv/Conv_output_0' with ID 811, type 3
    52.1ms [  INFO ] [QNN_CPU] Adding tensor '/vector_estimator/vector_field/main_blocks.6/convnext.0/dwconv/Conv_output_0.nfc_perm' with ID 812, type 4
    52.1ms [  INFO ] [QNN_CPU] Adding tensor '/vector_estimator/vector_field/main_blocks.6/convnext.0/dwconv/Conv_output_0.nfc' with ID 813, type 3
    52.1ms [  INFO ] [QNN_CPU] Adding tensor '/vector_estimator/vector_field/main_blocks.6/convnext.0/norm/Transpose_output_0' with ID 814, type 3
    52.1ms [  INFO ] [QNN_CPU] Adding tensor '/vector_estimator/vector_field/main_blocks.6/convnext.0/norm/norm/LayerNormalization_axes' with ID 815, type 4
    52.1ms [  INFO ] [QNN_CPU] Adding tensor 'vector_estimator.tts.ttl.vector_field.main_blocks.6.convnext.0.norm.norm.weight' with ID 816, type 4
    52.1ms [  INFO ] [QNN_CPU] Adding tensor 'vector_estimator.tts.ttl.vector_field.main_blocks.6.convnext.0.norm.norm.bias' with ID 817, type 4
    52.1ms [  INFO ] [QNN_CPU] Adding tensor '/vector_estimator/vector_field/main_blocks.6/convnext.0/norm/Transpose_1_output_0' with ID 818, type 3
    52.1ms [  INFO ] [QNN_CPU] Adding tensor '/vector_estimator/vector_field/main_blocks.6/convnext.0/norm/Transpose_1_output_0.ncf_perm' with ID 819, type 4
    52.1ms [  INFO ] [QNN_CPU] Adding tensor '/vector_estimator/vector_field/main_blocks.6/convnext.0/norm/Transpose_1_output_0.ncf' with ID 820, type 3
    52.2ms [  INFO ] [QNN_CPU] Adding tensor '/vector_estimator/vector_field/main_blocks.6/convnext.0/pwconv1/Conv_reshape_to_2d' with ID 821, type 3
    52.2ms [  INFO ] [QNN_CPU] Adding tensor '/vector_estimator/vector_field/main_blocks.6/convnext.0/pwconv1/Conv_reshape_to_2d.nhwc_perm' with ID 822, type 4
    52.2ms [  INFO ] [QNN_CPU] Adding tensor '/vector_estimator/vector_field/main_blocks.6/convnext.0/pwconv1/Conv_reshape_to_2d.nhwc' with ID 823, type 3
    52.2ms [  INFO ] [QNN_CPU] Adding tensor '/vector_estimator/vector_field/main_blocks.6/convnext.0/pwconv1/Conv_2d_dilation' with ID 824, type 4
    52.2ms [  INFO ] [QNN_CPU] Adding tensor '/vector_estimator/vector_field/main_blocks.6/convnext.0/pwconv1/Conv_2d_pad_amount' with ID 825, type 4
    52.2ms [  INFO ] [QNN_CPU] Adding tensor '/vector_estimator/vector_field/main_blocks.6/convnext.0/pwconv1/Conv_2d_stride' with ID 826, type 4
    53.2ms [  INFO ] [QNN_CPU] Adding tensor 'vector_estimator.tts.ttl.vector_field.main_blocks.6.convnext.0.pwconv1.weight' with ID 827, type 4
    53.2ms [  INFO ] [QNN_CPU] Adding tensor 'vector_estimator.tts.ttl.vector_field.main_blocks.6.convnext.0.pwconv1.bias' with ID 828, type 4
    53.2ms [  INFO ] [QNN_CPU] Adding tensor '/vector_estimator/vector_field/main_blocks.6/convnext.0/pwconv1/Conv_intermediate' with ID 829, type 3
    53.2ms [  INFO ] [QNN_CPU] Adding tensor '/vector_estimator/vector_field/main_blocks.6/convnext.0/pwconv1/Conv_intermediate.nchw_perm' with ID 830, type 4
    53.2ms [  INFO ] [QNN_CPU] Adding tensor '/vector_estimator/vector_field/main_blocks.6/convnext.0/pwconv1/Conv_intermediate.nchw' with ID 831, type 3
    53.3ms [  INFO ] [QNN_CPU] Adding tensor '/vector_estimator/vector_field/main_blocks.6/convnext.0/pwconv1/Conv_output_0' with ID 832, type 3
    53.3ms [  INFO ] [QNN_CPU] Adding tensor '/vector_estimator/vector_field/main_blocks.6/convnext.0/act/Mul_1_output_0' with ID 833, type 3
    53.3ms [  INFO ] [QNN_CPU] Adding tensor '/vector_estimator/vector_field/main_blocks.6/convnext.0/pwconv2/Conv_reshape_to_2d' with ID 834, type 3
    53.3ms [  INFO ] [QNN_CPU] Adding tensor '/vector_estimator/vector_field/main_blocks.6/convnext.0/pwconv2/Conv_reshape_to_2d.nhwc_perm' with ID 835, type 4
    53.3ms [  INFO ] [QNN_CPU] Adding tensor '/vector_estimator/vector_field/main_blocks.6/convnext.0/pwconv2/Conv_reshape_to_2d.nhwc' with ID 836, type 3
    53.4ms [  INFO ] [QNN_CPU] Adding tensor '/vector_estimator/vector_field/main_blocks.6/convnext.0/pwconv2/Conv_2d_dilation' with ID 837, type 4
    53.4ms [  INFO ] [QNN_CPU] Adding tensor '/vector_estimator/vector_field/main_blocks.6/convnext.0/pwconv2/Conv_2d_pad_amount' with ID 838, type 4
    53.4ms [  INFO ] [QNN_CPU] Adding tensor '/vector_estimator/vector_field/main_blocks.6/convnext.0/pwconv2/Conv_2d_stride' with ID 839, type 4
    54.3ms [  INFO ] [QNN_CPU] Adding tensor 'vector_estimator.tts.ttl.vector_field.main_blocks.6.convnext.0.pwconv2.weight' with ID 840, type 4
    54.3ms [  INFO ] [QNN_CPU] Adding tensor 'vector_estimator.tts.ttl.vector_field.main_blocks.6.convnext.0.pwconv2.bias' with ID 841, type 4
    54.3ms [  INFO ] [QNN_CPU] Adding tensor '/vector_estimator/vector_field/main_blocks.6/convnext.0/pwconv2/Conv_intermediate' with ID 842, type 3
    54.3ms [  INFO ] [QNN_CPU] Adding tensor '/vector_estimator/vector_field/main_blocks.6/convnext.0/pwconv2/Conv_intermediate.nchw_perm' with ID 843, type 4
    54.3ms [  INFO ] [QNN_CPU] Adding tensor '/vector_estimator/vector_field/main_blocks.6/convnext.0/pwconv2/Conv_intermediate.nchw' with ID 844, type 3
    54.4ms [  INFO ] [QNN_CPU] Adding tensor '/vector_estimator/vector_field/main_blocks.6/convnext.0/pwconv2/Conv_output_0' with ID 845, type 3
    54.4ms [  INFO ] [QNN_CPU] Adding tensor '/vector_estimator/vector_field/main_blocks.6/convnext.0/pwconv2/Conv_output_0.nfc_perm' with ID 846, type 4
    54.4ms [  INFO ] [QNN_CPU] Adding tensor '/vector_estimator/vector_field/main_blocks.6/convnext.0/pwconv2/Conv_output_0.nfc' with ID 847, type 3
    54.4ms [  INFO ] [QNN_CPU] Adding tensor 'vector_estimator.tts.ttl.vector_field.main_blocks.6.convnext.0.gamma' with ID 848, type 4
    54.4ms [  INFO ] [QNN_CPU] Adding tensor '/vector_estimator/vector_field/main_blocks.6/convnext.0/Mul_2_output_0' with ID 849, type 3
    54.5ms [  INFO ] [QNN_CPU] Adding tensor '/vector_estimator/vector_field/main_blocks.6/convnext.0/Add_output_0' with ID 850, type 3
    54.5ms [  INFO ] [QNN_CPU] Adding tensor '/vector_estimator/vector_field/main_blocks.6/convnext.0/Mul_3_output_0' with ID 851, type 3
    54.5ms [  INFO ] [QNN_CPU] Adding tensor '/vector_estimator/vector_field/main_blocks.6/convnext.1/Mul_output_0' with ID 852, type 3
    54.5ms [  INFO ] [QNN_CPU] Adding tensor '/vector_estimator/vector_field/main_blocks.6/convnext.1/dwconv/Pad_pad_amount' with ID 853, type 4
    54.5ms [  INFO ] [QNN_CPU] Adding tensor '/vector_estimator/vector_field/main_blocks.6/convnext.1/dwconv/Pad_output_0' with ID 854, type 3
    54.6ms [  INFO ] [QNN_CPU] Adding tensor '/vector_estimator/vector_field/main_blocks.6/convnext.1/dwconv/Pad_output_0.ncf_perm' with ID 855, type 4
    54.6ms [  INFO ] [QNN_CPU] Adding tensor '/vector_estimator/vector_field/main_blocks.6/convnext.1/dwconv/Pad_output_0.ncf' with ID 856, type 3
    54.6ms [  INFO ] [QNN_CPU] Adding tensor '/vector_estimator/vector_field/main_blocks.6/convnext.1/dwconv/Conv_reshape_to_2d' with ID 857, type 3
    54.6ms [  INFO ] [QNN_CPU] Adding tensor '/vector_estimator/vector_field/main_blocks.6/convnext.1/dwconv/Conv_reshape_to_2d.nhwc_perm' with ID 858, type 4
    54.6ms [  INFO ] [QNN_CPU] Adding tensor '/vector_estimator/vector_field/main_blocks.6/convnext.1/dwconv/Conv_reshape_to_2d.nhwc' with ID 859, type 3
    54.6ms [  INFO ] [QNN_CPU] Adding tensor '/vector_estimator/vector_field/main_blocks.6/convnext.1/dwconv/Conv_2d_dilation' with ID 860, type 4
    54.6ms [  INFO ] [QNN_CPU] Adding tensor '/vector_estimator/vector_field/main_blocks.6/convnext.1/dwconv/Conv_2d_pad_amount' with ID 861, type 4
    54.6ms [  INFO ] [QNN_CPU] Adding tensor '/vector_estimator/vector_field/main_blocks.6/convnext.1/dwconv/Conv_2d_stride' with ID 862, type 4
    54.7ms [  INFO ] [QNN_CPU] Adding tensor 'vector_estimator.tts.ttl.vector_field.main_blocks.6.convnext.1.dwconv.weight' with ID 863, type 4
    54.7ms [  INFO ] [QNN_CPU] Adding tensor 'vector_estimator.tts.ttl.vector_field.main_blocks.6.convnext.1.dwconv.bias' with ID 864, type 4
    54.7ms [  INFO ] [QNN_CPU] Adding tensor '/vector_estimator/vector_field/main_blocks.6/convnext.1/dwconv/Conv_intermediate' with ID 865, type 3
    54.7ms [  INFO ] [QNN_CPU] Adding tensor '/vector_estimator/vector_field/main_blocks.6/convnext.1/dwconv/Conv_intermediate.nchw_perm' with ID 866, type 4
    54.7ms [  INFO ] [QNN_CPU] Adding tensor '/vector_estimator/vector_field/main_blocks.6/convnext.1/dwconv/Conv_intermediate.nchw' with ID 867, type 3
    54.7ms [  INFO ] [QNN_CPU] Adding tensor '/vector_estimator/vector_field/main_blocks.6/convnext.1/dwconv/Conv_output_0' with ID 868, type 3
    54.7ms [  INFO ] [QNN_CPU] Adding tensor '/vector_estimator/vector_field/main_blocks.6/convnext.1/dwconv/Conv_output_0.nfc_perm' with ID 869, type 4
    54.7ms [  INFO ] [QNN_CPU] Adding tensor '/vector_estimator/vector_field/main_blocks.6/convnext.1/dwconv/Conv_output_0.nfc' with ID 870, type 3
    54.8ms [  INFO ] [QNN_CPU] Adding tensor '/vector_estimator/vector_field/main_blocks.6/convnext.1/norm/Transpose_output_0' with ID 871, type 3
    54.8ms [  INFO ] [QNN_CPU] Adding tensor '/vector_estimator/vector_field/main_blocks.6/convnext.1/norm/norm/LayerNormalization_axes' with ID 872, type 4
    54.8ms [  INFO ] [QNN_CPU] Adding tensor 'vector_estimator.tts.ttl.vector_field.main_blocks.6.convnext.1.norm.norm.weight' with ID 873, type 4
    54.8ms [  INFO ] [QNN_CPU] Adding tensor 'vector_estimator.tts.ttl.vector_field.main_blocks.6.convnext.1.norm.norm.bias' with ID 874, type 4
    54.8ms [  INFO ] [QNN_CPU] Adding tensor '/vector_estimator/vector_field/main_blocks.6/convnext.1/norm/Transpose_1_output_0' with ID 875, type 3
    54.8ms [  INFO ] [QNN_CPU] Adding tensor '/vector_estimator/vector_field/main_blocks.6/convnext.1/norm/Transpose_1_output_0.ncf_perm' with ID 876, type 4
    54.8ms [  INFO ] [QNN_CPU] Adding tensor '/vector_estimator/vector_field/main_blocks.6/convnext.1/norm/Transpose_1_output_0.ncf' with ID 877, type 3
    54.9ms [  INFO ] [QNN_CPU] Adding tensor '/vector_estimator/vector_field/main_blocks.6/convnext.1/pwconv1/Conv_reshape_to_2d' with ID 878, type 3
    54.9ms [  INFO ] [QNN_CPU] Adding tensor '/vector_estimator/vector_field/main_blocks.6/convnext.1/pwconv1/Conv_reshape_to_2d.nhwc_perm' with ID 879, type 4
    54.9ms [  INFO ] [QNN_CPU] Adding tensor '/vector_estimator/vector_field/main_blocks.6/convnext.1/pwconv1/Conv_reshape_to_2d.nhwc' with ID 880, type 3
    54.9ms [  INFO ] [QNN_CPU] Adding tensor '/vector_estimator/vector_field/main_blocks.6/convnext.1/pwconv1/Conv_2d_dilation' with ID 881, type 4
    54.9ms [  INFO ] [QNN_CPU] Adding tensor '/vector_estimator/vector_field/main_blocks.6/convnext.1/pwconv1/Conv_2d_pad_amount' with ID 882, type 4
    54.9ms [  INFO ] [QNN_CPU] Adding tensor '/vector_estimator/vector_field/main_blocks.6/convnext.1/pwconv1/Conv_2d_stride' with ID 883, type 4
    55.9ms [  INFO ] [QNN_CPU] Adding tensor 'vector_estimator.tts.ttl.vector_field.main_blocks.6.convnext.1.pwconv1.weight' with ID 884, type 4
    55.9ms [  INFO ] [QNN_CPU] Adding tensor 'vector_estimator.tts.ttl.vector_field.main_blocks.6.convnext.1.pwconv1.bias' with ID 885, type 4
    55.9ms [  INFO ] [QNN_CPU] Adding tensor '/vector_estimator/vector_field/main_blocks.6/convnext.1/pwconv1/Conv_intermediate' with ID 886, type 3
    55.9ms [  INFO ] [QNN_CPU] Adding tensor '/vector_estimator/vector_field/main_blocks.6/convnext.1/pwconv1/Conv_intermediate.nchw_perm' with ID 887, type 4
    55.9ms [  INFO ] [QNN_CPU] Adding tensor '/vector_estimator/vector_field/main_blocks.6/convnext.1/pwconv1/Conv_intermediate.nchw' with ID 888, type 3
    55.9ms [  INFO ] [QNN_CPU] Adding tensor '/vector_estimator/vector_field/main_blocks.6/convnext.1/pwconv1/Conv_output_0' with ID 889, type 3
    56.0ms [  INFO ] [QNN_CPU] Adding tensor '/vector_estimator/vector_field/main_blocks.6/convnext.1/act/Mul_1_output_0' with ID 890, type 3
    56.0ms [  INFO ] [QNN_CPU] Adding tensor '/vector_estimator/vector_field/main_blocks.6/convnext.1/pwconv2/Conv_reshape_to_2d' with ID 891, type 3
    56.0ms [  INFO ] [QNN_CPU] Adding tensor '/vector_estimator/vector_field/main_blocks.6/convnext.1/pwconv2/Conv_reshape_to_2d.nhwc_perm' with ID 892, type 4
    56.0ms [  INFO ] [QNN_CPU] Adding tensor '/vector_estimator/vector_field/main_blocks.6/convnext.1/pwconv2/Conv_reshape_to_2d.nhwc' with ID 893, type 3
    56.0ms [  INFO ] [QNN_CPU] Adding tensor '/vector_estimator/vector_field/main_blocks.6/convnext.1/pwconv2/Conv_2d_dilation' with ID 894, type 4
    56.0ms [  INFO ] [QNN_CPU] Adding tensor '/vector_estimator/vector_field/main_blocks.6/convnext.1/pwconv2/Conv_2d_pad_amount' with ID 895, type 4
    56.0ms [  INFO ] [QNN_CPU] Adding tensor '/vector_estimator/vector_field/main_blocks.6/convnext.1/pwconv2/Conv_2d_stride' with ID 896, type 4
    57.0ms [  INFO ] [QNN_CPU] Adding tensor 'vector_estimator.tts.ttl.vector_field.main_blocks.6.convnext.1.pwconv2.weight' with ID 897, type 4
    57.0ms [  INFO ] [QNN_CPU] Adding tensor 'vector_estimator.tts.ttl.vector_field.main_blocks.6.convnext.1.pwconv2.bias' with ID 898, type 4
    57.0ms [  INFO ] [QNN_CPU] Adding tensor '/vector_estimator/vector_field/main_blocks.6/convnext.1/pwconv2/Conv_intermediate' with ID 899, type 3
    57.1ms [  INFO ] [QNN_CPU] Adding tensor '/vector_estimator/vector_field/main_blocks.6/convnext.1/pwconv2/Conv_intermediate.nchw_perm' with ID 900, type 4
    57.1ms [  INFO ] [QNN_CPU] Adding tensor '/vector_estimator/vector_field/main_blocks.6/convnext.1/pwconv2/Conv_intermediate.nchw' with ID 901, type 3
    57.1ms [  INFO ] [QNN_CPU] Adding tensor '/vector_estimator/vector_field/main_blocks.6/convnext.1/pwconv2/Conv_output_0' with ID 902, type 3
    57.1ms [  INFO ] [QNN_CPU] Adding tensor '/vector_estimator/vector_field/main_blocks.6/convnext.1/pwconv2/Conv_output_0.nfc_perm' with ID 903, type 4
    57.1ms [  INFO ] [QNN_CPU] Adding tensor '/vector_estimator/vector_field/main_blocks.6/convnext.1/pwconv2/Conv_output_0.nfc' with ID 904, type 3
    57.1ms [  INFO ] [QNN_CPU] Adding tensor 'vector_estimator.tts.ttl.vector_field.main_blocks.6.convnext.1.gamma' with ID 905, type 4
    57.1ms [  INFO ] [QNN_CPU] Adding tensor '/vector_estimator/vector_field/main_blocks.6/convnext.1/Mul_2_output_0' with ID 906, type 3
    57.2ms [  INFO ] [QNN_CPU] Adding tensor '/vector_estimator/vector_field/main_blocks.6/convnext.1/Add_output_0' with ID 907, type 3
    57.2ms [  INFO ] [QNN_CPU] Adding tensor '/vector_estimator/vector_field/main_blocks.6/convnext.1/Mul_3_output_0' with ID 908, type 3
    57.2ms [  INFO ] [QNN_CPU] Adding tensor '/vector_estimator/vector_field/main_blocks.6/convnext.2/Mul_output_0' with ID 909, type 3
    57.2ms [  INFO ] [QNN_CPU] Adding tensor '/vector_estimator/vector_field/main_blocks.6/convnext.2/dwconv/Pad_pad_amount' with ID 910, type 4
    57.2ms [  INFO ] [QNN_CPU] Adding tensor '/vector_estimator/vector_field/main_blocks.6/convnext.2/dwconv/Pad_output_0' with ID 911, type 3
    57.3ms [  INFO ] [QNN_CPU] Adding tensor '/vector_estimator/vector_field/main_blocks.6/convnext.2/dwconv/Pad_output_0.ncf_perm' with ID 912, type 4
    57.3ms [  INFO ] [QNN_CPU] Adding tensor '/vector_estimator/vector_field/main_blocks.6/convnext.2/dwconv/Pad_output_0.ncf' with ID 913, type 3
    57.3ms [  INFO ] [QNN_CPU] Adding tensor '/vector_estimator/vector_field/main_blocks.6/convnext.2/dwconv/Conv_reshape_to_2d' with ID 914, type 3
    57.3ms [  INFO ] [QNN_CPU] Adding tensor '/vector_estimator/vector_field/main_blocks.6/convnext.2/dwconv/Conv_reshape_to_2d.nhwc_perm' with ID 915, type 4
    57.3ms [  INFO ] [QNN_CPU] Adding tensor '/vector_estimator/vector_field/main_blocks.6/convnext.2/dwconv/Conv_reshape_to_2d.nhwc' with ID 916, type 3
    57.4ms [  INFO ] [QNN_CPU] Adding tensor '/vector_estimator/vector_field/main_blocks.6/convnext.2/dwconv/Conv_2d_dilation' with ID 917, type 4
    57.4ms [  INFO ] [QNN_CPU] Adding tensor '/vector_estimator/vector_field/main_blocks.6/convnext.2/dwconv/Conv_2d_pad_amount' with ID 918, type 4
    57.4ms [  INFO ] [QNN_CPU] Adding tensor '/vector_estimator/vector_field/main_blocks.6/convnext.2/dwconv/Conv_2d_stride' with ID 919, type 4
    57.4ms [  INFO ] [QNN_CPU] Adding tensor 'vector_estimator.tts.ttl.vector_field.main_blocks.6.convnext.2.dwconv.weight' with ID 920, type 4
    57.4ms [  INFO ] [QNN_CPU] Adding tensor 'vector_estimator.tts.ttl.vector_field.main_blocks.6.convnext.2.dwconv.bias' with ID 921, type 4
    57.4ms [  INFO ] [QNN_CPU] Adding tensor '/vector_estimator/vector_field/main_blocks.6/convnext.2/dwconv/Conv_intermediate' with ID 922, type 3
    57.4ms [  INFO ] [QNN_CPU] Adding tensor '/vector_estimator/vector_field/main_blocks.6/convnext.2/dwconv/Conv_intermediate.nchw_perm' with ID 923, type 4
    57.4ms [  INFO ] [QNN_CPU] Adding tensor '/vector_estimator/vector_field/main_blocks.6/convnext.2/dwconv/Conv_intermediate.nchw' with ID 924, type 3
    57.5ms [  INFO ] [QNN_CPU] Adding tensor '/vector_estimator/vector_field/main_blocks.6/convnext.2/dwconv/Conv_output_0' with ID 925, type 3
    57.5ms [  INFO ] [QNN_CPU] Adding tensor '/vector_estimator/vector_field/main_blocks.6/convnext.2/dwconv/Conv_output_0.nfc_perm' with ID 926, type 4
    57.5ms [  INFO ] [QNN_CPU] Adding tensor '/vector_estimator/vector_field/main_blocks.6/convnext.2/dwconv/Conv_output_0.nfc' with ID 927, type 3
    57.5ms [  INFO ] [QNN_CPU] Adding tensor '/vector_estimator/vector_field/main_blocks.6/convnext.2/norm/Transpose_output_0' with ID 928, type 3
    57.5ms [  INFO ] [QNN_CPU] Adding tensor '/vector_estimator/vector_field/main_blocks.6/convnext.2/norm/norm/LayerNormalization_axes' with ID 929, type 4
    57.5ms [  INFO ] [QNN_CPU] Adding tensor 'vector_estimator.tts.ttl.vector_field.main_blocks.6.convnext.2.norm.norm.weight' with ID 930, type 4
    57.5ms [  INFO ] [QNN_CPU] Adding tensor 'vector_estimator.tts.ttl.vector_field.main_blocks.6.convnext.2.norm.norm.bias' with ID 931, type 4
    57.6ms [  INFO ] [QNN_CPU] Adding tensor '/vector_estimator/vector_field/main_blocks.6/convnext.2/norm/Transpose_1_output_0' with ID 932, type 3
    57.6ms [  INFO ] [QNN_CPU] Adding tensor '/vector_estimator/vector_field/main_blocks.6/convnext.2/norm/Transpose_1_output_0.ncf_perm' with ID 933, type 4
    57.6ms [  INFO ] [QNN_CPU] Adding tensor '/vector_estimator/vector_field/main_blocks.6/convnext.2/norm/Transpose_1_output_0.ncf' with ID 934, type 3
    57.6ms [  INFO ] [QNN_CPU] Adding tensor '/vector_estimator/vector_field/main_blocks.6/convnext.2/pwconv1/Conv_reshape_to_2d' with ID 935, type 3
    57.6ms [  INFO ] [QNN_CPU] Adding tensor '/vector_estimator/vector_field/main_blocks.6/convnext.2/pwconv1/Conv_reshape_to_2d.nhwc_perm' with ID 936, type 4
    57.6ms [  INFO ] [QNN_CPU] Adding tensor '/vector_estimator/vector_field/main_blocks.6/convnext.2/pwconv1/Conv_reshape_to_2d.nhwc' with ID 937, type 3
    57.7ms [  INFO ] [QNN_CPU] Adding tensor '/vector_estimator/vector_field/main_blocks.6/convnext.2/pwconv1/Conv_2d_dilation' with ID 938, type 4
    57.7ms [  INFO ] [QNN_CPU] Adding tensor '/vector_estimator/vector_field/main_blocks.6/convnext.2/pwconv1/Conv_2d_pad_amount' with ID 939, type 4
    57.7ms [  INFO ] [QNN_CPU] Adding tensor '/vector_estimator/vector_field/main_blocks.6/convnext.2/pwconv1/Conv_2d_stride' with ID 940, type 4
    58.6ms [  INFO ] [QNN_CPU] Adding tensor 'vector_estimator.tts.ttl.vector_field.main_blocks.6.convnext.2.pwconv1.weight' with ID 941, type 4
    58.6ms [  INFO ] [QNN_CPU] Adding tensor 'vector_estimator.tts.ttl.vector_field.main_blocks.6.convnext.2.pwconv1.bias' with ID 942, type 4
    58.6ms [  INFO ] [QNN_CPU] Adding tensor '/vector_estimator/vector_field/main_blocks.6/convnext.2/pwconv1/Conv_intermediate' with ID 943, type 3
    58.6ms [  INFO ] [QNN_CPU] Adding tensor '/vector_estimator/vector_field/main_blocks.6/convnext.2/pwconv1/Conv_intermediate.nchw_perm' with ID 944, type 4
    58.6ms [  INFO ] [QNN_CPU] Adding tensor '/vector_estimator/vector_field/main_blocks.6/convnext.2/pwconv1/Conv_intermediate.nchw' with ID 945, type 3
    58.7ms [  INFO ] [QNN_CPU] Adding tensor '/vector_estimator/vector_field/main_blocks.6/convnext.2/pwconv1/Conv_output_0' with ID 946, type 3
    58.7ms [  INFO ] [QNN_CPU] Adding tensor '/vector_estimator/vector_field/main_blocks.6/convnext.2/act/Mul_1_output_0' with ID 947, type 3
    58.7ms [  INFO ] [QNN_CPU] Adding tensor '/vector_estimator/vector_field/main_blocks.6/convnext.2/pwconv2/Conv_reshape_to_2d' with ID 948, type 3
    58.7ms [  INFO ] [QNN_CPU] Adding tensor '/vector_estimator/vector_field/main_blocks.6/convnext.2/pwconv2/Conv_reshape_to_2d.nhwc_perm' with ID 949, type 4
    58.7ms [  INFO ] [QNN_CPU] Adding tensor '/vector_estimator/vector_field/main_blocks.6/convnext.2/pwconv2/Conv_reshape_to_2d.nhwc' with ID 950, type 3
    58.8ms [  INFO ] [QNN_CPU] Adding tensor '/vector_estimator/vector_field/main_blocks.6/convnext.2/pwconv2/Conv_2d_dilation' with ID 951, type 4
    58.8ms [  INFO ] [QNN_CPU] Adding tensor '/vector_estimator/vector_field/main_blocks.6/convnext.2/pwconv2/Conv_2d_pad_amount' with ID 952, type 4
    58.8ms [  INFO ] [QNN_CPU] Adding tensor '/vector_estimator/vector_field/main_blocks.6/convnext.2/pwconv2/Conv_2d_stride' with ID 953, type 4
    59.7ms [  INFO ] [QNN_CPU] Adding tensor 'vector_estimator.tts.ttl.vector_field.main_blocks.6.convnext.2.pwconv2.weight' with ID 954, type 4
    59.7ms [  INFO ] [QNN_CPU] Adding tensor 'vector_estimator.tts.ttl.vector_field.main_blocks.6.convnext.2.pwconv2.bias' with ID 955, type 4
    59.7ms [  INFO ] [QNN_CPU] Adding tensor '/vector_estimator/vector_field/main_blocks.6/convnext.2/pwconv2/Conv_intermediate' with ID 956, type 3
    59.7ms [  INFO ] [QNN_CPU] Adding tensor '/vector_estimator/vector_field/main_blocks.6/convnext.2/pwconv2/Conv_intermediate.nchw_perm' with ID 957, type 4
    59.8ms [  INFO ] [QNN_CPU] Adding tensor '/vector_estimator/vector_field/main_blocks.6/convnext.2/pwconv2/Conv_intermediate.nchw' with ID 958, type 3
    59.8ms [  INFO ] [QNN_CPU] Adding tensor '/vector_estimator/vector_field/main_blocks.6/convnext.2/pwconv2/Conv_output_0' with ID 959, type 3
    59.8ms [  INFO ] [QNN_CPU] Adding tensor '/vector_estimator/vector_field/main_blocks.6/convnext.2/pwconv2/Conv_output_0.nfc_perm' with ID 960, type 4
    59.8ms [  INFO ] [QNN_CPU] Adding tensor '/vector_estimator/vector_field/main_blocks.6/convnext.2/pwconv2/Conv_output_0.nfc' with ID 961, type 3
    59.8ms [  INFO ] [QNN_CPU] Adding tensor 'vector_estimator.tts.ttl.vector_field.main_blocks.6.convnext.2.gamma' with ID 962, type 4
    59.8ms [  INFO ] [QNN_CPU] Adding tensor '/vector_estimator/vector_field/main_blocks.6/convnext.2/Mul_2_output_0' with ID 963, type 3
    59.9ms [  INFO ] [QNN_CPU] Adding tensor '/vector_estimator/vector_field/main_blocks.6/convnext.2/Add_output_0' with ID 964, type 3
    59.9ms [  INFO ] [QNN_CPU] Adding tensor '/vector_estimator/vector_field/main_blocks.6/convnext.2/Mul_3_output_0' with ID 965, type 3
    59.9ms [  INFO ] [QNN_CPU] Adding tensor '/vector_estimator/vector_field/main_blocks.6/convnext.3/Mul_output_0' with ID 966, type 3
    59.9ms [  INFO ] [QNN_CPU] Adding tensor '/vector_estimator/vector_field/main_blocks.6/convnext.3/dwconv/Pad_pad_amount' with ID 967, type 4
    59.9ms [  INFO ] [QNN_CPU] Adding tensor '/vector_estimator/vector_field/main_blocks.6/convnext.3/dwconv/Pad_output_0' with ID 968, type 3
    60.0ms [  INFO ] [QNN_CPU] Adding tensor '/vector_estimator/vector_field/main_blocks.6/convnext.3/dwconv/Pad_output_0.ncf_perm' with ID 969, type 4
    60.0ms [  INFO ] [QNN_CPU] Adding tensor '/vector_estimator/vector_field/main_blocks.6/convnext.3/dwconv/Pad_output_0.ncf' with ID 970, type 3
    60.0ms [  INFO ] [QNN_CPU] Adding tensor '/vector_estimator/vector_field/main_blocks.6/convnext.3/dwconv/Conv_reshape_to_2d' with ID 971, type 3
    60.0ms [  INFO ] [QNN_CPU] Adding tensor '/vector_estimator/vector_field/main_blocks.6/convnext.3/dwconv/Conv_reshape_to_2d.nhwc_perm' with ID 972, type 4
    60.0ms [  INFO ] [QNN_CPU] Adding tensor '/vector_estimator/vector_field/main_blocks.6/convnext.3/dwconv/Conv_reshape_to_2d.nhwc' with ID 973, type 3
    60.0ms [  INFO ] [QNN_CPU] Adding tensor '/vector_estimator/vector_field/main_blocks.6/convnext.3/dwconv/Conv_2d_dilation' with ID 974, type 4
    60.0ms [  INFO ] [QNN_CPU] Adding tensor '/vector_estimator/vector_field/main_blocks.6/convnext.3/dwconv/Conv_2d_pad_amount' with ID 975, type 4
    60.0ms [  INFO ] [QNN_CPU] Adding tensor '/vector_estimator/vector_field/main_blocks.6/convnext.3/dwconv/Conv_2d_stride' with ID 976, type 4
    60.0ms [  INFO ] [QNN_CPU] Adding tensor 'vector_estimator.tts.ttl.vector_field.main_blocks.6.convnext.3.dwconv.weight' with ID 977, type 4
    60.1ms [  INFO ] [QNN_CPU] Adding tensor 'vector_estimator.tts.ttl.vector_field.main_blocks.6.convnext.3.dwconv.bias' with ID 978, type 4
    60.1ms [  INFO ] [QNN_CPU] Adding tensor '/vector_estimator/vector_field/main_blocks.6/convnext.3/dwconv/Conv_intermediate' with ID 979, type 3
    60.1ms [  INFO ] [QNN_CPU] Adding tensor '/vector_estimator/vector_field/main_blocks.6/convnext.3/dwconv/Conv_intermediate.nchw_perm' with ID 980, type 4
    60.1ms [  INFO ] [QNN_CPU] Adding tensor '/vector_estimator/vector_field/main_blocks.6/convnext.3/dwconv/Conv_intermediate.nchw' with ID 981, type 3
    60.1ms [  INFO ] [QNN_CPU] Adding tensor '/vector_estimator/vector_field/main_blocks.6/convnext.3/dwconv/Conv_output_0' with ID 982, type 3
    60.2ms [  INFO ] [QNN_CPU] Adding tensor '/vector_estimator/vector_field/main_blocks.6/convnext.3/dwconv/Conv_output_0.nfc_perm' with ID 983, type 4
    60.2ms [  INFO ] [QNN_CPU] Adding tensor '/vector_estimator/vector_field/main_blocks.6/convnext.3/dwconv/Conv_output_0.nfc' with ID 984, type 3
    60.3ms [  INFO ] [QNN_CPU] Adding tensor '/vector_estimator/vector_field/main_blocks.6/convnext.3/norm/Transpose_output_0' with ID 985, type 3
    60.3ms [  INFO ] [QNN_CPU] Adding tensor '/vector_estimator/vector_field/main_blocks.6/convnext.3/norm/norm/LayerNormalization_axes' with ID 986, type 4
    60.3ms [  INFO ] [QNN_CPU] Adding tensor 'vector_estimator.tts.ttl.vector_field.main_blocks.6.convnext.3.norm.norm.weight' with ID 987, type 4
    60.3ms [  INFO ] [QNN_CPU] Adding tensor 'vector_estimator.tts.ttl.vector_field.main_blocks.6.convnext.3.norm.norm.bias' with ID 988, type 4
    60.3ms [  INFO ] [QNN_CPU] Adding tensor '/vector_estimator/vector_field/main_blocks.6/convnext.3/norm/Transpose_1_output_0' with ID 989, type 3
    60.5ms [  INFO ] [QNN_CPU] Adding tensor '/vector_estimator/vector_field/main_blocks.6/convnext.3/norm/Transpose_1_output_0.ncf_perm' with ID 990, type 4
    60.5ms [  INFO ] [QNN_CPU] Adding tensor '/vector_estimator/vector_field/main_blocks.6/convnext.3/norm/Transpose_1_output_0.ncf' with ID 991, type 3
    60.5ms [  INFO ] [QNN_CPU] Adding tensor '/vector_estimator/vector_field/main_blocks.6/convnext.3/pwconv1/Conv_reshape_to_2d' with ID 992, type 3
    60.6ms [  INFO ] [QNN_CPU] Adding tensor '/vector_estimator/vector_field/main_blocks.6/convnext.3/pwconv1/Conv_reshape_to_2d.nhwc_perm' with ID 993, type 4
    60.6ms [  INFO ] [QNN_CPU] Adding tensor '/vector_estimator/vector_field/main_blocks.6/convnext.3/pwconv1/Conv_reshape_to_2d.nhwc' with ID 994, type 3
    60.6ms [  INFO ] [QNN_CPU] Adding tensor '/vector_estimator/vector_field/main_blocks.6/convnext.3/pwconv1/Conv_2d_dilation' with ID 995, type 4
    60.6ms [  INFO ] [QNN_CPU] Adding tensor '/vector_estimator/vector_field/main_blocks.6/convnext.3/pwconv1/Conv_2d_pad_amount' with ID 996, type 4
    60.7ms [  INFO ] [QNN_CPU] Adding tensor '/vector_estimator/vector_field/main_blocks.6/convnext.3/pwconv1/Conv_2d_stride' with ID 997, type 4
    61.6ms [  INFO ] [QNN_CPU] Adding tensor 'vector_estimator.tts.ttl.vector_field.main_blocks.6.convnext.3.pwconv1.weight' with ID 998, type 4
    61.6ms [  INFO ] [QNN_CPU] Adding tensor 'vector_estimator.tts.ttl.vector_field.main_blocks.6.convnext.3.pwconv1.bias' with ID 999, type 4
    61.6ms [  INFO ] [QNN_CPU] Adding tensor '/vector_estimator/vector_field/main_blocks.6/convnext.3/pwconv1/Conv_intermediate' with ID 1000, type 3
    61.7ms [  INFO ] [QNN_CPU] Adding tensor '/vector_estimator/vector_field/main_blocks.6/convnext.3/pwconv1/Conv_intermediate.nchw_perm' with ID 1001, type 4
    61.7ms [  INFO ] [QNN_CPU] Adding tensor '/vector_estimator/vector_field/main_blocks.6/convnext.3/pwconv1/Conv_intermediate.nchw' with ID 1002, type 3
    61.7ms [  INFO ] [QNN_CPU] Adding tensor '/vector_estimator/vector_field/main_blocks.6/convnext.3/pwconv1/Conv_output_0' with ID 1003, type 3
    61.7ms [  INFO ] [QNN_CPU] Adding tensor '/vector_estimator/vector_field/main_blocks.6/convnext.3/act/Mul_1_output_0' with ID 1004, type 3
    61.8ms [  INFO ] [QNN_CPU] Adding tensor '/vector_estimator/vector_field/main_blocks.6/convnext.3/pwconv2/Conv_reshape_to_2d' with ID 1005, type 3
    61.8ms [  INFO ] [QNN_CPU] Adding tensor '/vector_estimator/vector_field/main_blocks.6/convnext.3/pwconv2/Conv_reshape_to_2d.nhwc_perm' with ID 1006, type 4
    61.8ms [  INFO ] [QNN_CPU] Adding tensor '/vector_estimator/vector_field/main_blocks.6/convnext.3/pwconv2/Conv_reshape_to_2d.nhwc' with ID 1007, type 3
    61.8ms [  INFO ] [QNN_CPU] Adding tensor '/vector_estimator/vector_field/main_blocks.6/convnext.3/pwconv2/Conv_2d_dilation' with ID 1008, type 4
    61.8ms [  INFO ] [QNN_CPU] Adding tensor '/vector_estimator/vector_field/main_blocks.6/convnext.3/pwconv2/Conv_2d_pad_amount' with ID 1009, type 4
    61.8ms [  INFO ] [QNN_CPU] Adding tensor '/vector_estimator/vector_field/main_blocks.6/convnext.3/pwconv2/Conv_2d_stride' with ID 1010, type 4
    62.8ms [  INFO ] [QNN_CPU] Adding tensor 'vector_estimator.tts.ttl.vector_field.main_blocks.6.convnext.3.pwconv2.weight' with ID 1011, type 4
    62.9ms [  INFO ] [QNN_CPU] Adding tensor 'vector_estimator.tts.ttl.vector_field.main_blocks.6.convnext.3.pwconv2.bias' with ID 1012, type 4
    62.9ms [  INFO ] [QNN_CPU] Adding tensor '/vector_estimator/vector_field/main_blocks.6/convnext.3/pwconv2/Conv_intermediate' with ID 1013, type 3
    62.9ms [  INFO ] [QNN_CPU] Adding tensor '/vector_estimator/vector_field/main_blocks.6/convnext.3/pwconv2/Conv_intermediate.nchw_perm' with ID 1014, type 4
    62.9ms [  INFO ] [QNN_CPU] Adding tensor '/vector_estimator/vector_field/main_blocks.6/convnext.3/pwconv2/Conv_intermediate.nchw' with ID 1015, type 3
    62.9ms [  INFO ] [QNN_CPU] Adding tensor '/vector_estimator/vector_field/main_blocks.6/convnext.3/pwconv2/Conv_output_0' with ID 1016, type 3
    63.0ms [  INFO ] [QNN_CPU] Adding tensor '/vector_estimator/vector_field/main_blocks.6/convnext.3/pwconv2/Conv_output_0.nfc_perm' with ID 1017, type 4
    63.0ms [  INFO ] [QNN_CPU] Adding tensor '/vector_estimator/vector_field/main_blocks.6/convnext.3/pwconv2/Conv_output_0.nfc' with ID 1018, type 3
    63.0ms [  INFO ] [QNN_CPU] Adding tensor 'vector_estimator.tts.ttl.vector_field.main_blocks.6.convnext.3.gamma' with ID 1019, type 4
    63.0ms [  INFO ] [QNN_CPU] Adding tensor '/vector_estimator/vector_field/main_blocks.6/convnext.3/Mul_2_output_0' with ID 1020, type 3
    63.0ms [  INFO ] [QNN_CPU] Adding tensor '/vector_estimator/vector_field/main_blocks.6/convnext.3/Add_output_0' with ID 1021, type 3
    63.1ms [  INFO ] [QNN_CPU] Adding tensor '/vector_estimator/vector_field/main_blocks.6/convnext.3/Mul_3_output_0' with ID 1022, type 3
    63.1ms [  INFO ] [QNN_CPU] Adding tensor '/vector_estimator/vector_field/main_blocks.6/convnext.3/Mul_3_output_0.ncf_perm' with ID 1023, type 4
    63.1ms [  INFO ] [QNN_CPU] Adding tensor '/vector_estimator/vector_field/main_blocks.6/convnext.3/Mul_3_output_0.ncf' with ID 1024, type 3
    63.1ms [  INFO ] [QNN_CPU] Adding tensor '/vector_estimator/vector_field/main_blocks.7/Add_output_0' with ID 1025, type 3
    63.2ms [  INFO ] [QNN_CPU] Adding tensor '/vector_estimator/vector_field/main_blocks.7/Add_output_0.nfc_perm' with ID 1026, type 4
    63.2ms [  INFO ] [QNN_CPU] Adding tensor '/vector_estimator/vector_field/main_blocks.7/Add_output_0.nfc' with ID 1027, type 3
    63.2ms [  INFO ] [QNN_CPU] Adding tensor '/vector_estimator/vector_field/main_blocks.7/Mul_output_0' with ID 1028, type 3
    63.2ms [  INFO ] [QNN_CPU] Adding tensor '/vector_estimator/vector_field/main_blocks.8/convnext.0/Mul_output_0' with ID 1029, type 3
    63.2ms [  INFO ] [QNN_CPU] Adding tensor '/vector_estimator/vector_field/main_blocks.8/convnext.0/dwconv/Pad_pad_amount' with ID 1030, type 4
    63.2ms [  INFO ] [QNN_CPU] Adding tensor '/vector_estimator/vector_field/main_blocks.8/convnext.0/dwconv/Pad_output_0' with ID 1031, type 3
    63.3ms [  INFO ] [QNN_CPU] Adding tensor '/vector_estimator/vector_field/main_blocks.8/convnext.0/dwconv/Pad_output_0.ncf_perm' with ID 1032, type 4
    63.3ms [  INFO ] [QNN_CPU] Adding tensor '/vector_estimator/vector_field/main_blocks.8/convnext.0/dwconv/Pad_output_0.ncf' with ID 1033, type 3
    63.3ms [  INFO ] [QNN_CPU] Adding tensor '/vector_estimator/vector_field/main_blocks.8/convnext.0/dwconv/Conv_reshape_to_2d' with ID 1034, type 3
    63.3ms [  INFO ] [QNN_CPU] Adding tensor '/vector_estimator/vector_field/main_blocks.8/convnext.0/dwconv/Conv_reshape_to_2d.nhwc_perm' with ID 1035, type 4
    63.3ms [  INFO ] [QNN_CPU] Adding tensor '/vector_estimator/vector_field/main_blocks.8/convnext.0/dwconv/Conv_reshape_to_2d.nhwc' with ID 1036, type 3
    63.4ms [  INFO ] [QNN_CPU] Adding tensor '/vector_estimator/vector_field/main_blocks.8/convnext.0/dwconv/Conv_2d_dilation' with ID 1037, type 4
    63.4ms [  INFO ] [QNN_CPU] Adding tensor '/vector_estimator/vector_field/main_blocks.8/convnext.0/dwconv/Conv_2d_pad_amount' with ID 1038, type 4
    63.4ms [  INFO ] [QNN_CPU] Adding tensor '/vector_estimator/vector_field/main_blocks.8/convnext.0/dwconv/Conv_2d_stride' with ID 1039, type 4
    63.4ms [  INFO ] [QNN_CPU] Adding tensor 'vector_estimator.tts.ttl.vector_field.main_blocks.8.convnext.0.dwconv.weight' with ID 1040, type 4
    63.4ms [  INFO ] [QNN_CPU] Adding tensor 'vector_estimator.tts.ttl.vector_field.main_blocks.8.convnext.0.dwconv.bias' with ID 1041, type 4
    63.4ms [  INFO ] [QNN_CPU] Adding tensor '/vector_estimator/vector_field/main_blocks.8/convnext.0/dwconv/Conv_intermediate' with ID 1042, type 3
    63.4ms [  INFO ] [QNN_CPU] Adding tensor '/vector_estimator/vector_field/main_blocks.8/convnext.0/dwconv/Conv_intermediate.nchw_perm' with ID 1043, type 4
    63.4ms [  INFO ] [QNN_CPU] Adding tensor '/vector_estimator/vector_field/main_blocks.8/convnext.0/dwconv/Conv_intermediate.nchw' with ID 1044, type 3
    63.5ms [  INFO ] [QNN_CPU] Adding tensor '/vector_estimator/vector_field/main_blocks.8/convnext.0/dwconv/Conv_output_0' with ID 1045, type 3
    63.5ms [  INFO ] [QNN_CPU] Adding tensor '/vector_estimator/vector_field/main_blocks.8/convnext.0/dwconv/Conv_output_0.nfc_perm' with ID 1046, type 4
    63.5ms [  INFO ] [QNN_CPU] Adding tensor '/vector_estimator/vector_field/main_blocks.8/convnext.0/dwconv/Conv_output_0.nfc' with ID 1047, type 3
    63.6ms [  INFO ] [QNN_CPU] Adding tensor '/vector_estimator/vector_field/main_blocks.8/convnext.0/norm/Transpose_output_0' with ID 1048, type 3
    63.6ms [  INFO ] [QNN_CPU] Adding tensor '/vector_estimator/vector_field/main_blocks.8/convnext.0/norm/norm/LayerNormalization_axes' with ID 1049, type 4
    63.6ms [  INFO ] [QNN_CPU] Adding tensor 'vector_estimator.tts.ttl.vector_field.main_blocks.8.convnext.0.norm.norm.weight' with ID 1050, type 4
    63.6ms [  INFO ] [QNN_CPU] Adding tensor 'vector_estimator.tts.ttl.vector_field.main_blocks.8.convnext.0.norm.norm.bias' with ID 1051, type 4
    63.6ms [  INFO ] [QNN_CPU] Adding tensor '/vector_estimator/vector_field/main_blocks.8/convnext.0/norm/Transpose_1_output_0' with ID 1052, type 3
    63.6ms [  INFO ] [QNN_CPU] Adding tensor '/vector_estimator/vector_field/main_blocks.8/convnext.0/norm/Transpose_1_output_0.ncf_perm' with ID 1053, type 4
    63.6ms [  INFO ] [QNN_CPU] Adding tensor '/vector_estimator/vector_field/main_blocks.8/convnext.0/norm/Transpose_1_output_0.ncf' with ID 1054, type 3
    63.7ms [  INFO ] [QNN_CPU] Adding tensor '/vector_estimator/vector_field/main_blocks.8/convnext.0/pwconv1/Conv_reshape_to_2d' with ID 1055, type 3
    63.7ms [  INFO ] [QNN_CPU] Adding tensor '/vector_estimator/vector_field/main_blocks.8/convnext.0/pwconv1/Conv_reshape_to_2d.nhwc_perm' with ID 1056, type 4
    63.7ms [  INFO ] [QNN_CPU] Adding tensor '/vector_estimator/vector_field/main_blocks.8/convnext.0/pwconv1/Conv_reshape_to_2d.nhwc' with ID 1057, type 3
    63.7ms [  INFO ] [QNN_CPU] Adding tensor '/vector_estimator/vector_field/main_blocks.8/convnext.0/pwconv1/Conv_2d_dilation' with ID 1058, type 4
    63.7ms [  INFO ] [QNN_CPU] Adding tensor '/vector_estimator/vector_field/main_blocks.8/convnext.0/pwconv1/Conv_2d_pad_amount' with ID 1059, type 4
    63.7ms [  INFO ] [QNN_CPU] Adding tensor '/vector_estimator/vector_field/main_blocks.8/convnext.0/pwconv1/Conv_2d_stride' with ID 1060, type 4
    64.7ms [  INFO ] [QNN_CPU] Adding tensor 'vector_estimator.tts.ttl.vector_field.main_blocks.8.convnext.0.pwconv1.weight' with ID 1061, type 4
    64.7ms [  INFO ] [QNN_CPU] Adding tensor 'vector_estimator.tts.ttl.vector_field.main_blocks.8.convnext.0.pwconv1.bias' with ID 1062, type 4
    64.7ms [  INFO ] [QNN_CPU] Adding tensor '/vector_estimator/vector_field/main_blocks.8/convnext.0/pwconv1/Conv_intermediate' with ID 1063, type 3
    64.7ms [  INFO ] [QNN_CPU] Adding tensor '/vector_estimator/vector_field/main_blocks.8/convnext.0/pwconv1/Conv_intermediate.nchw_perm' with ID 1064, type 4
    64.7ms [  INFO ] [QNN_CPU] Adding tensor '/vector_estimator/vector_field/main_blocks.8/convnext.0/pwconv1/Conv_intermediate.nchw' with ID 1065, type 3
    64.7ms [  INFO ] [QNN_CPU] Adding tensor '/vector_estimator/vector_field/main_blocks.8/convnext.0/pwconv1/Conv_output_0' with ID 1066, type 3
    64.8ms [  INFO ] [QNN_CPU] Adding tensor '/vector_estimator/vector_field/main_blocks.8/convnext.0/act/Mul_1_output_0' with ID 1067, type 3
    64.8ms [  INFO ] [QNN_CPU] Adding tensor '/vector_estimator/vector_field/main_blocks.8/convnext.0/pwconv2/Conv_reshape_to_2d' with ID 1068, type 3
    64.8ms [  INFO ] [QNN_CPU] Adding tensor '/vector_estimator/vector_field/main_blocks.8/convnext.0/pwconv2/Conv_reshape_to_2d.nhwc_perm' with ID 1069, type 4
    64.8ms [  INFO ] [QNN_CPU] Adding tensor '/vector_estimator/vector_field/main_blocks.8/convnext.0/pwconv2/Conv_reshape_to_2d.nhwc' with ID 1070, type 3
    64.8ms [  INFO ] [QNN_CPU] Adding tensor '/vector_estimator/vector_field/main_blocks.8/convnext.0/pwconv2/Conv_2d_dilation' with ID 1071, type 4
    64.9ms [  INFO ] [QNN_CPU] Adding tensor '/vector_estimator/vector_field/main_blocks.8/convnext.0/pwconv2/Conv_2d_pad_amount' with ID 1072, type 4
    64.9ms [  INFO ] [QNN_CPU] Adding tensor '/vector_estimator/vector_field/main_blocks.8/convnext.0/pwconv2/Conv_2d_stride' with ID 1073, type 4
    65.8ms [  INFO ] [QNN_CPU] Adding tensor 'vector_estimator.tts.ttl.vector_field.main_blocks.8.convnext.0.pwconv2.weight' with ID 1074, type 4
    65.9ms [  INFO ] [QNN_CPU] Adding tensor 'vector_estimator.tts.ttl.vector_field.main_blocks.8.convnext.0.pwconv2.bias' with ID 1075, type 4
    65.9ms [  INFO ] [QNN_CPU] Adding tensor '/vector_estimator/vector_field/main_blocks.8/convnext.0/pwconv2/Conv_intermediate' with ID 1076, type 3
    65.9ms [  INFO ] [QNN_CPU] Adding tensor '/vector_estimator/vector_field/main_blocks.8/convnext.0/pwconv2/Conv_intermediate.nchw_perm' with ID 1077, type 4
    65.9ms [  INFO ] [QNN_CPU] Adding tensor '/vector_estimator/vector_field/main_blocks.8/convnext.0/pwconv2/Conv_intermediate.nchw' with ID 1078, type 3
    65.9ms [  INFO ] [QNN_CPU] Adding tensor '/vector_estimator/vector_field/main_blocks.8/convnext.0/pwconv2/Conv_output_0' with ID 1079, type 3
    66.0ms [  INFO ] [QNN_CPU] Adding tensor '/vector_estimator/vector_field/main_blocks.8/convnext.0/pwconv2/Conv_output_0.nfc_perm' with ID 1080, type 4
    66.0ms [  INFO ] [QNN_CPU] Adding tensor '/vector_estimator/vector_field/main_blocks.8/convnext.0/pwconv2/Conv_output_0.nfc' with ID 1081, type 3
    66.0ms [  INFO ] [QNN_CPU] Adding tensor 'vector_estimator.tts.ttl.vector_field.main_blocks.8.convnext.0.gamma' with ID 1082, type 4
    66.0ms [  INFO ] [QNN_CPU] Adding tensor '/vector_estimator/vector_field/main_blocks.8/convnext.0/Mul_2_output_0' with ID 1083, type 3
    66.0ms [  INFO ] [QNN_CPU] Adding tensor '/vector_estimator/vector_field/main_blocks.8/convnext.0/Add_output_0' with ID 1084, type 3
    66.1ms [  INFO ] [QNN_CPU] Adding tensor '/vector_estimator/vector_field/main_blocks.8/convnext.0/Mul_3_output_0' with ID 1085, type 3
    66.1ms [  INFO ] [QNN_CPU] Adding tensor '/vector_estimator/vector_field/main_blocks.9/Transpose_output_0' with ID 1086, type 3
    66.1ms [  INFO ] [QNN_CPU] Adding tensor '/vector_estimator/vector_field/main_blocks.9/attn/W_query/linear/MatMul_pre_reshape' with ID 1087, type 3
    66.4ms [  INFO ] [QNN_CPU] Adding tensor 'onnx::MatMul_3435' with ID 1088, type 4
    66.4ms [  INFO ] [QNN_CPU] Adding tensor 'vector_estimator.tts.ttl.vector_field.main_blocks.9.attn.W_query.linear.bias' with ID 1089, type 4
    66.4ms [  INFO ] [QNN_CPU] Adding tensor '/vector_estimator/vector_field/main_blocks.9/attn/W_query/linear/Add_output_0_fc' with ID 1090, type 3
    66.5ms [  INFO ] [QNN_CPU] Adding tensor '/vector_estimator/vector_field/main_blocks.9/attn/Split/webgpu_reshape' with ID 1091, type 3
    66.5ms [  INFO ] [QNN_CPU] Adding tensor '/vector_estimator/vector_field/main_blocks.9/attn/Split/webgpu_transpose_heads_perm' with ID 1092, type 4
    66.5ms [  INFO ] [QNN_CPU] Adding tensor '/vector_estimator/vector_field/main_blocks.9/attn/Concat_output_0' with ID 1093, type 3
    66.5ms [  INFO ] [QNN_CPU] Adding tensor '/vector_estimator/vector_field/main_blocks.9/attn/Slice_1_ranges' with ID 1094, type 4
    66.5ms [  INFO ] [QNN_CPU] Adding tensor '/vector_estimator/vector_field/main_blocks.9/attn/Slice_1_output_0' with ID 1095, type 3
    66.6ms [  INFO ] [QNN_CPU] Adding tensor '/vector_estimator/vector_field/main_blocks.9/attn/Slice_2_ranges' with ID 1099, type 4
    66.6ms [  INFO ] [QNN_CPU] Adding tensor '/vector_estimator/vector_field/main_blocks.9/attn/Slice_2_output_0' with ID 1100, type 3
    66.6ms [  INFO ] [QNN_CPU] Adding tensor '/vector_estimator/vector_field/main_blocks.9/attn/Mul_3_output_0' with ID 1104, type 3
    66.6ms [  INFO ] [QNN_CPU] Adding tensor '/vector_estimator/vector_field/main_blocks.9/attn/Mul_4_output_0' with ID 1105, type 3
    66.7ms [  INFO ] [QNN_CPU] Adding tensor '/vector_estimator/vector_field/main_blocks.9/attn/Mul_5_output_0' with ID 1106, type 3
    66.7ms [  INFO ] [QNN_CPU] Adding tensor '/vector_estimator/vector_field/main_blocks.9/attn/Mul_6_output_0' with ID 1107, type 3
    66.7ms [  INFO ] [QNN_CPU] Adding tensor '/vector_estimator/vector_field/main_blocks.9/attn/Sub_output_0' with ID 1108, type 3
    66.8ms [  INFO ] [QNN_CPU] Adding tensor '/vector_estimator/vector_field/main_blocks.9/attn/Add_1_output_0' with ID 1109, type 3
    66.8ms [  INFO ] [QNN_CPU] Adding tensor '/vector_estimator/vector_field/main_blocks.9/attn/Concat_3_output_0' with ID 1110, type 3
    66.8ms [  INFO ] [QNN_CPU] Adding tensor '/vector_estimator/vector_field/main_blocks.9/attn/MatMul_output_0' with ID 1111, type 3
    66.8ms [  INFO ] [QNN_CPU] Adding tensor '/vector_estimator/vector_field/main_blocks.9/attn/Div_4_output_0' with ID 1112, type 3
    66.9ms [  INFO ] [QNN_CPU] Adding tensor '/vector_estimator/vector_field/main_blocks.9/attn/Where_output_0' with ID 1113, type 3
    66.9ms [  INFO ] [QNN_CPU] Adding tensor '/vector_estimator/vector_field/main_blocks.9/attn/Softmax_output_0' with ID 1114, type 3
    66.9ms [  INFO ] [QNN_CPU] Adding tensor '/vector_estimator/vector_field/main_blocks.9/attn/Where_1_output_0' with ID 1115, type 3
    67.0ms [  INFO ] [QNN_CPU] Adding tensor '/vector_estimator/vector_field/main_blocks.9/attn/MatMul_1_output_0' with ID 1116, type 3
    67.0ms [  INFO ] [QNN_CPU] Adding tensor '/vector_estimator/vector_field/main_blocks.9/attn/Split_3/webgpu_transpose_merge_perm' with ID 1117, type 4
    67.0ms [  INFO ] [QNN_CPU] Adding tensor '/vector_estimator/vector_field/main_blocks.9/attn/Split_3/webgpu_transpose' with ID 1118, type 3
    67.0ms [  INFO ] [QNN_CPU] Adding tensor '/vector_estimator/vector_field/main_blocks.9/attn/out_fc/linear/MatMul_pre_reshape' with ID 1119, type 3
    67.3ms [  INFO ] [QNN_CPU] Adding tensor 'onnx::MatMul_3444' with ID 1120, type 4
    67.3ms [  INFO ] [QNN_CPU] Adding tensor 'vector_estimator.tts.ttl.vector_field.main_blocks.9.attn.out_fc.linear.bias' with ID 1121, type 4
    67.3ms [  INFO ] [QNN_CPU] Adding tensor '/vector_estimator/vector_field/main_blocks.9/attn/out_fc/linear/Add_output_0_fc' with ID 1122, type 3
    67.3ms [  INFO ] [QNN_CPU] Adding tensor '/vector_estimator/vector_field/main_blocks.9/attn/out_fc/linear/Add_output_0' with ID 1123, type 3
    67.3ms [  INFO ] [QNN_CPU] Adding tensor '/vector_estimator/vector_field/main_blocks.9/Transpose_1_output_0' with ID 1124, type 3
    67.4ms [  INFO ] [QNN_CPU] Adding tensor '/vector_estimator/vector_field/main_blocks.9/norm/Transpose_output_0' with ID 1125, type 3
    67.4ms [  INFO ] [QNN_CPU] Adding tensor '/vector_estimator/vector_field/main_blocks.9/norm/norm/LayerNormalization_axes' with ID 1126, type 4
    67.4ms [  INFO ] [QNN_CPU] Adding tensor 'vector_estimator.tts.ttl.vector_field.main_blocks.9.norm.norm.weight' with ID 1127, type 4
    67.4ms [  INFO ] [QNN_CPU] Adding tensor 'vector_estimator.tts.ttl.vector_field.main_blocks.9.norm.norm.bias' with ID 1128, type 4
    67.4ms [  INFO ] [QNN_CPU] Adding tensor '/vector_estimator/vector_field/main_blocks.9/norm/Transpose_1_output_0' with ID 1129, type 3
    67.4ms [  INFO ] [QNN_CPU] Adding tensor '/vector_estimator/vector_field/main_blocks.9/Mul_1_output_0' with ID 1130, type 3
    67.5ms [  INFO ] [QNN_CPU] Adding tensor '/vector_estimator/vector_field/main_blocks.10/convnext.0/Mul_output_0' with ID 1131, type 3
    67.5ms [  INFO ] [QNN_CPU] Adding tensor '/vector_estimator/vector_field/main_blocks.10/convnext.0/dwconv/Pad_pad_amount' with ID 1132, type 4
    67.5ms [  INFO ] [QNN_CPU] Adding tensor '/vector_estimator/vector_field/main_blocks.10/convnext.0/dwconv/Pad_output_0' with ID 1133, type 3
    67.5ms [  INFO ] [QNN_CPU] Adding tensor '/vector_estimator/vector_field/main_blocks.10/convnext.0/dwconv/Pad_output_0.ncf_perm' with ID 1134, type 4
    67.5ms [  INFO ] [QNN_CPU] Adding tensor '/vector_estimator/vector_field/main_blocks.10/convnext.0/dwconv/Pad_output_0.ncf' with ID 1135, type 3
    67.6ms [  INFO ] [QNN_CPU] Adding tensor '/vector_estimator/vector_field/main_blocks.10/convnext.0/dwconv/Conv_reshape_to_2d' with ID 1136, type 3
    67.6ms [  INFO ] [QNN_CPU] Adding tensor '/vector_estimator/vector_field/main_blocks.10/convnext.0/dwconv/Conv_reshape_to_2d.nhwc_perm' with ID 1137, type 4
    67.6ms [  INFO ] [QNN_CPU] Adding tensor '/vector_estimator/vector_field/main_blocks.10/convnext.0/dwconv/Conv_reshape_to_2d.nhwc' with ID 1138, type 3
    67.6ms [  INFO ] [QNN_CPU] Adding tensor '/vector_estimator/vector_field/main_blocks.10/convnext.0/dwconv/Conv_2d_dilation' with ID 1139, type 4
    67.6ms [  INFO ] [QNN_CPU] Adding tensor '/vector_estimator/vector_field/main_blocks.10/convnext.0/dwconv/Conv_2d_pad_amount' with ID 1140, type 4
    67.6ms [  INFO ] [QNN_CPU] Adding tensor '/vector_estimator/vector_field/main_blocks.10/convnext.0/dwconv/Conv_2d_stride' with ID 1141, type 4
    67.6ms [  INFO ] [QNN_CPU] Adding tensor 'vector_estimator.tts.ttl.vector_field.main_blocks.10.convnext.0.dwconv.weight' with ID 1142, type 4
    67.6ms [  INFO ] [QNN_CPU] Adding tensor 'vector_estimator.tts.ttl.vector_field.main_blocks.10.convnext.0.dwconv.bias' with ID 1143, type 4
    67.6ms [  INFO ] [QNN_CPU] Adding tensor '/vector_estimator/vector_field/main_blocks.10/convnext.0/dwconv/Conv_intermediate' with ID 1144, type 3
    67.7ms [  INFO ] [QNN_CPU] Adding tensor '/vector_estimator/vector_field/main_blocks.10/convnext.0/dwconv/Conv_intermediate.nchw_perm' with ID 1145, type 4
    67.7ms [  INFO ] [QNN_CPU] Adding tensor '/vector_estimator/vector_field/main_blocks.10/convnext.0/dwconv/Conv_intermediate.nchw' with ID 1146, type 3
    67.7ms [  INFO ] [QNN_CPU] Adding tensor '/vector_estimator/vector_field/main_blocks.10/convnext.0/dwconv/Conv_output_0' with ID 1147, type 3
    67.7ms [  INFO ] [QNN_CPU] Adding tensor '/vector_estimator/vector_field/main_blocks.10/convnext.0/dwconv/Conv_output_0.nfc_perm' with ID 1148, type 4
    67.7ms [  INFO ] [QNN_CPU] Adding tensor '/vector_estimator/vector_field/main_blocks.10/convnext.0/dwconv/Conv_output_0.nfc' with ID 1149, type 3
    67.8ms [  INFO ] [QNN_CPU] Adding tensor '/vector_estimator/vector_field/main_blocks.10/convnext.0/norm/Transpose_output_0' with ID 1150, type 3
    67.8ms [  INFO ] [QNN_CPU] Adding tensor '/vector_estimator/vector_field/main_blocks.10/convnext.0/norm/norm/LayerNormalization_axes' with ID 1151, type 4
    67.8ms [  INFO ] [QNN_CPU] Adding tensor 'vector_estimator.tts.ttl.vector_field.main_blocks.10.convnext.0.norm.norm.weight' with ID 1152, type 4
    67.8ms [  INFO ] [QNN_CPU] Adding tensor 'vector_estimator.tts.ttl.vector_field.main_blocks.10.convnext.0.norm.norm.bias' with ID 1153, type 4
    67.8ms [  INFO ] [QNN_CPU] Adding tensor '/vector_estimator/vector_field/main_blocks.10/convnext.0/norm/Transpose_1_output_0' with ID 1154, type 3
    67.8ms [  INFO ] [QNN_CPU] Adding tensor '/vector_estimator/vector_field/main_blocks.10/convnext.0/norm/Transpose_1_output_0.ncf_perm' with ID 1155, type 4
    67.8ms [  INFO ] [QNN_CPU] Adding tensor '/vector_estimator/vector_field/main_blocks.10/convnext.0/norm/Transpose_1_output_0.ncf' with ID 1156, type 3
    67.9ms [  INFO ] [QNN_CPU] Adding tensor '/vector_estimator/vector_field/main_blocks.10/convnext.0/pwconv1/Conv_reshape_to_2d' with ID 1157, type 3
    67.9ms [  INFO ] [QNN_CPU] Adding tensor '/vector_estimator/vector_field/main_blocks.10/convnext.0/pwconv1/Conv_reshape_to_2d.nhwc_perm' with ID 1158, type 4
    67.9ms [  INFO ] [QNN_CPU] Adding tensor '/vector_estimator/vector_field/main_blocks.10/convnext.0/pwconv1/Conv_reshape_to_2d.nhwc' with ID 1159, type 3
    67.9ms [  INFO ] [QNN_CPU] Adding tensor '/vector_estimator/vector_field/main_blocks.10/convnext.0/pwconv1/Conv_2d_dilation' with ID 1160, type 4
    67.9ms [  INFO ] [QNN_CPU] Adding tensor '/vector_estimator/vector_field/main_blocks.10/convnext.0/pwconv1/Conv_2d_pad_amount' with ID 1161, type 4
    67.9ms [  INFO ] [QNN_CPU] Adding tensor '/vector_estimator/vector_field/main_blocks.10/convnext.0/pwconv1/Conv_2d_stride' with ID 1162, type 4
    68.9ms [  INFO ] [QNN_CPU] Adding tensor 'vector_estimator.tts.ttl.vector_field.main_blocks.10.convnext.0.pwconv1.weight' with ID 1163, type 4
    68.9ms [  INFO ] [QNN_CPU] Adding tensor 'vector_estimator.tts.ttl.vector_field.main_blocks.10.convnext.0.pwconv1.bias' with ID 1164, type 4
    69.0ms [  INFO ] [QNN_CPU] Adding tensor '/vector_estimator/vector_field/main_blocks.10/convnext.0/pwconv1/Conv_intermediate' with ID 1165, type 3
    69.0ms [  INFO ] [QNN_CPU] Adding tensor '/vector_estimator/vector_field/main_blocks.10/convnext.0/pwconv1/Conv_intermediate.nchw_perm' with ID 1166, type 4
    69.0ms [  INFO ] [QNN_CPU] Adding tensor '/vector_estimator/vector_field/main_blocks.10/convnext.0/pwconv1/Conv_intermediate.nchw' with ID 1167, type 3
    69.1ms [  INFO ] [QNN_CPU] Adding tensor '/vector_estimator/vector_field/main_blocks.10/convnext.0/pwconv1/Conv_output_0' with ID 1168, type 3
    69.1ms [  INFO ] [QNN_CPU] Adding tensor '/vector_estimator/vector_field/main_blocks.10/convnext.0/act/Mul_1_output_0' with ID 1169, type 3
    69.1ms [  INFO ] [QNN_CPU] Adding tensor '/vector_estimator/vector_field/main_blocks.10/convnext.0/pwconv2/Conv_reshape_to_2d' with ID 1170, type 3
    69.2ms [  INFO ] [QNN_CPU] Adding tensor '/vector_estimator/vector_field/main_blocks.10/convnext.0/pwconv2/Conv_reshape_to_2d.nhwc_perm' with ID 1171, type 4
    69.2ms [  INFO ] [QNN_CPU] Adding tensor '/vector_estimator/vector_field/main_blocks.10/convnext.0/pwconv2/Conv_reshape_to_2d.nhwc' with ID 1172, type 3
    69.2ms [  INFO ] [QNN_CPU] Adding tensor '/vector_estimator/vector_field/main_blocks.10/convnext.0/pwconv2/Conv_2d_dilation' with ID 1173, type 4
    69.2ms [  INFO ] [QNN_CPU] Adding tensor '/vector_estimator/vector_field/main_blocks.10/convnext.0/pwconv2/Conv_2d_pad_amount' with ID 1174, type 4
    69.2ms [  INFO ] [QNN_CPU] Adding tensor '/vector_estimator/vector_field/main_blocks.10/convnext.0/pwconv2/Conv_2d_stride' with ID 1175, type 4
    70.1ms [  INFO ] [QNN_CPU] Adding tensor 'vector_estimator.tts.ttl.vector_field.main_blocks.10.convnext.0.pwconv2.weight' with ID 1176, type 4
    70.1ms [  INFO ] [QNN_CPU] Adding tensor 'vector_estimator.tts.ttl.vector_field.main_blocks.10.convnext.0.pwconv2.bias' with ID 1177, type 4
    70.2ms [  INFO ] [QNN_CPU] Adding tensor '/vector_estimator/vector_field/main_blocks.10/convnext.0/pwconv2/Conv_intermediate' with ID 1178, type 3
    70.2ms [  INFO ] [QNN_CPU] Adding tensor '/vector_estimator/vector_field/main_blocks.10/convnext.0/pwconv2/Conv_intermediate.nchw_perm' with ID 1179, type 4
    70.2ms [  INFO ] [QNN_CPU] Adding tensor '/vector_estimator/vector_field/main_blocks.10/convnext.0/pwconv2/Conv_intermediate.nchw' with ID 1180, type 3
    70.2ms [  INFO ] [QNN_CPU] Adding tensor '/vector_estimator/vector_field/main_blocks.10/convnext.0/pwconv2/Conv_output_0' with ID 1181, type 3
    70.3ms [  INFO ] [QNN_CPU] Adding tensor '/vector_estimator/vector_field/main_blocks.10/convnext.0/pwconv2/Conv_output_0.nfc_perm' with ID 1182, type 4
    70.3ms [  INFO ] [QNN_CPU] Adding tensor '/vector_estimator/vector_field/main_blocks.10/convnext.0/pwconv2/Conv_output_0.nfc' with ID 1183, type 3
    70.3ms [  INFO ] [QNN_CPU] Adding tensor 'vector_estimator.tts.ttl.vector_field.main_blocks.10.convnext.0.gamma' with ID 1184, type 4
    70.3ms [  INFO ] [QNN_CPU] Adding tensor '/vector_estimator/vector_field/main_blocks.10/convnext.0/Mul_2_output_0' with ID 1185, type 3
    70.4ms [  INFO ] [QNN_CPU] Adding tensor '/vector_estimator/vector_field/main_blocks.10/convnext.0/Add_output_0' with ID 1186, type 3
    70.4ms [  INFO ] [QNN_CPU] Adding tensor '/vector_estimator/vector_field/main_blocks.10/convnext.0/Mul_3_output_0' with ID 1187, type 3
    70.4ms [  INFO ] [QNN_CPU] Adding tensor '/vector_estimator/vector_field/main_blocks.11/Transpose_output_0' with ID 1188, type 3
    70.4ms [  INFO ] [QNN_CPU] Adding tensor '/vector_estimator/vector_field/main_blocks.11/attention/W_query/linear/MatMul_pre_reshape' with ID 1189, type 3
    70.6ms [  INFO ] [QNN_CPU] Adding tensor 'onnx::MatMul_3450' with ID 1190, type 4
    70.6ms [  INFO ] [QNN_CPU] Adding tensor 'vector_estimator.tts.ttl.vector_field.main_blocks.11.attention.W_query.linear.bias' with ID 1191, type 4
    70.6ms [  INFO ] [QNN_CPU] Adding tensor '/vector_estimator/vector_field/main_blocks.11/attention/W_query/linear/Add_output_0_fc' with ID 1192, type 3
    70.6ms [  INFO ] [QNN_CPU] Adding tensor '/vector_estimator/vector_field/main_blocks.11/attention/W_query/linear/Add_output_0' with ID 1193, type 3
    70.7ms [  INFO ] [QNN_CPU] Adding tensor '/vector_estimator/vector_field/main_blocks.11/attention/Split_split_index' with ID 1194, type 4
    70.7ms [  INFO ] [QNN_CPU] Adding tensor '/vector_estimator/vector_field/main_blocks.11/attention/Split_output_0' with ID 1195, type 3
    70.7ms [  INFO ] [QNN_CPU] Adding tensor '/vector_estimator/vector_field/main_blocks.11/attention/Split_output_1' with ID 1196, type 3
    70.7ms [  INFO ] [QNN_CPU] Adding tensor '/vector_estimator/vector_field/main_blocks.11/attention/Unsqueeze_output_0' with ID 1199, type 3
    70.7ms [  INFO ] [QNN_CPU] Adding tensor '/vector_estimator/vector_field/main_blocks.11/attention/Unsqueeze_1_output_0' with ID 1200, type 3
    70.8ms [  INFO ] [QNN_CPU] Adding tensor '/vector_estimator/vector_field/main_blocks.11/attention/Concat_output_0' with ID 1201, type 3
    70.8ms [  INFO ] [QNN_CPU] Adding tensor '/vector_estimator/vector_field/main_blocks.11/attention/MatMul_output_0' with ID 1202, type 3
    70.8ms [  INFO ] [QNN_CPU] Adding tensor '/vector_estimator/vector_field/main_blocks.11/attention/Div_output_0' with ID 1203, type 3
    70.9ms [  INFO ] [QNN_CPU] Adding tensor '/vector_estimator/vector_field/main_blocks.11/attention/Softmax_output_0' with ID 1204, type 3
    70.9ms [  INFO ] [QNN_CPU] Adding tensor '/vector_estimator/vector_field/main_blocks.11/attention/Where_output_0' with ID 1205, type 3
    70.9ms [  INFO ] [QNN_CPU] Adding tensor '/vector_estimator/vector_field/main_blocks.11/attention/MatMul_1_output_0' with ID 1206, type 3
    71.0ms [  INFO ] [QNN_CPU] Adding tensor '/vector_estimator/vector_field/main_blocks.11/attention/Split_3_split_index' with ID 1207, type 4
    71.0ms [  INFO ] [QNN_CPU] Adding tensor '/vector_estimator/vector_field/main_blocks.11/attention/Split_3_output_0' with ID 1208, type 3
    71.0ms [  INFO ] [QNN_CPU] Adding tensor '/vector_estimator/vector_field/main_blocks.11/attention/Split_3_output_1' with ID 1209, type 3
    71.0ms [  INFO ] [QNN_CPU] Adding tensor '/vector_estimator/vector_field/main_blocks.11/attention/Concat_3_output_0' with ID 1212, type 3
    71.0ms [  INFO ] [QNN_CPU] Adding tensor '/vector_estimator/vector_field/main_blocks.11/attention/out_fc/linear/MatMul_pre_reshape' with ID 1213, type 3
    71.2ms [  INFO ] [QNN_CPU] Adding tensor 'onnx::MatMul_3453' with ID 1214, type 4
    71.2ms [  INFO ] [QNN_CPU] Adding tensor 'vector_estimator.tts.ttl.vector_field.main_blocks.11.attention.out_fc.linear.bias' with ID 1215, type 4
    71.2ms [  INFO ] [QNN_CPU] Adding tensor '/vector_estimator/vector_field/main_blocks.11/attention/out_fc/linear/Add_output_0_fc' with ID 1216, type 3
    71.2ms [  INFO ] [QNN_CPU] Adding tensor '/vector_estimator/vector_field/main_blocks.11/attention/out_fc/linear/Add_output_0' with ID 1217, type 3
    71.2ms [  INFO ] [QNN_CPU] Adding tensor '/vector_estimator/vector_field/main_blocks.11/Transpose_1_output_0' with ID 1218, type 3
    71.3ms [  INFO ] [QNN_CPU] Adding tensor '/vector_estimator/vector_field/main_blocks.11/norm/Transpose_output_0' with ID 1219, type 3
    71.3ms [  INFO ] [QNN_CPU] Adding tensor '/vector_estimator/vector_field/main_blocks.11/norm/norm/LayerNormalization_axes' with ID 1220, type 4
    71.3ms [  INFO ] [QNN_CPU] Adding tensor 'vector_estimator.tts.ttl.vector_field.main_blocks.11.norm.norm.weight' with ID 1221, type 4
    71.3ms [  INFO ] [QNN_CPU] Adding tensor 'vector_estimator.tts.ttl.vector_field.main_blocks.11.norm.norm.bias' with ID 1222, type 4
    71.3ms [  INFO ] [QNN_CPU] Adding tensor '/vector_estimator/vector_field/main_blocks.11/norm/Transpose_1_output_0' with ID 1223, type 3
    71.4ms [  INFO ] [QNN_CPU] Adding tensor '/vector_estimator/vector_field/main_blocks.11/Mul_1_output_0' with ID 1224, type 3
    71.4ms [  INFO ] [QNN_CPU] Adding tensor '/vector_estimator/vector_field/main_blocks.12/convnext.0/Mul_output_0' with ID 1225, type 3
    71.4ms [  INFO ] [QNN_CPU] Adding tensor '/vector_estimator/vector_field/main_blocks.12/convnext.0/dwconv/Pad_pad_amount' with ID 1226, type 4
    71.4ms [  INFO ] [QNN_CPU] Adding tensor '/vector_estimator/vector_field/main_blocks.12/convnext.0/dwconv/Pad_output_0' with ID 1227, type 3
    71.4ms [  INFO ] [QNN_CPU] Adding tensor '/vector_estimator/vector_field/main_blocks.12/convnext.0/dwconv/Pad_output_0.ncf_perm' with ID 1228, type 4
    71.4ms [  INFO ] [QNN_CPU] Adding tensor '/vector_estimator/vector_field/main_blocks.12/convnext.0/dwconv/Pad_output_0.ncf' with ID 1229, type 3
    71.5ms [  INFO ] [QNN_CPU] Adding tensor '/vector_estimator/vector_field/main_blocks.12/convnext.0/dwconv/Conv_reshape_to_2d' with ID 1230, type 3
    71.5ms [  INFO ] [QNN_CPU] Adding tensor '/vector_estimator/vector_field/main_blocks.12/convnext.0/dwconv/Conv_reshape_to_2d.nhwc_perm' with ID 1231, type 4
    71.5ms [  INFO ] [QNN_CPU] Adding tensor '/vector_estimator/vector_field/main_blocks.12/convnext.0/dwconv/Conv_reshape_to_2d.nhwc' with ID 1232, type 3
    71.5ms [  INFO ] [QNN_CPU] Adding tensor '/vector_estimator/vector_field/main_blocks.12/convnext.0/dwconv/Conv_2d_dilation' with ID 1233, type 4
    71.5ms [  INFO ] [QNN_CPU] Adding tensor '/vector_estimator/vector_field/main_blocks.12/convnext.0/dwconv/Conv_2d_pad_amount' with ID 1234, type 4
    71.5ms [  INFO ] [QNN_CPU] Adding tensor '/vector_estimator/vector_field/main_blocks.12/convnext.0/dwconv/Conv_2d_stride' with ID 1235, type 4
    71.5ms [  INFO ] [QNN_CPU] Adding tensor 'vector_estimator.tts.ttl.vector_field.main_blocks.12.convnext.0.dwconv.weight' with ID 1236, type 4
    71.5ms [  INFO ] [QNN_CPU] Adding tensor 'vector_estimator.tts.ttl.vector_field.main_blocks.12.convnext.0.dwconv.bias' with ID 1237, type 4
    71.5ms [  INFO ] [QNN_CPU] Adding tensor '/vector_estimator/vector_field/main_blocks.12/convnext.0/dwconv/Conv_intermediate' with ID 1238, type 3
    71.6ms [  INFO ] [QNN_CPU] Adding tensor '/vector_estimator/vector_field/main_blocks.12/convnext.0/dwconv/Conv_intermediate.nchw_perm' with ID 1239, type 4
    71.6ms [  INFO ] [QNN_CPU] Adding tensor '/vector_estimator/vector_field/main_blocks.12/convnext.0/dwconv/Conv_intermediate.nchw' with ID 1240, type 3
    71.6ms [  INFO ] [QNN_CPU] Adding tensor '/vector_estimator/vector_field/main_blocks.12/convnext.0/dwconv/Conv_output_0' with ID 1241, type 3
    71.6ms [  INFO ] [QNN_CPU] Adding tensor '/vector_estimator/vector_field/main_blocks.12/convnext.0/dwconv/Conv_output_0.nfc_perm' with ID 1242, type 4
    71.6ms [  INFO ] [QNN_CPU] Adding tensor '/vector_estimator/vector_field/main_blocks.12/convnext.0/dwconv/Conv_output_0.nfc' with ID 1243, type 3
    71.6ms [  INFO ] [QNN_CPU] Adding tensor '/vector_estimator/vector_field/main_blocks.12/convnext.0/norm/Transpose_output_0' with ID 1244, type 3
    71.7ms [  INFO ] [QNN_CPU] Adding tensor '/vector_estimator/vector_field/main_blocks.12/convnext.0/norm/norm/LayerNormalization_axes' with ID 1245, type 4
    71.7ms [  INFO ] [QNN_CPU] Adding tensor 'vector_estimator.tts.ttl.vector_field.main_blocks.12.convnext.0.norm.norm.weight' with ID 1246, type 4
    71.7ms [  INFO ] [QNN_CPU] Adding tensor 'vector_estimator.tts.ttl.vector_field.main_blocks.12.convnext.0.norm.norm.bias' with ID 1247, type 4
    71.7ms [  INFO ] [QNN_CPU] Adding tensor '/vector_estimator/vector_field/main_blocks.12/convnext.0/norm/Transpose_1_output_0' with ID 1248, type 3
    71.7ms [  INFO ] [QNN_CPU] Adding tensor '/vector_estimator/vector_field/main_blocks.12/convnext.0/norm/Transpose_1_output_0.ncf_perm' with ID 1249, type 4
    71.7ms [  INFO ] [QNN_CPU] Adding tensor '/vector_estimator/vector_field/main_blocks.12/convnext.0/norm/Transpose_1_output_0.ncf' with ID 1250, type 3
    71.7ms [  INFO ] [QNN_CPU] Adding tensor '/vector_estimator/vector_field/main_blocks.12/convnext.0/pwconv1/Conv_reshape_to_2d' with ID 1251, type 3
    71.9ms [  INFO ] [QNN_CPU] Adding tensor '/vector_estimator/vector_field/main_blocks.12/convnext.0/pwconv1/Conv_reshape_to_2d.nhwc_perm' with ID 1252, type 4
    71.9ms [  INFO ] [QNN_CPU] Adding tensor '/vector_estimator/vector_field/main_blocks.12/convnext.0/pwconv1/Conv_reshape_to_2d.nhwc' with ID 1253, type 3
    72.0ms [  INFO ] [QNN_CPU] Adding tensor '/vector_estimator/vector_field/main_blocks.12/convnext.0/pwconv1/Conv_2d_dilation' with ID 1254, type 4
    72.0ms [  INFO ] [QNN_CPU] Adding tensor '/vector_estimator/vector_field/main_blocks.12/convnext.0/pwconv1/Conv_2d_pad_amount' with ID 1255, type 4
    72.0ms [  INFO ] [QNN_CPU] Adding tensor '/vector_estimator/vector_field/main_blocks.12/convnext.0/pwconv1/Conv_2d_stride' with ID 1256, type 4
    73.1ms [  INFO ] [QNN_CPU] Adding tensor 'vector_estimator.tts.ttl.vector_field.main_blocks.12.convnext.0.pwconv1.weight' with ID 1257, type 4
    73.2ms [  INFO ] [QNN_CPU] Adding tensor 'vector_estimator.tts.ttl.vector_field.main_blocks.12.convnext.0.pwconv1.bias' with ID 1258, type 4
    73.2ms [  INFO ] [QNN_CPU] Adding tensor '/vector_estimator/vector_field/main_blocks.12/convnext.0/pwconv1/Conv_intermediate' with ID 1259, type 3
    73.2ms [  INFO ] [QNN_CPU] Adding tensor '/vector_estimator/vector_field/main_blocks.12/convnext.0/pwconv1/Conv_intermediate.nchw_perm' with ID 1260, type 4
    73.2ms [  INFO ] [QNN_CPU] Adding tensor '/vector_estimator/vector_field/main_blocks.12/convnext.0/pwconv1/Conv_intermediate.nchw' with ID 1261, type 3
    73.3ms [  INFO ] [QNN_CPU] Adding tensor '/vector_estimator/vector_field/main_blocks.12/convnext.0/pwconv1/Conv_output_0' with ID 1262, type 3
    73.3ms [  INFO ] [QNN_CPU] Adding tensor '/vector_estimator/vector_field/main_blocks.12/convnext.0/act/Mul_1_output_0' with ID 1263, type 3
    73.3ms [  INFO ] [QNN_CPU] Adding tensor '/vector_estimator/vector_field/main_blocks.12/convnext.0/pwconv2/Conv_reshape_to_2d' with ID 1264, type 3
    73.4ms [  INFO ] [QNN_CPU] Adding tensor '/vector_estimator/vector_field/main_blocks.12/convnext.0/pwconv2/Conv_reshape_to_2d.nhwc_perm' with ID 1265, type 4
    73.4ms [  INFO ] [QNN_CPU] Adding tensor '/vector_estimator/vector_field/main_blocks.12/convnext.0/pwconv2/Conv_reshape_to_2d.nhwc' with ID 1266, type 3
    73.4ms [  INFO ] [QNN_CPU] Adding tensor '/vector_estimator/vector_field/main_blocks.12/convnext.0/pwconv2/Conv_2d_dilation' with ID 1267, type 4
    73.4ms [  INFO ] [QNN_CPU] Adding tensor '/vector_estimator/vector_field/main_blocks.12/convnext.0/pwconv2/Conv_2d_pad_amount' with ID 1268, type 4
    73.4ms [  INFO ] [QNN_CPU] Adding tensor '/vector_estimator/vector_field/main_blocks.12/convnext.0/pwconv2/Conv_2d_stride' with ID 1269, type 4
    74.5ms [  INFO ] [QNN_CPU] Adding tensor 'vector_estimator.tts.ttl.vector_field.main_blocks.12.convnext.0.pwconv2.weight' with ID 1270, type 4
    74.5ms [  INFO ] [QNN_CPU] Adding tensor 'vector_estimator.tts.ttl.vector_field.main_blocks.12.convnext.0.pwconv2.bias' with ID 1271, type 4
    74.5ms [  INFO ] [QNN_CPU] Adding tensor '/vector_estimator/vector_field/main_blocks.12/convnext.0/pwconv2/Conv_intermediate' with ID 1272, type 3
    74.6ms [  INFO ] [QNN_CPU] Adding tensor '/vector_estimator/vector_field/main_blocks.12/convnext.0/pwconv2/Conv_intermediate.nchw_perm' with ID 1273, type 4
    74.6ms [  INFO ] [QNN_CPU] Adding tensor '/vector_estimator/vector_field/main_blocks.12/convnext.0/pwconv2/Conv_intermediate.nchw' with ID 1274, type 3
    74.6ms [  INFO ] [QNN_CPU] Adding tensor '/vector_estimator/vector_field/main_blocks.12/convnext.0/pwconv2/Conv_output_0' with ID 1275, type 3
    74.6ms [  INFO ] [QNN_CPU] Adding tensor '/vector_estimator/vector_field/main_blocks.12/convnext.0/pwconv2/Conv_output_0.nfc_perm' with ID 1276, type 4
    74.6ms [  INFO ] [QNN_CPU] Adding tensor '/vector_estimator/vector_field/main_blocks.12/convnext.0/pwconv2/Conv_output_0.nfc' with ID 1277, type 3
    74.7ms [  INFO ] [QNN_CPU] Adding tensor 'vector_estimator.tts.ttl.vector_field.main_blocks.12.convnext.0.gamma' with ID 1278, type 4
    74.7ms [  INFO ] [QNN_CPU] Adding tensor '/vector_estimator/vector_field/main_blocks.12/convnext.0/Mul_2_output_0' with ID 1279, type 3
    74.7ms [  INFO ] [QNN_CPU] Adding tensor '/vector_estimator/vector_field/main_blocks.12/convnext.0/Add_output_0' with ID 1280, type 3
    74.8ms [  INFO ] [QNN_CPU] Adding tensor '/vector_estimator/vector_field/main_blocks.12/convnext.0/Mul_3_output_0' with ID 1281, type 3
    74.8ms [  INFO ] [QNN_CPU] Adding tensor '/vector_estimator/vector_field/main_blocks.12/convnext.1/Mul_output_0' with ID 1282, type 3
    74.8ms [  INFO ] [QNN_CPU] Adding tensor '/vector_estimator/vector_field/main_blocks.12/convnext.1/dwconv/Pad_pad_amount' with ID 1283, type 4
    74.8ms [  INFO ] [QNN_CPU] Adding tensor '/vector_estimator/vector_field/main_blocks.12/convnext.1/dwconv/Pad_output_0' with ID 1284, type 3
    74.8ms [  INFO ] [QNN_CPU] Adding tensor '/vector_estimator/vector_field/main_blocks.12/convnext.1/dwconv/Pad_output_0.ncf_perm' with ID 1285, type 4
    74.9ms [  INFO ] [QNN_CPU] Adding tensor '/vector_estimator/vector_field/main_blocks.12/convnext.1/dwconv/Pad_output_0.ncf' with ID 1286, type 3
    74.9ms [  INFO ] [QNN_CPU] Adding tensor '/vector_estimator/vector_field/main_blocks.12/convnext.1/dwconv/Conv_reshape_to_2d' with ID 1287, type 3
    74.9ms [  INFO ] [QNN_CPU] Adding tensor '/vector_estimator/vector_field/main_blocks.12/convnext.1/dwconv/Conv_reshape_to_2d.nhwc_perm' with ID 1288, type 4
    74.9ms [  INFO ] [QNN_CPU] Adding tensor '/vector_estimator/vector_field/main_blocks.12/convnext.1/dwconv/Conv_reshape_to_2d.nhwc' with ID 1289, type 3
    74.9ms [  INFO ] [QNN_CPU] Adding tensor '/vector_estimator/vector_field/main_blocks.12/convnext.1/dwconv/Conv_2d_dilation' with ID 1290, type 4
    74.9ms [  INFO ] [QNN_CPU] Adding tensor '/vector_estimator/vector_field/main_blocks.12/convnext.1/dwconv/Conv_2d_pad_amount' with ID 1291, type 4
    74.9ms [  INFO ] [QNN_CPU] Adding tensor '/vector_estimator/vector_field/main_blocks.12/convnext.1/dwconv/Conv_2d_stride' with ID 1292, type 4
    75.0ms [  INFO ] [QNN_CPU] Adding tensor 'vector_estimator.tts.ttl.vector_field.main_blocks.12.convnext.1.dwconv.weight' with ID 1293, type 4
    75.0ms [  INFO ] [QNN_CPU] Adding tensor 'vector_estimator.tts.ttl.vector_field.main_blocks.12.convnext.1.dwconv.bias' with ID 1294, type 4
    75.0ms [  INFO ] [QNN_CPU] Adding tensor '/vector_estimator/vector_field/main_blocks.12/convnext.1/dwconv/Conv_intermediate' with ID 1295, type 3
    75.0ms [  INFO ] [QNN_CPU] Adding tensor '/vector_estimator/vector_field/main_blocks.12/convnext.1/dwconv/Conv_intermediate.nchw_perm' with ID 1296, type 4
    75.0ms [  INFO ] [QNN_CPU] Adding tensor '/vector_estimator/vector_field/main_blocks.12/convnext.1/dwconv/Conv_intermediate.nchw' with ID 1297, type 3
    75.0ms [  INFO ] [QNN_CPU] Adding tensor '/vector_estimator/vector_field/main_blocks.12/convnext.1/dwconv/Conv_output_0' with ID 1298, type 3
    75.0ms [  INFO ] [QNN_CPU] Adding tensor '/vector_estimator/vector_field/main_blocks.12/convnext.1/dwconv/Conv_output_0.nfc_perm' with ID 1299, type 4
    75.1ms [  INFO ] [QNN_CPU] Adding tensor '/vector_estimator/vector_field/main_blocks.12/convnext.1/dwconv/Conv_output_0.nfc' with ID 1300, type 3
    75.1ms [  INFO ] [QNN_CPU] Adding tensor '/vector_estimator/vector_field/main_blocks.12/convnext.1/norm/Transpose_output_0' with ID 1301, type 3
    75.2ms [  INFO ] [QNN_CPU] Adding tensor '/vector_estimator/vector_field/main_blocks.12/convnext.1/norm/norm/LayerNormalization_axes' with ID 1302, type 4
    75.2ms [  INFO ] [QNN_CPU] Adding tensor 'vector_estimator.tts.ttl.vector_field.main_blocks.12.convnext.1.norm.norm.weight' with ID 1303, type 4
    75.2ms [  INFO ] [QNN_CPU] Adding tensor 'vector_estimator.tts.ttl.vector_field.main_blocks.12.convnext.1.norm.norm.bias' with ID 1304, type 4
    75.2ms [  INFO ] [QNN_CPU] Adding tensor '/vector_estimator/vector_field/main_blocks.12/convnext.1/norm/Transpose_1_output_0' with ID 1305, type 3
    75.2ms [  INFO ] [QNN_CPU] Adding tensor '/vector_estimator/vector_field/main_blocks.12/convnext.1/norm/Transpose_1_output_0.ncf_perm' with ID 1306, type 4
    75.2ms [  INFO ] [QNN_CPU] Adding tensor '/vector_estimator/vector_field/main_blocks.12/convnext.1/norm/Transpose_1_output_0.ncf' with ID 1307, type 3
    75.2ms [  INFO ] [QNN_CPU] Adding tensor '/vector_estimator/vector_field/main_blocks.12/convnext.1/pwconv1/Conv_reshape_to_2d' with ID 1308, type 3
    75.3ms [  INFO ] [QNN_CPU] Adding tensor '/vector_estimator/vector_field/main_blocks.12/convnext.1/pwconv1/Conv_reshape_to_2d.nhwc_perm' with ID 1309, type 4
    75.3ms [  INFO ] [QNN_CPU] Adding tensor '/vector_estimator/vector_field/main_blocks.12/convnext.1/pwconv1/Conv_reshape_to_2d.nhwc' with ID 1310, type 3
    75.3ms [  INFO ] [QNN_CPU] Adding tensor '/vector_estimator/vector_field/main_blocks.12/convnext.1/pwconv1/Conv_2d_dilation' with ID 1311, type 4
    75.3ms [  INFO ] [QNN_CPU] Adding tensor '/vector_estimator/vector_field/main_blocks.12/convnext.1/pwconv1/Conv_2d_pad_amount' with ID 1312, type 4
    75.3ms [  INFO ] [QNN_CPU] Adding tensor '/vector_estimator/vector_field/main_blocks.12/convnext.1/pwconv1/Conv_2d_stride' with ID 1313, type 4
    76.3ms [  INFO ] [QNN_CPU] Adding tensor 'vector_estimator.tts.ttl.vector_field.main_blocks.12.convnext.1.pwconv1.weight' with ID 1314, type 4
    76.4ms [  INFO ] [QNN_CPU] Adding tensor 'vector_estimator.tts.ttl.vector_field.main_blocks.12.convnext.1.pwconv1.bias' with ID 1315, type 4
    76.4ms [  INFO ] [QNN_CPU] Adding tensor '/vector_estimator/vector_field/main_blocks.12/convnext.1/pwconv1/Conv_intermediate' with ID 1316, type 3
    76.4ms [  INFO ] [QNN_CPU] Adding tensor '/vector_estimator/vector_field/main_blocks.12/convnext.1/pwconv1/Conv_intermediate.nchw_perm' with ID 1317, type 4
    76.4ms [  INFO ] [QNN_CPU] Adding tensor '/vector_estimator/vector_field/main_blocks.12/convnext.1/pwconv1/Conv_intermediate.nchw' with ID 1318, type 3
    76.5ms [  INFO ] [QNN_CPU] Adding tensor '/vector_estimator/vector_field/main_blocks.12/convnext.1/pwconv1/Conv_output_0' with ID 1319, type 3
    76.5ms [  INFO ] [QNN_CPU] Adding tensor '/vector_estimator/vector_field/main_blocks.12/convnext.1/act/Mul_1_output_0' with ID 1320, type 3
    76.5ms [  INFO ] [QNN_CPU] Adding tensor '/vector_estimator/vector_field/main_blocks.12/convnext.1/pwconv2/Conv_reshape_to_2d' with ID 1321, type 3
    76.5ms [  INFO ] [QNN_CPU] Adding tensor '/vector_estimator/vector_field/main_blocks.12/convnext.1/pwconv2/Conv_reshape_to_2d.nhwc_perm' with ID 1322, type 4
    76.6ms [  INFO ] [QNN_CPU] Adding tensor '/vector_estimator/vector_field/main_blocks.12/convnext.1/pwconv2/Conv_reshape_to_2d.nhwc' with ID 1323, type 3
    76.6ms [  INFO ] [QNN_CPU] Adding tensor '/vector_estimator/vector_field/main_blocks.12/convnext.1/pwconv2/Conv_2d_dilation' with ID 1324, type 4
    76.6ms [  INFO ] [QNN_CPU] Adding tensor '/vector_estimator/vector_field/main_blocks.12/convnext.1/pwconv2/Conv_2d_pad_amount' with ID 1325, type 4
    76.6ms [  INFO ] [QNN_CPU] Adding tensor '/vector_estimator/vector_field/main_blocks.12/convnext.1/pwconv2/Conv_2d_stride' with ID 1326, type 4
    77.6ms [  INFO ] [QNN_CPU] Adding tensor 'vector_estimator.tts.ttl.vector_field.main_blocks.12.convnext.1.pwconv2.weight' with ID 1327, type 4
    77.6ms [  INFO ] [QNN_CPU] Adding tensor 'vector_estimator.tts.ttl.vector_field.main_blocks.12.convnext.1.pwconv2.bias' with ID 1328, type 4
    77.7ms [  INFO ] [QNN_CPU] Adding tensor '/vector_estimator/vector_field/main_blocks.12/convnext.1/pwconv2/Conv_intermediate' with ID 1329, type 3
    77.8ms [  INFO ] [QNN_CPU] Adding tensor '/vector_estimator/vector_field/main_blocks.12/convnext.1/pwconv2/Conv_intermediate.nchw_perm' with ID 1330, type 4
    77.8ms [  INFO ] [QNN_CPU] Adding tensor '/vector_estimator/vector_field/main_blocks.12/convnext.1/pwconv2/Conv_intermediate.nchw' with ID 1331, type 3
    77.8ms [  INFO ] [QNN_CPU] Adding tensor '/vector_estimator/vector_field/main_blocks.12/convnext.1/pwconv2/Conv_output_0' with ID 1332, type 3
    77.9ms [  INFO ] [QNN_CPU] Adding tensor '/vector_estimator/vector_field/main_blocks.12/convnext.1/pwconv2/Conv_output_0.nfc_perm' with ID 1333, type 4
    77.9ms [  INFO ] [QNN_CPU] Adding tensor '/vector_estimator/vector_field/main_blocks.12/convnext.1/pwconv2/Conv_output_0.nfc' with ID 1334, type 3
    78.0ms [  INFO ] [QNN_CPU] Adding tensor 'vector_estimator.tts.ttl.vector_field.main_blocks.12.convnext.1.gamma' with ID 1335, type 4
    78.0ms [  INFO ] [QNN_CPU] Adding tensor '/vector_estimator/vector_field/main_blocks.12/convnext.1/Mul_2_output_0' with ID 1336, type 3
    78.0ms [  INFO ] [QNN_CPU] Adding tensor '/vector_estimator/vector_field/main_blocks.12/convnext.1/Add_output_0' with ID 1337, type 3
    78.1ms [  INFO ] [QNN_CPU] Adding tensor '/vector_estimator/vector_field/main_blocks.12/convnext.1/Mul_3_output_0' with ID 1338, type 3
    78.1ms [  INFO ] [QNN_CPU] Adding tensor '/vector_estimator/vector_field/main_blocks.12/convnext.2/Mul_output_0' with ID 1339, type 3
    78.1ms [  INFO ] [QNN_CPU] Adding tensor '/vector_estimator/vector_field/main_blocks.12/convnext.2/dwconv/Pad_pad_amount' with ID 1340, type 4
    78.1ms [  INFO ] [QNN_CPU] Adding tensor '/vector_estimator/vector_field/main_blocks.12/convnext.2/dwconv/Pad_output_0' with ID 1341, type 3
    78.2ms [  INFO ] [QNN_CPU] Adding tensor '/vector_estimator/vector_field/main_blocks.12/convnext.2/dwconv/Pad_output_0.ncf_perm' with ID 1342, type 4
    78.2ms [  INFO ] [QNN_CPU] Adding tensor '/vector_estimator/vector_field/main_blocks.12/convnext.2/dwconv/Pad_output_0.ncf' with ID 1343, type 3
    78.2ms [  INFO ] [QNN_CPU] Adding tensor '/vector_estimator/vector_field/main_blocks.12/convnext.2/dwconv/Conv_reshape_to_2d' with ID 1344, type 3
    78.2ms [  INFO ] [QNN_CPU] Adding tensor '/vector_estimator/vector_field/main_blocks.12/convnext.2/dwconv/Conv_reshape_to_2d.nhwc_perm' with ID 1345, type 4
    78.2ms [  INFO ] [QNN_CPU] Adding tensor '/vector_estimator/vector_field/main_blocks.12/convnext.2/dwconv/Conv_reshape_to_2d.nhwc' with ID 1346, type 3
    78.3ms [  INFO ] [QNN_CPU] Adding tensor '/vector_estimator/vector_field/main_blocks.12/convnext.2/dwconv/Conv_2d_dilation' with ID 1347, type 4
    78.3ms [  INFO ] [QNN_CPU] Adding tensor '/vector_estimator/vector_field/main_blocks.12/convnext.2/dwconv/Conv_2d_pad_amount' with ID 1348, type 4
    78.3ms [  INFO ] [QNN_CPU] Adding tensor '/vector_estimator/vector_field/main_blocks.12/convnext.2/dwconv/Conv_2d_stride' with ID 1349, type 4
    78.3ms [  INFO ] [QNN_CPU] Adding tensor 'vector_estimator.tts.ttl.vector_field.main_blocks.12.convnext.2.dwconv.weight' with ID 1350, type 4
    78.3ms [  INFO ] [QNN_CPU] Adding tensor 'vector_estimator.tts.ttl.vector_field.main_blocks.12.convnext.2.dwconv.bias' with ID 1351, type 4
    78.3ms [  INFO ] [QNN_CPU] Adding tensor '/vector_estimator/vector_field/main_blocks.12/convnext.2/dwconv/Conv_intermediate' with ID 1352, type 3
    78.3ms [  INFO ] [QNN_CPU] Adding tensor '/vector_estimator/vector_field/main_blocks.12/convnext.2/dwconv/Conv_intermediate.nchw_perm' with ID 1353, type 4
    78.3ms [  INFO ] [QNN_CPU] Adding tensor '/vector_estimator/vector_field/main_blocks.12/convnext.2/dwconv/Conv_intermediate.nchw' with ID 1354, type 3
    78.3ms [  INFO ] [QNN_CPU] Adding tensor '/vector_estimator/vector_field/main_blocks.12/convnext.2/dwconv/Conv_output_0' with ID 1355, type 3
    78.4ms [  INFO ] [QNN_CPU] Adding tensor '/vector_estimator/vector_field/main_blocks.12/convnext.2/dwconv/Conv_output_0.nfc_perm' with ID 1356, type 4
    78.4ms [  INFO ] [QNN_CPU] Adding tensor '/vector_estimator/vector_field/main_blocks.12/convnext.2/dwconv/Conv_output_0.nfc' with ID 1357, type 3
    78.5ms [  INFO ] [QNN_CPU] Adding tensor '/vector_estimator/vector_field/main_blocks.12/convnext.2/norm/Transpose_output_0' with ID 1358, type 3
    78.5ms [  INFO ] [QNN_CPU] Adding tensor '/vector_estimator/vector_field/main_blocks.12/convnext.2/norm/norm/LayerNormalization_axes' with ID 1359, type 4
    78.5ms [  INFO ] [QNN_CPU] Adding tensor 'vector_estimator.tts.ttl.vector_field.main_blocks.12.convnext.2.norm.norm.weight' with ID 1360, type 4
    78.5ms [  INFO ] [QNN_CPU] Adding tensor 'vector_estimator.tts.ttl.vector_field.main_blocks.12.convnext.2.norm.norm.bias' with ID 1361, type 4
    78.6ms [  INFO ] [QNN_CPU] Adding tensor '/vector_estimator/vector_field/main_blocks.12/convnext.2/norm/Transpose_1_output_0' with ID 1362, type 3
    78.6ms [  INFO ] [QNN_CPU] Adding tensor '/vector_estimator/vector_field/main_blocks.12/convnext.2/norm/Transpose_1_output_0.ncf_perm' with ID 1363, type 4
    78.6ms [  INFO ] [QNN_CPU] Adding tensor '/vector_estimator/vector_field/main_blocks.12/convnext.2/norm/Transpose_1_output_0.ncf' with ID 1364, type 3
    78.6ms [  INFO ] [QNN_CPU] Adding tensor '/vector_estimator/vector_field/main_blocks.12/convnext.2/pwconv1/Conv_reshape_to_2d' with ID 1365, type 3
    78.6ms [  INFO ] [QNN_CPU] Adding tensor '/vector_estimator/vector_field/main_blocks.12/convnext.2/pwconv1/Conv_reshape_to_2d.nhwc_perm' with ID 1366, type 4
    78.7ms [  INFO ] [QNN_CPU] Adding tensor '/vector_estimator/vector_field/main_blocks.12/convnext.2/pwconv1/Conv_reshape_to_2d.nhwc' with ID 1367, type 3
    78.7ms [  INFO ] [QNN_CPU] Adding tensor '/vector_estimator/vector_field/main_blocks.12/convnext.2/pwconv1/Conv_2d_dilation' with ID 1368, type 4
    78.7ms [  INFO ] [QNN_CPU] Adding tensor '/vector_estimator/vector_field/main_blocks.12/convnext.2/pwconv1/Conv_2d_pad_amount' with ID 1369, type 4
    78.8ms [  INFO ] [QNN_CPU] Adding tensor '/vector_estimator/vector_field/main_blocks.12/convnext.2/pwconv1/Conv_2d_stride' with ID 1370, type 4
    79.7ms [  INFO ] [QNN_CPU] Adding tensor 'vector_estimator.tts.ttl.vector_field.main_blocks.12.convnext.2.pwconv1.weight' with ID 1371, type 4
    79.8ms [  INFO ] [QNN_CPU] Adding tensor 'vector_estimator.tts.ttl.vector_field.main_blocks.12.convnext.2.pwconv1.bias' with ID 1372, type 4
    79.8ms [  INFO ] [QNN_CPU] Adding tensor '/vector_estimator/vector_field/main_blocks.12/convnext.2/pwconv1/Conv_intermediate' with ID 1373, type 3
    79.8ms [  INFO ] [QNN_CPU] Adding tensor '/vector_estimator/vector_field/main_blocks.12/convnext.2/pwconv1/Conv_intermediate.nchw_perm' with ID 1374, type 4
    79.8ms [  INFO ] [QNN_CPU] Adding tensor '/vector_estimator/vector_field/main_blocks.12/convnext.2/pwconv1/Conv_intermediate.nchw' with ID 1375, type 3
    79.9ms [  INFO ] [QNN_CPU] Adding tensor '/vector_estimator/vector_field/main_blocks.12/convnext.2/pwconv1/Conv_output_0' with ID 1376, type 3
    79.9ms [  INFO ] [QNN_CPU] Adding tensor '/vector_estimator/vector_field/main_blocks.12/convnext.2/act/Mul_1_output_0' with ID 1377, type 3
    79.9ms [  INFO ] [QNN_CPU] Adding tensor '/vector_estimator/vector_field/main_blocks.12/convnext.2/pwconv2/Conv_reshape_to_2d' with ID 1378, type 3
    79.9ms [  INFO ] [QNN_CPU] Adding tensor '/vector_estimator/vector_field/main_blocks.12/convnext.2/pwconv2/Conv_reshape_to_2d.nhwc_perm' with ID 1379, type 4
    79.9ms [  INFO ] [QNN_CPU] Adding tensor '/vector_estimator/vector_field/main_blocks.12/convnext.2/pwconv2/Conv_reshape_to_2d.nhwc' with ID 1380, type 3
    80.0ms [  INFO ] [QNN_CPU] Adding tensor '/vector_estimator/vector_field/main_blocks.12/convnext.2/pwconv2/Conv_2d_dilation' with ID 1381, type 4
    80.0ms [  INFO ] [QNN_CPU] Adding tensor '/vector_estimator/vector_field/main_blocks.12/convnext.2/pwconv2/Conv_2d_pad_amount' with ID 1382, type 4
    80.0ms [  INFO ] [QNN_CPU] Adding tensor '/vector_estimator/vector_field/main_blocks.12/convnext.2/pwconv2/Conv_2d_stride' with ID 1383, type 4
    80.9ms [  INFO ] [QNN_CPU] Adding tensor 'vector_estimator.tts.ttl.vector_field.main_blocks.12.convnext.2.pwconv2.weight' with ID 1384, type 4
    80.9ms [  INFO ] [QNN_CPU] Adding tensor 'vector_estimator.tts.ttl.vector_field.main_blocks.12.convnext.2.pwconv2.bias' with ID 1385, type 4
    80.9ms [  INFO ] [QNN_CPU] Adding tensor '/vector_estimator/vector_field/main_blocks.12/convnext.2/pwconv2/Conv_intermediate' with ID 1386, type 3
    81.0ms [  INFO ] [QNN_CPU] Adding tensor '/vector_estimator/vector_field/main_blocks.12/convnext.2/pwconv2/Conv_intermediate.nchw_perm' with ID 1387, type 4
    81.0ms [  INFO ] [QNN_CPU] Adding tensor '/vector_estimator/vector_field/main_blocks.12/convnext.2/pwconv2/Conv_intermediate.nchw' with ID 1388, type 3
    81.0ms [  INFO ] [QNN_CPU] Adding tensor '/vector_estimator/vector_field/main_blocks.12/convnext.2/pwconv2/Conv_output_0' with ID 1389, type 3
    81.1ms [  INFO ] [QNN_CPU] Adding tensor '/vector_estimator/vector_field/main_blocks.12/convnext.2/pwconv2/Conv_output_0.nfc_perm' with ID 1390, type 4
    81.1ms [  INFO ] [QNN_CPU] Adding tensor '/vector_estimator/vector_field/main_blocks.12/convnext.2/pwconv2/Conv_output_0.nfc' with ID 1391, type 3
    81.1ms [  INFO ] [QNN_CPU] Adding tensor 'vector_estimator.tts.ttl.vector_field.main_blocks.12.convnext.2.gamma' with ID 1392, type 4
    81.1ms [  INFO ] [QNN_CPU] Adding tensor '/vector_estimator/vector_field/main_blocks.12/convnext.2/Mul_2_output_0' with ID 1393, type 3
    81.2ms [  INFO ] [QNN_CPU] Adding tensor '/vector_estimator/vector_field/main_blocks.12/convnext.2/Add_output_0' with ID 1394, type 3
    81.2ms [  INFO ] [QNN_CPU] Adding tensor '/vector_estimator/vector_field/main_blocks.12/convnext.2/Mul_3_output_0' with ID 1395, type 3
    81.2ms [  INFO ] [QNN_CPU] Adding tensor '/vector_estimator/vector_field/main_blocks.12/convnext.3/Mul_output_0' with ID 1396, type 3
    81.3ms [  INFO ] [QNN_CPU] Adding tensor '/vector_estimator/vector_field/main_blocks.12/convnext.3/dwconv/Pad_pad_amount' with ID 1397, type 4
    81.3ms [  INFO ] [QNN_CPU] Adding tensor '/vector_estimator/vector_field/main_blocks.12/convnext.3/dwconv/Pad_output_0' with ID 1398, type 3
    81.3ms [  INFO ] [QNN_CPU] Adding tensor '/vector_estimator/vector_field/main_blocks.12/convnext.3/dwconv/Pad_output_0.ncf_perm' with ID 1399, type 4
    81.3ms [  INFO ] [QNN_CPU] Adding tensor '/vector_estimator/vector_field/main_blocks.12/convnext.3/dwconv/Pad_output_0.ncf' with ID 1400, type 3
    81.3ms [  INFO ] [QNN_CPU] Adding tensor '/vector_estimator/vector_field/main_blocks.12/convnext.3/dwconv/Conv_reshape_to_2d' with ID 1401, type 3
    81.4ms [  INFO ] [QNN_CPU] Adding tensor '/vector_estimator/vector_field/main_blocks.12/convnext.3/dwconv/Conv_reshape_to_2d.nhwc_perm' with ID 1402, type 4
    81.4ms [  INFO ] [QNN_CPU] Adding tensor '/vector_estimator/vector_field/main_blocks.12/convnext.3/dwconv/Conv_reshape_to_2d.nhwc' with ID 1403, type 3
    81.4ms [  INFO ] [QNN_CPU] Adding tensor '/vector_estimator/vector_field/main_blocks.12/convnext.3/dwconv/Conv_2d_dilation' with ID 1404, type 4
    81.4ms [  INFO ] [QNN_CPU] Adding tensor '/vector_estimator/vector_field/main_blocks.12/convnext.3/dwconv/Conv_2d_pad_amount' with ID 1405, type 4
    81.4ms [  INFO ] [QNN_CPU] Adding tensor '/vector_estimator/vector_field/main_blocks.12/convnext.3/dwconv/Conv_2d_stride' with ID 1406, type 4
    81.4ms [  INFO ] [QNN_CPU] Adding tensor 'vector_estimator.tts.ttl.vector_field.main_blocks.12.convnext.3.dwconv.weight' with ID 1407, type 4
    81.4ms [  INFO ] [QNN_CPU] Adding tensor 'vector_estimator.tts.ttl.vector_field.main_blocks.12.convnext.3.dwconv.bias' with ID 1408, type 4
    81.4ms [  INFO ] [QNN_CPU] Adding tensor '/vector_estimator/vector_field/main_blocks.12/convnext.3/dwconv/Conv_intermediate' with ID 1409, type 3
    81.4ms [  INFO ] [QNN_CPU] Adding tensor '/vector_estimator/vector_field/main_blocks.12/convnext.3/dwconv/Conv_intermediate.nchw_perm' with ID 1410, type 4
    81.4ms [  INFO ] [QNN_CPU] Adding tensor '/vector_estimator/vector_field/main_blocks.12/convnext.3/dwconv/Conv_intermediate.nchw' with ID 1411, type 3
    81.5ms [  INFO ] [QNN_CPU] Adding tensor '/vector_estimator/vector_field/main_blocks.12/convnext.3/dwconv/Conv_output_0' with ID 1412, type 3
    81.5ms [  INFO ] [QNN_CPU] Adding tensor '/vector_estimator/vector_field/main_blocks.12/convnext.3/dwconv/Conv_output_0.nfc_perm' with ID 1413, type 4
    81.5ms [  INFO ] [QNN_CPU] Adding tensor '/vector_estimator/vector_field/main_blocks.12/convnext.3/dwconv/Conv_output_0.nfc' with ID 1414, type 3
    81.5ms [  INFO ] [QNN_CPU] Adding tensor '/vector_estimator/vector_field/main_blocks.12/convnext.3/norm/Transpose_output_0' with ID 1415, type 3
    81.5ms [  INFO ] [QNN_CPU] Adding tensor '/vector_estimator/vector_field/main_blocks.12/convnext.3/norm/norm/LayerNormalization_axes' with ID 1416, type 4
    81.5ms [  INFO ] [QNN_CPU] Adding tensor 'vector_estimator.tts.ttl.vector_field.main_blocks.12.convnext.3.norm.norm.weight' with ID 1417, type 4
    81.5ms [  INFO ] [QNN_CPU] Adding tensor 'vector_estimator.tts.ttl.vector_field.main_blocks.12.convnext.3.norm.norm.bias' with ID 1418, type 4
    81.5ms [  INFO ] [QNN_CPU] Adding tensor '/vector_estimator/vector_field/main_blocks.12/convnext.3/norm/Transpose_1_output_0' with ID 1419, type 3
    81.6ms [  INFO ] [QNN_CPU] Adding tensor '/vector_estimator/vector_field/main_blocks.12/convnext.3/norm/Transpose_1_output_0.ncf_perm' with ID 1420, type 4
    81.6ms [  INFO ] [QNN_CPU] Adding tensor '/vector_estimator/vector_field/main_blocks.12/convnext.3/norm/Transpose_1_output_0.ncf' with ID 1421, type 3
    81.6ms [  INFO ] [QNN_CPU] Adding tensor '/vector_estimator/vector_field/main_blocks.12/convnext.3/pwconv1/Conv_reshape_to_2d' with ID 1422, type 3
    81.6ms [  INFO ] [QNN_CPU] Adding tensor '/vector_estimator/vector_field/main_blocks.12/convnext.3/pwconv1/Conv_reshape_to_2d.nhwc_perm' with ID 1423, type 4
    81.6ms [  INFO ] [QNN_CPU] Adding tensor '/vector_estimator/vector_field/main_blocks.12/convnext.3/pwconv1/Conv_reshape_to_2d.nhwc' with ID 1424, type 3
    81.7ms [  INFO ] [QNN_CPU] Adding tensor '/vector_estimator/vector_field/main_blocks.12/convnext.3/pwconv1/Conv_2d_dilation' with ID 1425, type 4
    81.7ms [  INFO ] [QNN_CPU] Adding tensor '/vector_estimator/vector_field/main_blocks.12/convnext.3/pwconv1/Conv_2d_pad_amount' with ID 1426, type 4
    81.7ms [  INFO ] [QNN_CPU] Adding tensor '/vector_estimator/vector_field/main_blocks.12/convnext.3/pwconv1/Conv_2d_stride' with ID 1427, type 4
    82.6ms [  INFO ] [QNN_CPU] Adding tensor 'vector_estimator.tts.ttl.vector_field.main_blocks.12.convnext.3.pwconv1.weight' with ID 1428, type 4
    82.6ms [  INFO ] [QNN_CPU] Adding tensor 'vector_estimator.tts.ttl.vector_field.main_blocks.12.convnext.3.pwconv1.bias' with ID 1429, type 4
    82.6ms [  INFO ] [QNN_CPU] Adding tensor '/vector_estimator/vector_field/main_blocks.12/convnext.3/pwconv1/Conv_intermediate' with ID 1430, type 3
    82.6ms [  INFO ] [QNN_CPU] Adding tensor '/vector_estimator/vector_field/main_blocks.12/convnext.3/pwconv1/Conv_intermediate.nchw_perm' with ID 1431, type 4
    82.6ms [  INFO ] [QNN_CPU] Adding tensor '/vector_estimator/vector_field/main_blocks.12/convnext.3/pwconv1/Conv_intermediate.nchw' with ID 1432, type 3
    82.7ms [  INFO ] [QNN_CPU] Adding tensor '/vector_estimator/vector_field/main_blocks.12/convnext.3/pwconv1/Conv_output_0' with ID 1433, type 3
    82.7ms [  INFO ] [QNN_CPU] Adding tensor '/vector_estimator/vector_field/main_blocks.12/convnext.3/act/Mul_1_output_0' with ID 1434, type 3
    82.7ms [  INFO ] [QNN_CPU] Adding tensor '/vector_estimator/vector_field/main_blocks.12/convnext.3/pwconv2/Conv_reshape_to_2d' with ID 1435, type 3
    82.8ms [  INFO ] [QNN_CPU] Adding tensor '/vector_estimator/vector_field/main_blocks.12/convnext.3/pwconv2/Conv_reshape_to_2d.nhwc_perm' with ID 1436, type 4
    82.8ms [  INFO ] [QNN_CPU] Adding tensor '/vector_estimator/vector_field/main_blocks.12/convnext.3/pwconv2/Conv_reshape_to_2d.nhwc' with ID 1437, type 3
    82.8ms [  INFO ] [QNN_CPU] Adding tensor '/vector_estimator/vector_field/main_blocks.12/convnext.3/pwconv2/Conv_2d_dilation' with ID 1438, type 4
    82.8ms [  INFO ] [QNN_CPU] Adding tensor '/vector_estimator/vector_field/main_blocks.12/convnext.3/pwconv2/Conv_2d_pad_amount' with ID 1439, type 4
    82.8ms [  INFO ] [QNN_CPU] Adding tensor '/vector_estimator/vector_field/main_blocks.12/convnext.3/pwconv2/Conv_2d_stride' with ID 1440, type 4
    83.7ms [  INFO ] [QNN_CPU] Adding tensor 'vector_estimator.tts.ttl.vector_field.main_blocks.12.convnext.3.pwconv2.weight' with ID 1441, type 4
    83.7ms [  INFO ] [QNN_CPU] Adding tensor 'vector_estimator.tts.ttl.vector_field.main_blocks.12.convnext.3.pwconv2.bias' with ID 1442, type 4
    83.7ms [  INFO ] [QNN_CPU] Adding tensor '/vector_estimator/vector_field/main_blocks.12/convnext.3/pwconv2/Conv_intermediate' with ID 1443, type 3
    83.8ms [  INFO ] [QNN_CPU] Adding tensor '/vector_estimator/vector_field/main_blocks.12/convnext.3/pwconv2/Conv_intermediate.nchw_perm' with ID 1444, type 4
    83.8ms [  INFO ] [QNN_CPU] Adding tensor '/vector_estimator/vector_field/main_blocks.12/convnext.3/pwconv2/Conv_intermediate.nchw' with ID 1445, type 3
    83.8ms [  INFO ] [QNN_CPU] Adding tensor '/vector_estimator/vector_field/main_blocks.12/convnext.3/pwconv2/Conv_output_0' with ID 1446, type 3
    83.8ms [  INFO ] [QNN_CPU] Adding tensor '/vector_estimator/vector_field/main_blocks.12/convnext.3/pwconv2/Conv_output_0.nfc_perm' with ID 1447, type 4
    83.8ms [  INFO ] [QNN_CPU] Adding tensor '/vector_estimator/vector_field/main_blocks.12/convnext.3/pwconv2/Conv_output_0.nfc' with ID 1448, type 3
    83.8ms [  INFO ] [QNN_CPU] Adding tensor 'vector_estimator.tts.ttl.vector_field.main_blocks.12.convnext.3.gamma' with ID 1449, type 4
    83.9ms [  INFO ] [QNN_CPU] Adding tensor '/vector_estimator/vector_field/main_blocks.12/convnext.3/Mul_2_output_0' with ID 1450, type 3
    83.9ms [  INFO ] [QNN_CPU] Adding tensor '/vector_estimator/vector_field/main_blocks.12/convnext.3/Add_output_0' with ID 1451, type 3
    84.0ms [  INFO ] [QNN_CPU] Adding tensor '/vector_estimator/vector_field/main_blocks.12/convnext.3/Mul_3_output_0' with ID 1452, type 3
    84.0ms [  INFO ] [QNN_CPU] Adding tensor '/vector_estimator/vector_field/main_blocks.12/convnext.3/Mul_3_output_0.ncf_perm' with ID 1453, type 4
    84.0ms [  INFO ] [QNN_CPU] Adding tensor '/vector_estimator/vector_field/main_blocks.12/convnext.3/Mul_3_output_0.ncf' with ID 1454, type 3
    84.0ms [  INFO ] [QNN_CPU] Adding tensor '/vector_estimator/vector_field/main_blocks.13/Add_output_0' with ID 1455, type 3
    84.0ms [  INFO ] [QNN_CPU] Adding tensor '/vector_estimator/vector_field/main_blocks.13/Add_output_0.nfc_perm' with ID 1456, type 4
    84.0ms [  INFO ] [QNN_CPU] Adding tensor '/vector_estimator/vector_field/main_blocks.13/Add_output_0.nfc' with ID 1457, type 3
    84.1ms [  INFO ] [QNN_CPU] Adding tensor '/vector_estimator/vector_field/main_blocks.13/Mul_output_0' with ID 1458, type 3
    84.1ms [  INFO ] [QNN_CPU] Adding tensor '/vector_estimator/vector_field/main_blocks.14/convnext.0/Mul_output_0' with ID 1459, type 3
    84.1ms [  INFO ] [QNN_CPU] Adding tensor '/vector_estimator/vector_field/main_blocks.14/convnext.0/dwconv/Pad_pad_amount' with ID 1460, type 4
    84.1ms [  INFO ] [QNN_CPU] Adding tensor '/vector_estimator/vector_field/main_blocks.14/convnext.0/dwconv/Pad_output_0' with ID 1461, type 3
    84.1ms [  INFO ] [QNN_CPU] Adding tensor '/vector_estimator/vector_field/main_blocks.14/convnext.0/dwconv/Pad_output_0.ncf_perm' with ID 1462, type 4
    84.2ms [  INFO ] [QNN_CPU] Adding tensor '/vector_estimator/vector_field/main_blocks.14/convnext.0/dwconv/Pad_output_0.ncf' with ID 1463, type 3
    84.2ms [  INFO ] [QNN_CPU] Adding tensor '/vector_estimator/vector_field/main_blocks.14/convnext.0/dwconv/Conv_reshape_to_2d' with ID 1464, type 3
    84.2ms [  INFO ] [QNN_CPU] Adding tensor '/vector_estimator/vector_field/main_blocks.14/convnext.0/dwconv/Conv_reshape_to_2d.nhwc_perm' with ID 1465, type 4
    84.2ms [  INFO ] [QNN_CPU] Adding tensor '/vector_estimator/vector_field/main_blocks.14/convnext.0/dwconv/Conv_reshape_to_2d.nhwc' with ID 1466, type 3
    84.2ms [  INFO ] [QNN_CPU] Adding tensor '/vector_estimator/vector_field/main_blocks.14/convnext.0/dwconv/Conv_2d_dilation' with ID 1467, type 4
    84.2ms [  INFO ] [QNN_CPU] Adding tensor '/vector_estimator/vector_field/main_blocks.14/convnext.0/dwconv/Conv_2d_pad_amount' with ID 1468, type 4
    84.3ms [  INFO ] [QNN_CPU] Adding tensor '/vector_estimator/vector_field/main_blocks.14/convnext.0/dwconv/Conv_2d_stride' with ID 1469, type 4
    84.3ms [  INFO ] [QNN_CPU] Adding tensor 'vector_estimator.tts.ttl.vector_field.main_blocks.14.convnext.0.dwconv.weight' with ID 1470, type 4
    84.3ms [  INFO ] [QNN_CPU] Adding tensor 'vector_estimator.tts.ttl.vector_field.main_blocks.14.convnext.0.dwconv.bias' with ID 1471, type 4
    84.3ms [  INFO ] [QNN_CPU] Adding tensor '/vector_estimator/vector_field/main_blocks.14/convnext.0/dwconv/Conv_intermediate' with ID 1472, type 3
    84.3ms [  INFO ] [QNN_CPU] Adding tensor '/vector_estimator/vector_field/main_blocks.14/convnext.0/dwconv/Conv_intermediate.nchw_perm' with ID 1473, type 4
    84.3ms [  INFO ] [QNN_CPU] Adding tensor '/vector_estimator/vector_field/main_blocks.14/convnext.0/dwconv/Conv_intermediate.nchw' with ID 1474, type 3
    84.3ms [  INFO ] [QNN_CPU] Adding tensor '/vector_estimator/vector_field/main_blocks.14/convnext.0/dwconv/Conv_output_0' with ID 1475, type 3
    84.3ms [  INFO ] [QNN_CPU] Adding tensor '/vector_estimator/vector_field/main_blocks.14/convnext.0/dwconv/Conv_output_0.nfc_perm' with ID 1476, type 4
    84.3ms [  INFO ] [QNN_CPU] Adding tensor '/vector_estimator/vector_field/main_blocks.14/convnext.0/dwconv/Conv_output_0.nfc' with ID 1477, type 3
    84.4ms [  INFO ] [QNN_CPU] Adding tensor '/vector_estimator/vector_field/main_blocks.14/convnext.0/norm/Transpose_output_0' with ID 1478, type 3
    84.4ms [  INFO ] [QNN_CPU] Adding tensor '/vector_estimator/vector_field/main_blocks.14/convnext.0/norm/norm/LayerNormalization_axes' with ID 1479, type 4
    84.4ms [  INFO ] [QNN_CPU] Adding tensor 'vector_estimator.tts.ttl.vector_field.main_blocks.14.convnext.0.norm.norm.weight' with ID 1480, type 4
    84.4ms [  INFO ] [QNN_CPU] Adding tensor 'vector_estimator.tts.ttl.vector_field.main_blocks.14.convnext.0.norm.norm.bias' with ID 1481, type 4
    84.4ms [  INFO ] [QNN_CPU] Adding tensor '/vector_estimator/vector_field/main_blocks.14/convnext.0/norm/Transpose_1_output_0' with ID 1482, type 3
    84.4ms [  INFO ] [QNN_CPU] Adding tensor '/vector_estimator/vector_field/main_blocks.14/convnext.0/norm/Transpose_1_output_0.ncf_perm' with ID 1483, type 4
    84.5ms [  INFO ] [QNN_CPU] Adding tensor '/vector_estimator/vector_field/main_blocks.14/convnext.0/norm/Transpose_1_output_0.ncf' with ID 1484, type 3
    84.5ms [  INFO ] [QNN_CPU] Adding tensor '/vector_estimator/vector_field/main_blocks.14/convnext.0/pwconv1/Conv_reshape_to_2d' with ID 1485, type 3
    84.5ms [  INFO ] [QNN_CPU] Adding tensor '/vector_estimator/vector_field/main_blocks.14/convnext.0/pwconv1/Conv_reshape_to_2d.nhwc_perm' with ID 1486, type 4
    84.5ms [  INFO ] [QNN_CPU] Adding tensor '/vector_estimator/vector_field/main_blocks.14/convnext.0/pwconv1/Conv_reshape_to_2d.nhwc' with ID 1487, type 3
    84.5ms [  INFO ] [QNN_CPU] Adding tensor '/vector_estimator/vector_field/main_blocks.14/convnext.0/pwconv1/Conv_2d_dilation' with ID 1488, type 4
    84.5ms [  INFO ] [QNN_CPU] Adding tensor '/vector_estimator/vector_field/main_blocks.14/convnext.0/pwconv1/Conv_2d_pad_amount' with ID 1489, type 4
    84.5ms [  INFO ] [QNN_CPU] Adding tensor '/vector_estimator/vector_field/main_blocks.14/convnext.0/pwconv1/Conv_2d_stride' with ID 1490, type 4
    85.4ms [  INFO ] [QNN_CPU] Adding tensor 'vector_estimator.tts.ttl.vector_field.main_blocks.14.convnext.0.pwconv1.weight' with ID 1491, type 4
    85.5ms [  INFO ] [QNN_CPU] Adding tensor 'vector_estimator.tts.ttl.vector_field.main_blocks.14.convnext.0.pwconv1.bias' with ID 1492, type 4
    85.5ms [  INFO ] [QNN_CPU] Adding tensor '/vector_estimator/vector_field/main_blocks.14/convnext.0/pwconv1/Conv_intermediate' with ID 1493, type 3
    85.5ms [  INFO ] [QNN_CPU] Adding tensor '/vector_estimator/vector_field/main_blocks.14/convnext.0/pwconv1/Conv_intermediate.nchw_perm' with ID 1494, type 4
    85.5ms [  INFO ] [QNN_CPU] Adding tensor '/vector_estimator/vector_field/main_blocks.14/convnext.0/pwconv1/Conv_intermediate.nchw' with ID 1495, type 3
    85.5ms [  INFO ] [QNN_CPU] Adding tensor '/vector_estimator/vector_field/main_blocks.14/convnext.0/pwconv1/Conv_output_0' with ID 1496, type 3
    85.5ms [  INFO ] [QNN_CPU] Adding tensor '/vector_estimator/vector_field/main_blocks.14/convnext.0/act/Mul_1_output_0' with ID 1497, type 3
    85.6ms [  INFO ] [QNN_CPU] Adding tensor '/vector_estimator/vector_field/main_blocks.14/convnext.0/pwconv2/Conv_reshape_to_2d' with ID 1498, type 3
    85.6ms [  INFO ] [QNN_CPU] Adding tensor '/vector_estimator/vector_field/main_blocks.14/convnext.0/pwconv2/Conv_reshape_to_2d.nhwc_perm' with ID 1499, type 4
    85.6ms [  INFO ] [QNN_CPU] Adding tensor '/vector_estimator/vector_field/main_blocks.14/convnext.0/pwconv2/Conv_reshape_to_2d.nhwc' with ID 1500, type 3
    85.6ms [  INFO ] [QNN_CPU] Adding tensor '/vector_estimator/vector_field/main_blocks.14/convnext.0/pwconv2/Conv_2d_dilation' with ID 1501, type 4
    85.6ms [  INFO ] [QNN_CPU] Adding tensor '/vector_estimator/vector_field/main_blocks.14/convnext.0/pwconv2/Conv_2d_pad_amount' with ID 1502, type 4
    85.6ms [  INFO ] [QNN_CPU] Adding tensor '/vector_estimator/vector_field/main_blocks.14/convnext.0/pwconv2/Conv_2d_stride' with ID 1503, type 4
    86.6ms [  INFO ] [QNN_CPU] Adding tensor 'vector_estimator.tts.ttl.vector_field.main_blocks.14.convnext.0.pwconv2.weight' with ID 1504, type 4
    86.6ms [  INFO ] [QNN_CPU] Adding tensor 'vector_estimator.tts.ttl.vector_field.main_blocks.14.convnext.0.pwconv2.bias' with ID 1505, type 4
    86.6ms [  INFO ] [QNN_CPU] Adding tensor '/vector_estimator/vector_field/main_blocks.14/convnext.0/pwconv2/Conv_intermediate' with ID 1506, type 3
    86.6ms [  INFO ] [QNN_CPU] Adding tensor '/vector_estimator/vector_field/main_blocks.14/convnext.0/pwconv2/Conv_intermediate.nchw_perm' with ID 1507, type 4
    86.6ms [  INFO ] [QNN_CPU] Adding tensor '/vector_estimator/vector_field/main_blocks.14/convnext.0/pwconv2/Conv_intermediate.nchw' with ID 1508, type 3
    86.7ms [  INFO ] [QNN_CPU] Adding tensor '/vector_estimator/vector_field/main_blocks.14/convnext.0/pwconv2/Conv_output_0' with ID 1509, type 3
    86.7ms [  INFO ] [QNN_CPU] Adding tensor '/vector_estimator/vector_field/main_blocks.14/convnext.0/pwconv2/Conv_output_0.nfc_perm' with ID 1510, type 4
    86.7ms [  INFO ] [QNN_CPU] Adding tensor '/vector_estimator/vector_field/main_blocks.14/convnext.0/pwconv2/Conv_output_0.nfc' with ID 1511, type 3
    86.7ms [  INFO ] [QNN_CPU] Adding tensor 'vector_estimator.tts.ttl.vector_field.main_blocks.14.convnext.0.gamma' with ID 1512, type 4
    86.7ms [  INFO ] [QNN_CPU] Adding tensor '/vector_estimator/vector_field/main_blocks.14/convnext.0/Mul_2_output_0' with ID 1513, type 3
    86.7ms [  INFO ] [QNN_CPU] Adding tensor '/vector_estimator/vector_field/main_blocks.14/convnext.0/Add_output_0' with ID 1514, type 3
    86.8ms [  INFO ] [QNN_CPU] Adding tensor '/vector_estimator/vector_field/main_blocks.14/convnext.0/Mul_3_output_0' with ID 1515, type 3
    86.8ms [  INFO ] [QNN_CPU] Adding tensor '/vector_estimator/vector_field/main_blocks.15/Transpose_output_0' with ID 1516, type 3
    86.8ms [  INFO ] [QNN_CPU] Adding tensor '/vector_estimator/vector_field/main_blocks.15/attn/W_query/linear/MatMul_pre_reshape' with ID 1517, type 3
    87.1ms [  INFO ] [QNN_CPU] Adding tensor 'onnx::MatMul_3480' with ID 1518, type 4
    87.1ms [  INFO ] [QNN_CPU] Adding tensor 'vector_estimator.tts.ttl.vector_field.main_blocks.15.attn.W_query.linear.bias' with ID 1519, type 4
    87.1ms [  INFO ] [QNN_CPU] Adding tensor '/vector_estimator/vector_field/main_blocks.15/attn/W_query/linear/Add_output_0_fc' with ID 1520, type 3
    87.1ms [  INFO ] [QNN_CPU] Adding tensor '/vector_estimator/vector_field/main_blocks.15/attn/Split/webgpu_reshape' with ID 1521, type 3
    87.1ms [  INFO ] [QNN_CPU] Adding tensor '/vector_estimator/vector_field/main_blocks.15/attn/Split/webgpu_transpose_heads_perm' with ID 1522, type 4
    87.1ms [  INFO ] [QNN_CPU] Adding tensor '/vector_estimator/vector_field/main_blocks.15/attn/Concat_output_0' with ID 1523, type 3
    87.1ms [  INFO ] [QNN_CPU] Adding tensor '/vector_estimator/vector_field/main_blocks.15/attn/Slice_1_ranges' with ID 1524, type 4
    87.1ms [  INFO ] [QNN_CPU] Adding tensor '/vector_estimator/vector_field/main_blocks.15/attn/Slice_1_output_0' with ID 1525, type 3
    87.2ms [  INFO ] [QNN_CPU] Adding tensor '/vector_estimator/vector_field/main_blocks.15/attn/Slice_2_ranges' with ID 1529, type 4
    87.2ms [  INFO ] [QNN_CPU] Adding tensor '/vector_estimator/vector_field/main_blocks.15/attn/Slice_2_output_0' with ID 1530, type 3
    87.2ms [  INFO ] [QNN_CPU] Adding tensor '/vector_estimator/vector_field/main_blocks.15/attn/Mul_3_output_0' with ID 1534, type 3
    87.3ms [  INFO ] [QNN_CPU] Adding tensor '/vector_estimator/vector_field/main_blocks.15/attn/Mul_4_output_0' with ID 1535, type 3
    87.3ms [  INFO ] [QNN_CPU] Adding tensor '/vector_estimator/vector_field/main_blocks.15/attn/Mul_5_output_0' with ID 1536, type 3
    87.3ms [  INFO ] [QNN_CPU] Adding tensor '/vector_estimator/vector_field/main_blocks.15/attn/Mul_6_output_0' with ID 1537, type 3
    87.3ms [  INFO ] [QNN_CPU] Adding tensor '/vector_estimator/vector_field/main_blocks.15/attn/Sub_output_0' with ID 1538, type 3
    87.4ms [  INFO ] [QNN_CPU] Adding tensor '/vector_estimator/vector_field/main_blocks.15/attn/Add_1_output_0' with ID 1539, type 3
    87.4ms [  INFO ] [QNN_CPU] Adding tensor '/vector_estimator/vector_field/main_blocks.15/attn/Concat_3_output_0' with ID 1540, type 3
    87.4ms [  INFO ] [QNN_CPU] Adding tensor '/vector_estimator/vector_field/main_blocks.15/attn/MatMul_output_0' with ID 1541, type 3
    87.5ms [  INFO ] [QNN_CPU] Adding tensor '/vector_estimator/vector_field/main_blocks.15/attn/Div_4_output_0' with ID 1542, type 3
    87.5ms [  INFO ] [QNN_CPU] Adding tensor '/vector_estimator/vector_field/main_blocks.15/attn/Where_output_0' with ID 1543, type 3
    87.5ms [  INFO ] [QNN_CPU] Adding tensor '/vector_estimator/vector_field/main_blocks.15/attn/Softmax_output_0' with ID 1544, type 3
    87.6ms [  INFO ] [QNN_CPU] Adding tensor '/vector_estimator/vector_field/main_blocks.15/attn/Where_1_output_0' with ID 1545, type 3
    87.6ms [  INFO ] [QNN_CPU] Adding tensor '/vector_estimator/vector_field/main_blocks.15/attn/MatMul_1_output_0' with ID 1546, type 3
    87.6ms [  INFO ] [QNN_CPU] Adding tensor '/vector_estimator/vector_field/main_blocks.15/attn/Split_3/webgpu_transpose_merge_perm' with ID 1547, type 4
    87.6ms [  INFO ] [QNN_CPU] Adding tensor '/vector_estimator/vector_field/main_blocks.15/attn/Split_3/webgpu_transpose' with ID 1548, type 3
    87.6ms [  INFO ] [QNN_CPU] Adding tensor '/vector_estimator/vector_field/main_blocks.15/attn/out_fc/linear/MatMul_pre_reshape' with ID 1549, type 3
    87.9ms [  INFO ] [QNN_CPU] Adding tensor 'onnx::MatMul_3489' with ID 1550, type 4
    87.9ms [  INFO ] [QNN_CPU] Adding tensor 'vector_estimator.tts.ttl.vector_field.main_blocks.15.attn.out_fc.linear.bias' with ID 1551, type 4
    87.9ms [  INFO ] [QNN_CPU] Adding tensor '/vector_estimator/vector_field/main_blocks.15/attn/out_fc/linear/Add_output_0_fc' with ID 1552, type 3
    88.0ms [  INFO ] [QNN_CPU] Adding tensor '/vector_estimator/vector_field/main_blocks.15/attn/out_fc/linear/Add_output_0' with ID 1553, type 3
    88.0ms [  INFO ] [QNN_CPU] Adding tensor '/vector_estimator/vector_field/main_blocks.15/Transpose_1_output_0' with ID 1554, type 3
    88.0ms [  INFO ] [QNN_CPU] Adding tensor '/vector_estimator/vector_field/main_blocks.15/norm/Transpose_output_0' with ID 1555, type 3
    88.0ms [  INFO ] [QNN_CPU] Adding tensor '/vector_estimator/vector_field/main_blocks.15/norm/norm/LayerNormalization_axes' with ID 1556, type 4
    88.0ms [  INFO ] [QNN_CPU] Adding tensor 'vector_estimator.tts.ttl.vector_field.main_blocks.15.norm.norm.weight' with ID 1557, type 4
    88.0ms [  INFO ] [QNN_CPU] Adding tensor 'vector_estimator.tts.ttl.vector_field.main_blocks.15.norm.norm.bias' with ID 1558, type 4
    88.1ms [  INFO ] [QNN_CPU] Adding tensor '/vector_estimator/vector_field/main_blocks.15/norm/Transpose_1_output_0' with ID 1559, type 3
    88.1ms [  INFO ] [QNN_CPU] Adding tensor '/vector_estimator/vector_field/main_blocks.15/Mul_1_output_0' with ID 1560, type 3
    88.1ms [  INFO ] [QNN_CPU] Adding tensor '/vector_estimator/vector_field/main_blocks.16/convnext.0/Mul_output_0' with ID 1561, type 3
    88.1ms [  INFO ] [QNN_CPU] Adding tensor '/vector_estimator/vector_field/main_blocks.16/convnext.0/dwconv/Pad_pad_amount' with ID 1562, type 4
    88.1ms [  INFO ] [QNN_CPU] Adding tensor '/vector_estimator/vector_field/main_blocks.16/convnext.0/dwconv/Pad_output_0' with ID 1563, type 3
    88.2ms [  INFO ] [QNN_CPU] Adding tensor '/vector_estimator/vector_field/main_blocks.16/convnext.0/dwconv/Pad_output_0.ncf_perm' with ID 1564, type 4
    88.2ms [  INFO ] [QNN_CPU] Adding tensor '/vector_estimator/vector_field/main_blocks.16/convnext.0/dwconv/Pad_output_0.ncf' with ID 1565, type 3
    88.2ms [  INFO ] [QNN_CPU] Adding tensor '/vector_estimator/vector_field/main_blocks.16/convnext.0/dwconv/Conv_reshape_to_2d' with ID 1566, type 3
    88.2ms [  INFO ] [QNN_CPU] Adding tensor '/vector_estimator/vector_field/main_blocks.16/convnext.0/dwconv/Conv_reshape_to_2d.nhwc_perm' with ID 1567, type 4
    88.2ms [  INFO ] [QNN_CPU] Adding tensor '/vector_estimator/vector_field/main_blocks.16/convnext.0/dwconv/Conv_reshape_to_2d.nhwc' with ID 1568, type 3
    88.2ms [  INFO ] [QNN_CPU] Adding tensor '/vector_estimator/vector_field/main_blocks.16/convnext.0/dwconv/Conv_2d_dilation' with ID 1569, type 4
    88.2ms [  INFO ] [QNN_CPU] Adding tensor '/vector_estimator/vector_field/main_blocks.16/convnext.0/dwconv/Conv_2d_pad_amount' with ID 1570, type 4
    88.2ms [  INFO ] [QNN_CPU] Adding tensor '/vector_estimator/vector_field/main_blocks.16/convnext.0/dwconv/Conv_2d_stride' with ID 1571, type 4
    88.3ms [  INFO ] [QNN_CPU] Adding tensor 'vector_estimator.tts.ttl.vector_field.main_blocks.16.convnext.0.dwconv.weight' with ID 1572, type 4
    88.3ms [  INFO ] [QNN_CPU] Adding tensor 'vector_estimator.tts.ttl.vector_field.main_blocks.16.convnext.0.dwconv.bias' with ID 1573, type 4
    88.3ms [  INFO ] [QNN_CPU] Adding tensor '/vector_estimator/vector_field/main_blocks.16/convnext.0/dwconv/Conv_intermediate' with ID 1574, type 3
    88.3ms [  INFO ] [QNN_CPU] Adding tensor '/vector_estimator/vector_field/main_blocks.16/convnext.0/dwconv/Conv_intermediate.nchw_perm' with ID 1575, type 4
    88.3ms [  INFO ] [QNN_CPU] Adding tensor '/vector_estimator/vector_field/main_blocks.16/convnext.0/dwconv/Conv_intermediate.nchw' with ID 1576, type 3
    88.4ms [  INFO ] [QNN_CPU] Adding tensor '/vector_estimator/vector_field/main_blocks.16/convnext.0/dwconv/Conv_output_0' with ID 1577, type 3
    88.4ms [  INFO ] [QNN_CPU] Adding tensor '/vector_estimator/vector_field/main_blocks.16/convnext.0/dwconv/Conv_output_0.nfc_perm' with ID 1578, type 4
    88.4ms [  INFO ] [QNN_CPU] Adding tensor '/vector_estimator/vector_field/main_blocks.16/convnext.0/dwconv/Conv_output_0.nfc' with ID 1579, type 3
    88.4ms [  INFO ] [QNN_CPU] Adding tensor '/vector_estimator/vector_field/main_blocks.16/convnext.0/norm/Transpose_output_0' with ID 1580, type 3
    88.4ms [  INFO ] [QNN_CPU] Adding tensor '/vector_estimator/vector_field/main_blocks.16/convnext.0/norm/norm/LayerNormalization_axes' with ID 1581, type 4
    88.4ms [  INFO ] [QNN_CPU] Adding tensor 'vector_estimator.tts.ttl.vector_field.main_blocks.16.convnext.0.norm.norm.weight' with ID 1582, type 4
    88.4ms [  INFO ] [QNN_CPU] Adding tensor 'vector_estimator.tts.ttl.vector_field.main_blocks.16.convnext.0.norm.norm.bias' with ID 1583, type 4
    88.4ms [  INFO ] [QNN_CPU] Adding tensor '/vector_estimator/vector_field/main_blocks.16/convnext.0/norm/Transpose_1_output_0' with ID 1584, type 3
    88.5ms [  INFO ] [QNN_CPU] Adding tensor '/vector_estimator/vector_field/main_blocks.16/convnext.0/norm/Transpose_1_output_0.ncf_perm' with ID 1585, type 4
    88.5ms [  INFO ] [QNN_CPU] Adding tensor '/vector_estimator/vector_field/main_blocks.16/convnext.0/norm/Transpose_1_output_0.ncf' with ID 1586, type 3
    88.5ms [  INFO ] [QNN_CPU] Adding tensor '/vector_estimator/vector_field/main_blocks.16/convnext.0/pwconv1/Conv_reshape_to_2d' with ID 1587, type 3
    88.5ms [  INFO ] [QNN_CPU] Adding tensor '/vector_estimator/vector_field/main_blocks.16/convnext.0/pwconv1/Conv_reshape_to_2d.nhwc_perm' with ID 1588, type 4
    88.5ms [  INFO ] [QNN_CPU] Adding tensor '/vector_estimator/vector_field/main_blocks.16/convnext.0/pwconv1/Conv_reshape_to_2d.nhwc' with ID 1589, type 3
    88.5ms [  INFO ] [QNN_CPU] Adding tensor '/vector_estimator/vector_field/main_blocks.16/convnext.0/pwconv1/Conv_2d_dilation' with ID 1590, type 4
    88.5ms [  INFO ] [QNN_CPU] Adding tensor '/vector_estimator/vector_field/main_blocks.16/convnext.0/pwconv1/Conv_2d_pad_amount' with ID 1591, type 4
    88.5ms [  INFO ] [QNN_CPU] Adding tensor '/vector_estimator/vector_field/main_blocks.16/convnext.0/pwconv1/Conv_2d_stride' with ID 1592, type 4
    89.5ms [  INFO ] [QNN_CPU] Adding tensor 'vector_estimator.tts.ttl.vector_field.main_blocks.16.convnext.0.pwconv1.weight' with ID 1593, type 4
    89.5ms [  INFO ] [QNN_CPU] Adding tensor 'vector_estimator.tts.ttl.vector_field.main_blocks.16.convnext.0.pwconv1.bias' with ID 1594, type 4
    89.5ms [  INFO ] [QNN_CPU] Adding tensor '/vector_estimator/vector_field/main_blocks.16/convnext.0/pwconv1/Conv_intermediate' with ID 1595, type 3
    89.5ms [  INFO ] [QNN_CPU] Adding tensor '/vector_estimator/vector_field/main_blocks.16/convnext.0/pwconv1/Conv_intermediate.nchw_perm' with ID 1596, type 4
    89.5ms [  INFO ] [QNN_CPU] Adding tensor '/vector_estimator/vector_field/main_blocks.16/convnext.0/pwconv1/Conv_intermediate.nchw' with ID 1597, type 3
    89.6ms [  INFO ] [QNN_CPU] Adding tensor '/vector_estimator/vector_field/main_blocks.16/convnext.0/pwconv1/Conv_output_0' with ID 1598, type 3
    89.6ms [  INFO ] [QNN_CPU] Adding tensor '/vector_estimator/vector_field/main_blocks.16/convnext.0/act/Mul_1_output_0' with ID 1599, type 3
    89.6ms [  INFO ] [QNN_CPU] Adding tensor '/vector_estimator/vector_field/main_blocks.16/convnext.0/pwconv2/Conv_reshape_to_2d' with ID 1600, type 3
    89.6ms [  INFO ] [QNN_CPU] Adding tensor '/vector_estimator/vector_field/main_blocks.16/convnext.0/pwconv2/Conv_reshape_to_2d.nhwc_perm' with ID 1601, type 4
    89.6ms [  INFO ] [QNN_CPU] Adding tensor '/vector_estimator/vector_field/main_blocks.16/convnext.0/pwconv2/Conv_reshape_to_2d.nhwc' with ID 1602, type 3
    89.7ms [  INFO ] [QNN_CPU] Adding tensor '/vector_estimator/vector_field/main_blocks.16/convnext.0/pwconv2/Conv_2d_dilation' with ID 1603, type 4
    89.7ms [  INFO ] [QNN_CPU] Adding tensor '/vector_estimator/vector_field/main_blocks.16/convnext.0/pwconv2/Conv_2d_pad_amount' with ID 1604, type 4
    89.7ms [  INFO ] [QNN_CPU] Adding tensor '/vector_estimator/vector_field/main_blocks.16/convnext.0/pwconv2/Conv_2d_stride' with ID 1605, type 4
    90.6ms [  INFO ] [QNN_CPU] Adding tensor 'vector_estimator.tts.ttl.vector_field.main_blocks.16.convnext.0.pwconv2.weight' with ID 1606, type 4
    90.6ms [  INFO ] [QNN_CPU] Adding tensor 'vector_estimator.tts.ttl.vector_field.main_blocks.16.convnext.0.pwconv2.bias' with ID 1607, type 4
    90.6ms [  INFO ] [QNN_CPU] Adding tensor '/vector_estimator/vector_field/main_blocks.16/convnext.0/pwconv2/Conv_intermediate' with ID 1608, type 3
    90.7ms [  INFO ] [QNN_CPU] Adding tensor '/vector_estimator/vector_field/main_blocks.16/convnext.0/pwconv2/Conv_intermediate.nchw_perm' with ID 1609, type 4
    90.7ms [  INFO ] [QNN_CPU] Adding tensor '/vector_estimator/vector_field/main_blocks.16/convnext.0/pwconv2/Conv_intermediate.nchw' with ID 1610, type 3
    90.7ms [  INFO ] [QNN_CPU] Adding tensor '/vector_estimator/vector_field/main_blocks.16/convnext.0/pwconv2/Conv_output_0' with ID 1611, type 3
    90.7ms [  INFO ] [QNN_CPU] Adding tensor '/vector_estimator/vector_field/main_blocks.16/convnext.0/pwconv2/Conv_output_0.nfc_perm' with ID 1612, type 4
    90.7ms [  INFO ] [QNN_CPU] Adding tensor '/vector_estimator/vector_field/main_blocks.16/convnext.0/pwconv2/Conv_output_0.nfc' with ID 1613, type 3
    90.7ms [  INFO ] [QNN_CPU] Adding tensor 'vector_estimator.tts.ttl.vector_field.main_blocks.16.convnext.0.gamma' with ID 1614, type 4
    90.8ms [  INFO ] [QNN_CPU] Adding tensor '/vector_estimator/vector_field/main_blocks.16/convnext.0/Mul_2_output_0' with ID 1615, type 3
    90.8ms [  INFO ] [QNN_CPU] Adding tensor '/vector_estimator/vector_field/main_blocks.16/convnext.0/Add_output_0' with ID 1616, type 3
    90.8ms [  INFO ] [QNN_CPU] Adding tensor '/vector_estimator/vector_field/main_blocks.16/convnext.0/Mul_3_output_0' with ID 1617, type 3
    90.8ms [  INFO ] [QNN_CPU] Adding tensor '/vector_estimator/vector_field/main_blocks.17/Transpose_output_0' with ID 1618, type 3
    90.9ms [  INFO ] [QNN_CPU] Adding tensor '/vector_estimator/vector_field/main_blocks.17/attention/W_query/linear/MatMul_pre_reshape' with ID 1619, type 3
    91.0ms [  INFO ] [QNN_CPU] Adding tensor 'onnx::MatMul_3495' with ID 1620, type 4
    91.0ms [  INFO ] [QNN_CPU] Adding tensor 'vector_estimator.tts.ttl.vector_field.main_blocks.17.attention.W_query.linear.bias' with ID 1621, type 4
    91.0ms [  INFO ] [QNN_CPU] Adding tensor '/vector_estimator/vector_field/main_blocks.17/attention/W_query/linear/Add_output_0_fc' with ID 1622, type 3
    91.0ms [  INFO ] [QNN_CPU] Adding tensor '/vector_estimator/vector_field/main_blocks.17/attention/W_query/linear/Add_output_0' with ID 1623, type 3
    91.1ms [  INFO ] [QNN_CPU] Adding tensor '/vector_estimator/vector_field/main_blocks.17/attention/Split_split_index' with ID 1624, type 4
    91.1ms [  INFO ] [QNN_CPU] Adding tensor '/vector_estimator/vector_field/main_blocks.17/attention/Split_output_0' with ID 1625, type 3
    91.1ms [  INFO ] [QNN_CPU] Adding tensor '/vector_estimator/vector_field/main_blocks.17/attention/Split_output_1' with ID 1626, type 3
    91.1ms [  INFO ] [QNN_CPU] Adding tensor '/vector_estimator/vector_field/main_blocks.17/attention/Unsqueeze_output_0' with ID 1629, type 3
    91.1ms [  INFO ] [QNN_CPU] Adding tensor '/vector_estimator/vector_field/main_blocks.17/attention/Unsqueeze_1_output_0' with ID 1630, type 3
    91.1ms [  INFO ] [QNN_CPU] Adding tensor '/vector_estimator/vector_field/main_blocks.17/attention/Concat_output_0' with ID 1631, type 3
    91.2ms [  INFO ] [QNN_CPU] Adding tensor '/vector_estimator/vector_field/main_blocks.17/attention/MatMul_output_0' with ID 1632, type 3
    91.2ms [  INFO ] [QNN_CPU] Adding tensor '/vector_estimator/vector_field/main_blocks.17/attention/Div_output_0' with ID 1633, type 3
    91.2ms [  INFO ] [QNN_CPU] Adding tensor '/vector_estimator/vector_field/main_blocks.17/attention/Softmax_output_0' with ID 1634, type 3
    91.3ms [  INFO ] [QNN_CPU] Adding tensor '/vector_estimator/vector_field/main_blocks.17/attention/Where_output_0' with ID 1635, type 3
    91.3ms [  INFO ] [QNN_CPU] Adding tensor '/vector_estimator/vector_field/main_blocks.17/attention/MatMul_1_output_0' with ID 1636, type 3
    91.3ms [  INFO ] [QNN_CPU] Adding tensor '/vector_estimator/vector_field/main_blocks.17/attention/Split_3_split_index' with ID 1637, type 4
    91.3ms [  INFO ] [QNN_CPU] Adding tensor '/vector_estimator/vector_field/main_blocks.17/attention/Split_3_output_0' with ID 1638, type 3
    91.3ms [  INFO ] [QNN_CPU] Adding tensor '/vector_estimator/vector_field/main_blocks.17/attention/Split_3_output_1' with ID 1639, type 3
    91.3ms [  INFO ] [QNN_CPU] Adding tensor '/vector_estimator/vector_field/main_blocks.17/attention/Concat_3_output_0' with ID 1642, type 3
    91.4ms [  INFO ] [QNN_CPU] Adding tensor '/vector_estimator/vector_field/main_blocks.17/attention/out_fc/linear/MatMul_pre_reshape' with ID 1643, type 3
    91.6ms [  INFO ] [QNN_CPU] Adding tensor 'onnx::MatMul_3498' with ID 1644, type 4
    91.6ms [  INFO ] [QNN_CPU] Adding tensor 'vector_estimator.tts.ttl.vector_field.main_blocks.17.attention.out_fc.linear.bias' with ID 1645, type 4
    91.6ms [  INFO ] [QNN_CPU] Adding tensor '/vector_estimator/vector_field/main_blocks.17/attention/out_fc/linear/Add_output_0_fc' with ID 1646, type 3
    91.6ms [  INFO ] [QNN_CPU] Adding tensor '/vector_estimator/vector_field/main_blocks.17/attention/out_fc/linear/Add_output_0' with ID 1647, type 3
    91.6ms [  INFO ] [QNN_CPU] Adding tensor '/vector_estimator/vector_field/main_blocks.17/Transpose_1_output_0' with ID 1648, type 3
    91.6ms [  INFO ] [QNN_CPU] Adding tensor '/vector_estimator/vector_field/main_blocks.17/norm/Transpose_output_0' with ID 1649, type 3
    91.7ms [  INFO ] [QNN_CPU] Adding tensor '/vector_estimator/vector_field/main_blocks.17/norm/norm/LayerNormalization_axes' with ID 1650, type 4
    91.7ms [  INFO ] [QNN_CPU] Adding tensor 'vector_estimator.tts.ttl.vector_field.main_blocks.17.norm.norm.weight' with ID 1651, type 4
    91.7ms [  INFO ] [QNN_CPU] Adding tensor 'vector_estimator.tts.ttl.vector_field.main_blocks.17.norm.norm.bias' with ID 1652, type 4
    91.7ms [  INFO ] [QNN_CPU] Adding tensor '/vector_estimator/vector_field/main_blocks.17/norm/Transpose_1_output_0' with ID 1653, type 3
    91.7ms [  INFO ] [QNN_CPU] Adding tensor '/vector_estimator/vector_field/main_blocks.17/Mul_1_output_0' with ID 1654, type 3
    91.7ms [  INFO ] [QNN_CPU] Adding tensor '/vector_estimator/vector_field/main_blocks.18/convnext.0/Mul_output_0' with ID 1655, type 3
    91.8ms [  INFO ] [QNN_CPU] Adding tensor '/vector_estimator/vector_field/main_blocks.18/convnext.0/dwconv/Pad_pad_amount' with ID 1656, type 4
    91.8ms [  INFO ] [QNN_CPU] Adding tensor '/vector_estimator/vector_field/main_blocks.18/convnext.0/dwconv/Pad_output_0' with ID 1657, type 3
    91.8ms [  INFO ] [QNN_CPU] Adding tensor '/vector_estimator/vector_field/main_blocks.18/convnext.0/dwconv/Pad_output_0.ncf_perm' with ID 1658, type 4
    91.8ms [  INFO ] [QNN_CPU] Adding tensor '/vector_estimator/vector_field/main_blocks.18/convnext.0/dwconv/Pad_output_0.ncf' with ID 1659, type 3
    91.8ms [  INFO ] [QNN_CPU] Adding tensor '/vector_estimator/vector_field/main_blocks.18/convnext.0/dwconv/Conv_reshape_to_2d' with ID 1660, type 3
    91.8ms [  INFO ] [QNN_CPU] Adding tensor '/vector_estimator/vector_field/main_blocks.18/convnext.0/dwconv/Conv_reshape_to_2d.nhwc_perm' with ID 1661, type 4
    91.8ms [  INFO ] [QNN_CPU] Adding tensor '/vector_estimator/vector_field/main_blocks.18/convnext.0/dwconv/Conv_reshape_to_2d.nhwc' with ID 1662, type 3
    91.9ms [  INFO ] [QNN_CPU] Adding tensor '/vector_estimator/vector_field/main_blocks.18/convnext.0/dwconv/Conv_2d_dilation' with ID 1663, type 4
    91.9ms [  INFO ] [QNN_CPU] Adding tensor '/vector_estimator/vector_field/main_blocks.18/convnext.0/dwconv/Conv_2d_pad_amount' with ID 1664, type 4
    91.9ms [  INFO ] [QNN_CPU] Adding tensor '/vector_estimator/vector_field/main_blocks.18/convnext.0/dwconv/Conv_2d_stride' with ID 1665, type 4
    91.9ms [  INFO ] [QNN_CPU] Adding tensor 'vector_estimator.tts.ttl.vector_field.main_blocks.18.convnext.0.dwconv.weight' with ID 1666, type 4
    91.9ms [  INFO ] [QNN_CPU] Adding tensor 'vector_estimator.tts.ttl.vector_field.main_blocks.18.convnext.0.dwconv.bias' with ID 1667, type 4
    91.9ms [  INFO ] [QNN_CPU] Adding tensor '/vector_estimator/vector_field/main_blocks.18/convnext.0/dwconv/Conv_intermediate' with ID 1668, type 3
    91.9ms [  INFO ] [QNN_CPU] Adding tensor '/vector_estimator/vector_field/main_blocks.18/convnext.0/dwconv/Conv_intermediate.nchw_perm' with ID 1669, type 4
    91.9ms [  INFO ] [QNN_CPU] Adding tensor '/vector_estimator/vector_field/main_blocks.18/convnext.0/dwconv/Conv_intermediate.nchw' with ID 1670, type 3
    91.9ms [  INFO ] [QNN_CPU] Adding tensor '/vector_estimator/vector_field/main_blocks.18/convnext.0/dwconv/Conv_output_0' with ID 1671, type 3
    91.9ms [  INFO ] [QNN_CPU] Adding tensor '/vector_estimator/vector_field/main_blocks.18/convnext.0/dwconv/Conv_output_0.nfc_perm' with ID 1672, type 4
    92.0ms [  INFO ] [QNN_CPU] Adding tensor '/vector_estimator/vector_field/main_blocks.18/convnext.0/dwconv/Conv_output_0.nfc' with ID 1673, type 3
    92.0ms [  INFO ] [QNN_CPU] Adding tensor '/vector_estimator/vector_field/main_blocks.18/convnext.0/norm/Transpose_output_0' with ID 1674, type 3
    92.0ms [  INFO ] [QNN_CPU] Adding tensor '/vector_estimator/vector_field/main_blocks.18/convnext.0/norm/norm/LayerNormalization_axes' with ID 1675, type 4
    92.0ms [  INFO ] [QNN_CPU] Adding tensor 'vector_estimator.tts.ttl.vector_field.main_blocks.18.convnext.0.norm.norm.weight' with ID 1676, type 4
    92.0ms [  INFO ] [QNN_CPU] Adding tensor 'vector_estimator.tts.ttl.vector_field.main_blocks.18.convnext.0.norm.norm.bias' with ID 1677, type 4
    92.0ms [  INFO ] [QNN_CPU] Adding tensor '/vector_estimator/vector_field/main_blocks.18/convnext.0/norm/Transpose_1_output_0' with ID 1678, type 3
    92.0ms [  INFO ] [QNN_CPU] Adding tensor '/vector_estimator/vector_field/main_blocks.18/convnext.0/norm/Transpose_1_output_0.ncf_perm' with ID 1679, type 4
    92.0ms [  INFO ] [QNN_CPU] Adding tensor '/vector_estimator/vector_field/main_blocks.18/convnext.0/norm/Transpose_1_output_0.ncf' with ID 1680, type 3
    92.1ms [  INFO ] [QNN_CPU] Adding tensor '/vector_estimator/vector_field/main_blocks.18/convnext.0/pwconv1/Conv_reshape_to_2d' with ID 1681, type 3
    92.1ms [  INFO ] [QNN_CPU] Adding tensor '/vector_estimator/vector_field/main_blocks.18/convnext.0/pwconv1/Conv_reshape_to_2d.nhwc_perm' with ID 1682, type 4
    92.1ms [  INFO ] [QNN_CPU] Adding tensor '/vector_estimator/vector_field/main_blocks.18/convnext.0/pwconv1/Conv_reshape_to_2d.nhwc' with ID 1683, type 3
    92.1ms [  INFO ] [QNN_CPU] Adding tensor '/vector_estimator/vector_field/main_blocks.18/convnext.0/pwconv1/Conv_2d_dilation' with ID 1684, type 4
    92.1ms [  INFO ] [QNN_CPU] Adding tensor '/vector_estimator/vector_field/main_blocks.18/convnext.0/pwconv1/Conv_2d_pad_amount' with ID 1685, type 4
    92.1ms [  INFO ] [QNN_CPU] Adding tensor '/vector_estimator/vector_field/main_blocks.18/convnext.0/pwconv1/Conv_2d_stride' with ID 1686, type 4
    93.0ms [  INFO ] [QNN_CPU] Adding tensor 'vector_estimator.tts.ttl.vector_field.main_blocks.18.convnext.0.pwconv1.weight' with ID 1687, type 4
    93.0ms [  INFO ] [QNN_CPU] Adding tensor 'vector_estimator.tts.ttl.vector_field.main_blocks.18.convnext.0.pwconv1.bias' with ID 1688, type 4
    93.0ms [  INFO ] [QNN_CPU] Adding tensor '/vector_estimator/vector_field/main_blocks.18/convnext.0/pwconv1/Conv_intermediate' with ID 1689, type 3
    93.1ms [  INFO ] [QNN_CPU] Adding tensor '/vector_estimator/vector_field/main_blocks.18/convnext.0/pwconv1/Conv_intermediate.nchw_perm' with ID 1690, type 4
    93.1ms [  INFO ] [QNN_CPU] Adding tensor '/vector_estimator/vector_field/main_blocks.18/convnext.0/pwconv1/Conv_intermediate.nchw' with ID 1691, type 3
    93.1ms [  INFO ] [QNN_CPU] Adding tensor '/vector_estimator/vector_field/main_blocks.18/convnext.0/pwconv1/Conv_output_0' with ID 1692, type 3
    93.1ms [  INFO ] [QNN_CPU] Adding tensor '/vector_estimator/vector_field/main_blocks.18/convnext.0/act/Mul_1_output_0' with ID 1693, type 3
    93.2ms [  INFO ] [QNN_CPU] Adding tensor '/vector_estimator/vector_field/main_blocks.18/convnext.0/pwconv2/Conv_reshape_to_2d' with ID 1694, type 3
    93.2ms [  INFO ] [QNN_CPU] Adding tensor '/vector_estimator/vector_field/main_blocks.18/convnext.0/pwconv2/Conv_reshape_to_2d.nhwc_perm' with ID 1695, type 4
    93.2ms [  INFO ] [QNN_CPU] Adding tensor '/vector_estimator/vector_field/main_blocks.18/convnext.0/pwconv2/Conv_reshape_to_2d.nhwc' with ID 1696, type 3
    93.2ms [  INFO ] [QNN_CPU] Adding tensor '/vector_estimator/vector_field/main_blocks.18/convnext.0/pwconv2/Conv_2d_dilation' with ID 1697, type 4
    93.2ms [  INFO ] [QNN_CPU] Adding tensor '/vector_estimator/vector_field/main_blocks.18/convnext.0/pwconv2/Conv_2d_pad_amount' with ID 1698, type 4
    93.2ms [  INFO ] [QNN_CPU] Adding tensor '/vector_estimator/vector_field/main_blocks.18/convnext.0/pwconv2/Conv_2d_stride' with ID 1699, type 4
    94.2ms [  INFO ] [QNN_CPU] Adding tensor 'vector_estimator.tts.ttl.vector_field.main_blocks.18.convnext.0.pwconv2.weight' with ID 1700, type 4
    94.2ms [  INFO ] [QNN_CPU] Adding tensor 'vector_estimator.tts.ttl.vector_field.main_blocks.18.convnext.0.pwconv2.bias' with ID 1701, type 4
    94.2ms [  INFO ] [QNN_CPU] Adding tensor '/vector_estimator/vector_field/main_blocks.18/convnext.0/pwconv2/Conv_intermediate' with ID 1702, type 3
    94.2ms [  INFO ] [QNN_CPU] Adding tensor '/vector_estimator/vector_field/main_blocks.18/convnext.0/pwconv2/Conv_intermediate.nchw_perm' with ID 1703, type 4
    94.2ms [  INFO ] [QNN_CPU] Adding tensor '/vector_estimator/vector_field/main_blocks.18/convnext.0/pwconv2/Conv_intermediate.nchw' with ID 1704, type 3
    94.2ms [  INFO ] [QNN_CPU] Adding tensor '/vector_estimator/vector_field/main_blocks.18/convnext.0/pwconv2/Conv_output_0' with ID 1705, type 3
    94.3ms [  INFO ] [QNN_CPU] Adding tensor '/vector_estimator/vector_field/main_blocks.18/convnext.0/pwconv2/Conv_output_0.nfc_perm' with ID 1706, type 4
    94.3ms [  INFO ] [QNN_CPU] Adding tensor '/vector_estimator/vector_field/main_blocks.18/convnext.0/pwconv2/Conv_output_0.nfc' with ID 1707, type 3
    94.3ms [  INFO ] [QNN_CPU] Adding tensor 'vector_estimator.tts.ttl.vector_field.main_blocks.18.convnext.0.gamma' with ID 1708, type 4
    94.3ms [  INFO ] [QNN_CPU] Adding tensor '/vector_estimator/vector_field/main_blocks.18/convnext.0/Mul_2_output_0' with ID 1709, type 3
    94.3ms [  INFO ] [QNN_CPU] Adding tensor '/vector_estimator/vector_field/main_blocks.18/convnext.0/Add_output_0' with ID 1710, type 3
    94.4ms [  INFO ] [QNN_CPU] Adding tensor '/vector_estimator/vector_field/main_blocks.18/convnext.0/Mul_3_output_0' with ID 1711, type 3
    94.4ms [  INFO ] [QNN_CPU] Adding tensor '/vector_estimator/vector_field/main_blocks.18/convnext.1/Mul_output_0' with ID 1712, type 3
    94.4ms [  INFO ] [QNN_CPU] Adding tensor '/vector_estimator/vector_field/main_blocks.18/convnext.1/dwconv/Pad_pad_amount' with ID 1713, type 4
    94.4ms [  INFO ] [QNN_CPU] Adding tensor '/vector_estimator/vector_field/main_blocks.18/convnext.1/dwconv/Pad_output_0' with ID 1714, type 3
    94.4ms [  INFO ] [QNN_CPU] Adding tensor '/vector_estimator/vector_field/main_blocks.18/convnext.1/dwconv/Pad_output_0.ncf_perm' with ID 1715, type 4
    94.4ms [  INFO ] [QNN_CPU] Adding tensor '/vector_estimator/vector_field/main_blocks.18/convnext.1/dwconv/Pad_output_0.ncf' with ID 1716, type 3
    94.5ms [  INFO ] [QNN_CPU] Adding tensor '/vector_estimator/vector_field/main_blocks.18/convnext.1/dwconv/Conv_reshape_to_2d' with ID 1717, type 3
    94.5ms [  INFO ] [QNN_CPU] Adding tensor '/vector_estimator/vector_field/main_blocks.18/convnext.1/dwconv/Conv_reshape_to_2d.nhwc_perm' with ID 1718, type 4
    94.5ms [  INFO ] [QNN_CPU] Adding tensor '/vector_estimator/vector_field/main_blocks.18/convnext.1/dwconv/Conv_reshape_to_2d.nhwc' with ID 1719, type 3
    94.5ms [  INFO ] [QNN_CPU] Adding tensor '/vector_estimator/vector_field/main_blocks.18/convnext.1/dwconv/Conv_2d_dilation' with ID 1720, type 4
    94.5ms [  INFO ] [QNN_CPU] Adding tensor '/vector_estimator/vector_field/main_blocks.18/convnext.1/dwconv/Conv_2d_pad_amount' with ID 1721, type 4
    94.5ms [  INFO ] [QNN_CPU] Adding tensor '/vector_estimator/vector_field/main_blocks.18/convnext.1/dwconv/Conv_2d_stride' with ID 1722, type 4
    94.5ms [  INFO ] [QNN_CPU] Adding tensor 'vector_estimator.tts.ttl.vector_field.main_blocks.18.convnext.1.dwconv.weight' with ID 1723, type 4
    94.5ms [  INFO ] [QNN_CPU] Adding tensor 'vector_estimator.tts.ttl.vector_field.main_blocks.18.convnext.1.dwconv.bias' with ID 1724, type 4
    94.5ms [  INFO ] [QNN_CPU] Adding tensor '/vector_estimator/vector_field/main_blocks.18/convnext.1/dwconv/Conv_intermediate' with ID 1725, type 3
    94.6ms [  INFO ] [QNN_CPU] Adding tensor '/vector_estimator/vector_field/main_blocks.18/convnext.1/dwconv/Conv_intermediate.nchw_perm' with ID 1726, type 4
    94.6ms [  INFO ] [QNN_CPU] Adding tensor '/vector_estimator/vector_field/main_blocks.18/convnext.1/dwconv/Conv_intermediate.nchw' with ID 1727, type 3
    94.6ms [  INFO ] [QNN_CPU] Adding tensor '/vector_estimator/vector_field/main_blocks.18/convnext.1/dwconv/Conv_output_0' with ID 1728, type 3
    94.6ms [  INFO ] [QNN_CPU] Adding tensor '/vector_estimator/vector_field/main_blocks.18/convnext.1/dwconv/Conv_output_0.nfc_perm' with ID 1729, type 4
    94.6ms [  INFO ] [QNN_CPU] Adding tensor '/vector_estimator/vector_field/main_blocks.18/convnext.1/dwconv/Conv_output_0.nfc' with ID 1730, type 3
    94.6ms [  INFO ] [QNN_CPU] Adding tensor '/vector_estimator/vector_field/main_blocks.18/convnext.1/norm/Transpose_output_0' with ID 1731, type 3
    94.7ms [  INFO ] [QNN_CPU] Adding tensor '/vector_estimator/vector_field/main_blocks.18/convnext.1/norm/norm/LayerNormalization_axes' with ID 1732, type 4
    94.7ms [  INFO ] [QNN_CPU] Adding tensor 'vector_estimator.tts.ttl.vector_field.main_blocks.18.convnext.1.norm.norm.weight' with ID 1733, type 4
    94.7ms [  INFO ] [QNN_CPU] Adding tensor 'vector_estimator.tts.ttl.vector_field.main_blocks.18.convnext.1.norm.norm.bias' with ID 1734, type 4
    94.7ms [  INFO ] [QNN_CPU] Adding tensor '/vector_estimator/vector_field/main_blocks.18/convnext.1/norm/Transpose_1_output_0' with ID 1735, type 3
    94.9ms [  INFO ] [QNN_CPU] Adding tensor '/vector_estimator/vector_field/main_blocks.18/convnext.1/norm/Transpose_1_output_0.ncf_perm' with ID 1736, type 4
    95.0ms [  INFO ] [QNN_CPU] Adding tensor '/vector_estimator/vector_field/main_blocks.18/convnext.1/norm/Transpose_1_output_0.ncf' with ID 1737, type 3
    95.0ms [  INFO ] [QNN_CPU] Adding tensor '/vector_estimator/vector_field/main_blocks.18/convnext.1/pwconv1/Conv_reshape_to_2d' with ID 1738, type 3
    95.0ms [  INFO ] [QNN_CPU] Adding tensor '/vector_estimator/vector_field/main_blocks.18/convnext.1/pwconv1/Conv_reshape_to_2d.nhwc_perm' with ID 1739, type 4
    95.0ms [  INFO ] [QNN_CPU] Adding tensor '/vector_estimator/vector_field/main_blocks.18/convnext.1/pwconv1/Conv_reshape_to_2d.nhwc' with ID 1740, type 3
    95.1ms [  INFO ] [QNN_CPU] Adding tensor '/vector_estimator/vector_field/main_blocks.18/convnext.1/pwconv1/Conv_2d_dilation' with ID 1741, type 4
    95.1ms [  INFO ] [QNN_CPU] Adding tensor '/vector_estimator/vector_field/main_blocks.18/convnext.1/pwconv1/Conv_2d_pad_amount' with ID 1742, type 4
    95.1ms [  INFO ] [QNN_CPU] Adding tensor '/vector_estimator/vector_field/main_blocks.18/convnext.1/pwconv1/Conv_2d_stride' with ID 1743, type 4
    96.1ms [  INFO ] [QNN_CPU] Adding tensor 'vector_estimator.tts.ttl.vector_field.main_blocks.18.convnext.1.pwconv1.weight' with ID 1744, type 4
    96.1ms [  INFO ] [QNN_CPU] Adding tensor 'vector_estimator.tts.ttl.vector_field.main_blocks.18.convnext.1.pwconv1.bias' with ID 1745, type 4
    96.1ms [  INFO ] [QNN_CPU] Adding tensor '/vector_estimator/vector_field/main_blocks.18/convnext.1/pwconv1/Conv_intermediate' with ID 1746, type 3
    96.2ms [  INFO ] [QNN_CPU] Adding tensor '/vector_estimator/vector_field/main_blocks.18/convnext.1/pwconv1/Conv_intermediate.nchw_perm' with ID 1747, type 4
    96.2ms [  INFO ] [QNN_CPU] Adding tensor '/vector_estimator/vector_field/main_blocks.18/convnext.1/pwconv1/Conv_intermediate.nchw' with ID 1748, type 3
    96.2ms [  INFO ] [QNN_CPU] Adding tensor '/vector_estimator/vector_field/main_blocks.18/convnext.1/pwconv1/Conv_output_0' with ID 1749, type 3
    96.3ms [  INFO ] [QNN_CPU] Adding tensor '/vector_estimator/vector_field/main_blocks.18/convnext.1/act/Mul_1_output_0' with ID 1750, type 3
    96.3ms [  INFO ] [QNN_CPU] Adding tensor '/vector_estimator/vector_field/main_blocks.18/convnext.1/pwconv2/Conv_reshape_to_2d' with ID 1751, type 3
    96.3ms [  INFO ] [QNN_CPU] Adding tensor '/vector_estimator/vector_field/main_blocks.18/convnext.1/pwconv2/Conv_reshape_to_2d.nhwc_perm' with ID 1752, type 4
    96.3ms [  INFO ] [QNN_CPU] Adding tensor '/vector_estimator/vector_field/main_blocks.18/convnext.1/pwconv2/Conv_reshape_to_2d.nhwc' with ID 1753, type 3
    96.4ms [  INFO ] [QNN_CPU] Adding tensor '/vector_estimator/vector_field/main_blocks.18/convnext.1/pwconv2/Conv_2d_dilation' with ID 1754, type 4
    96.4ms [  INFO ] [QNN_CPU] Adding tensor '/vector_estimator/vector_field/main_blocks.18/convnext.1/pwconv2/Conv_2d_pad_amount' with ID 1755, type 4
    96.4ms [  INFO ] [QNN_CPU] Adding tensor '/vector_estimator/vector_field/main_blocks.18/convnext.1/pwconv2/Conv_2d_stride' with ID 1756, type 4
    97.4ms [  INFO ] [QNN_CPU] Adding tensor 'vector_estimator.tts.ttl.vector_field.main_blocks.18.convnext.1.pwconv2.weight' with ID 1757, type 4
    97.4ms [  INFO ] [QNN_CPU] Adding tensor 'vector_estimator.tts.ttl.vector_field.main_blocks.18.convnext.1.pwconv2.bias' with ID 1758, type 4
    97.4ms [  INFO ] [QNN_CPU] Adding tensor '/vector_estimator/vector_field/main_blocks.18/convnext.1/pwconv2/Conv_intermediate' with ID 1759, type 3
    97.5ms [  INFO ] [QNN_CPU] Adding tensor '/vector_estimator/vector_field/main_blocks.18/convnext.1/pwconv2/Conv_intermediate.nchw_perm' with ID 1760, type 4
    97.5ms [  INFO ] [QNN_CPU] Adding tensor '/vector_estimator/vector_field/main_blocks.18/convnext.1/pwconv2/Conv_intermediate.nchw' with ID 1761, type 3
    97.5ms [  INFO ] [QNN_CPU] Adding tensor '/vector_estimator/vector_field/main_blocks.18/convnext.1/pwconv2/Conv_output_0' with ID 1762, type 3
    97.5ms [  INFO ] [QNN_CPU] Adding tensor '/vector_estimator/vector_field/main_blocks.18/convnext.1/pwconv2/Conv_output_0.nfc_perm' with ID 1763, type 4
    97.5ms [  INFO ] [QNN_CPU] Adding tensor '/vector_estimator/vector_field/main_blocks.18/convnext.1/pwconv2/Conv_output_0.nfc' with ID 1764, type 3
    97.6ms [  INFO ] [QNN_CPU] Adding tensor 'vector_estimator.tts.ttl.vector_field.main_blocks.18.convnext.1.gamma' with ID 1765, type 4
    97.6ms [  INFO ] [QNN_CPU] Adding tensor '/vector_estimator/vector_field/main_blocks.18/convnext.1/Mul_2_output_0' with ID 1766, type 3
    97.6ms [  INFO ] [QNN_CPU] Adding tensor '/vector_estimator/vector_field/main_blocks.18/convnext.1/Add_output_0' with ID 1767, type 3
    97.6ms [  INFO ] [QNN_CPU] Adding tensor '/vector_estimator/vector_field/main_blocks.18/convnext.1/Mul_3_output_0' with ID 1768, type 3
    97.7ms [  INFO ] [QNN_CPU] Adding tensor '/vector_estimator/vector_field/main_blocks.18/convnext.2/Mul_output_0' with ID 1769, type 3
    97.7ms [  INFO ] [QNN_CPU] Adding tensor '/vector_estimator/vector_field/main_blocks.18/convnext.2/dwconv/Pad_pad_amount' with ID 1770, type 4
    97.7ms [  INFO ] [QNN_CPU] Adding tensor '/vector_estimator/vector_field/main_blocks.18/convnext.2/dwconv/Pad_output_0' with ID 1771, type 3
    97.7ms [  INFO ] [QNN_CPU] Adding tensor '/vector_estimator/vector_field/main_blocks.18/convnext.2/dwconv/Pad_output_0.ncf_perm' with ID 1772, type 4
    97.7ms [  INFO ] [QNN_CPU] Adding tensor '/vector_estimator/vector_field/main_blocks.18/convnext.2/dwconv/Pad_output_0.ncf' with ID 1773, type 3
    97.8ms [  INFO ] [QNN_CPU] Adding tensor '/vector_estimator/vector_field/main_blocks.18/convnext.2/dwconv/Conv_reshape_to_2d' with ID 1774, type 3
    97.8ms [  INFO ] [QNN_CPU] Adding tensor '/vector_estimator/vector_field/main_blocks.18/convnext.2/dwconv/Conv_reshape_to_2d.nhwc_perm' with ID 1775, type 4
    97.8ms [  INFO ] [QNN_CPU] Adding tensor '/vector_estimator/vector_field/main_blocks.18/convnext.2/dwconv/Conv_reshape_to_2d.nhwc' with ID 1776, type 3
    97.8ms [  INFO ] [QNN_CPU] Adding tensor '/vector_estimator/vector_field/main_blocks.18/convnext.2/dwconv/Conv_2d_dilation' with ID 1777, type 4
    97.8ms [  INFO ] [QNN_CPU] Adding tensor '/vector_estimator/vector_field/main_blocks.18/convnext.2/dwconv/Conv_2d_pad_amount' with ID 1778, type 4
    97.8ms [  INFO ] [QNN_CPU] Adding tensor '/vector_estimator/vector_field/main_blocks.18/convnext.2/dwconv/Conv_2d_stride' with ID 1779, type 4
    97.8ms [  INFO ] [QNN_CPU] Adding tensor 'vector_estimator.tts.ttl.vector_field.main_blocks.18.convnext.2.dwconv.weight' with ID 1780, type 4
    97.8ms [  INFO ] [QNN_CPU] Adding tensor 'vector_estimator.tts.ttl.vector_field.main_blocks.18.convnext.2.dwconv.bias' with ID 1781, type 4
    97.8ms [  INFO ] [QNN_CPU] Adding tensor '/vector_estimator/vector_field/main_blocks.18/convnext.2/dwconv/Conv_intermediate' with ID 1782, type 3
    97.9ms [  INFO ] [QNN_CPU] Adding tensor '/vector_estimator/vector_field/main_blocks.18/convnext.2/dwconv/Conv_intermediate.nchw_perm' with ID 1783, type 4
    97.9ms [  INFO ] [QNN_CPU] Adding tensor '/vector_estimator/vector_field/main_blocks.18/convnext.2/dwconv/Conv_intermediate.nchw' with ID 1784, type 3
    97.9ms [  INFO ] [QNN_CPU] Adding tensor '/vector_estimator/vector_field/main_blocks.18/convnext.2/dwconv/Conv_output_0' with ID 1785, type 3
    97.9ms [  INFO ] [QNN_CPU] Adding tensor '/vector_estimator/vector_field/main_blocks.18/convnext.2/dwconv/Conv_output_0.nfc_perm' with ID 1786, type 4
    97.9ms [  INFO ] [QNN_CPU] Adding tensor '/vector_estimator/vector_field/main_blocks.18/convnext.2/dwconv/Conv_output_0.nfc' with ID 1787, type 3
    97.9ms [  INFO ] [QNN_CPU] Adding tensor '/vector_estimator/vector_field/main_blocks.18/convnext.2/norm/Transpose_output_0' with ID 1788, type 3
    98.0ms [  INFO ] [QNN_CPU] Adding tensor '/vector_estimator/vector_field/main_blocks.18/convnext.2/norm/norm/LayerNormalization_axes' with ID 1789, type 4
    98.0ms [  INFO ] [QNN_CPU] Adding tensor 'vector_estimator.tts.ttl.vector_field.main_blocks.18.convnext.2.norm.norm.weight' with ID 1790, type 4
    98.0ms [  INFO ] [QNN_CPU] Adding tensor 'vector_estimator.tts.ttl.vector_field.main_blocks.18.convnext.2.norm.norm.bias' with ID 1791, type 4
    98.0ms [  INFO ] [QNN_CPU] Adding tensor '/vector_estimator/vector_field/main_blocks.18/convnext.2/norm/Transpose_1_output_0' with ID 1792, type 3
    98.0ms [  INFO ] [QNN_CPU] Adding tensor '/vector_estimator/vector_field/main_blocks.18/convnext.2/norm/Transpose_1_output_0.ncf_perm' with ID 1793, type 4
    98.0ms [  INFO ] [QNN_CPU] Adding tensor '/vector_estimator/vector_field/main_blocks.18/convnext.2/norm/Transpose_1_output_0.ncf' with ID 1794, type 3
    98.0ms [  INFO ] [QNN_CPU] Adding tensor '/vector_estimator/vector_field/main_blocks.18/convnext.2/pwconv1/Conv_reshape_to_2d' with ID 1795, type 3
    98.1ms [  INFO ] [QNN_CPU] Adding tensor '/vector_estimator/vector_field/main_blocks.18/convnext.2/pwconv1/Conv_reshape_to_2d.nhwc_perm' with ID 1796, type 4
    98.1ms [  INFO ] [QNN_CPU] Adding tensor '/vector_estimator/vector_field/main_blocks.18/convnext.2/pwconv1/Conv_reshape_to_2d.nhwc' with ID 1797, type 3
    98.1ms [  INFO ] [QNN_CPU] Adding tensor '/vector_estimator/vector_field/main_blocks.18/convnext.2/pwconv1/Conv_2d_dilation' with ID 1798, type 4
    98.1ms [  INFO ] [QNN_CPU] Adding tensor '/vector_estimator/vector_field/main_blocks.18/convnext.2/pwconv1/Conv_2d_pad_amount' with ID 1799, type 4
    98.1ms [  INFO ] [QNN_CPU] Adding tensor '/vector_estimator/vector_field/main_blocks.18/convnext.2/pwconv1/Conv_2d_stride' with ID 1800, type 4
    99.0ms [  INFO ] [QNN_CPU] Adding tensor 'vector_estimator.tts.ttl.vector_field.main_blocks.18.convnext.2.pwconv1.weight' with ID 1801, type 4
    99.0ms [  INFO ] [QNN_CPU] Adding tensor 'vector_estimator.tts.ttl.vector_field.main_blocks.18.convnext.2.pwconv1.bias' with ID 1802, type 4
    99.0ms [  INFO ] [QNN_CPU] Adding tensor '/vector_estimator/vector_field/main_blocks.18/convnext.2/pwconv1/Conv_intermediate' with ID 1803, type 3
    99.1ms [  INFO ] [QNN_CPU] Adding tensor '/vector_estimator/vector_field/main_blocks.18/convnext.2/pwconv1/Conv_intermediate.nchw_perm' with ID 1804, type 4
    99.1ms [  INFO ] [QNN_CPU] Adding tensor '/vector_estimator/vector_field/main_blocks.18/convnext.2/pwconv1/Conv_intermediate.nchw' with ID 1805, type 3
    99.1ms [  INFO ] [QNN_CPU] Adding tensor '/vector_estimator/vector_field/main_blocks.18/convnext.2/pwconv1/Conv_output_0' with ID 1806, type 3
    99.1ms [  INFO ] [QNN_CPU] Adding tensor '/vector_estimator/vector_field/main_blocks.18/convnext.2/act/Mul_1_output_0' with ID 1807, type 3
    99.2ms [  INFO ] [QNN_CPU] Adding tensor '/vector_estimator/vector_field/main_blocks.18/convnext.2/pwconv2/Conv_reshape_to_2d' with ID 1808, type 3
    99.2ms [  INFO ] [QNN_CPU] Adding tensor '/vector_estimator/vector_field/main_blocks.18/convnext.2/pwconv2/Conv_reshape_to_2d.nhwc_perm' with ID 1809, type 4
    99.2ms [  INFO ] [QNN_CPU] Adding tensor '/vector_estimator/vector_field/main_blocks.18/convnext.2/pwconv2/Conv_reshape_to_2d.nhwc' with ID 1810, type 3
    99.2ms [  INFO ] [QNN_CPU] Adding tensor '/vector_estimator/vector_field/main_blocks.18/convnext.2/pwconv2/Conv_2d_dilation' with ID 1811, type 4
    99.2ms [  INFO ] [QNN_CPU] Adding tensor '/vector_estimator/vector_field/main_blocks.18/convnext.2/pwconv2/Conv_2d_pad_amount' with ID 1812, type 4
    99.2ms [  INFO ] [QNN_CPU] Adding tensor '/vector_estimator/vector_field/main_blocks.18/convnext.2/pwconv2/Conv_2d_stride' with ID 1813, type 4
   100.2ms [  INFO ] [QNN_CPU] Adding tensor 'vector_estimator.tts.ttl.vector_field.main_blocks.18.convnext.2.pwconv2.weight' with ID 1814, type 4
   100.2ms [  INFO ] [QNN_CPU] Adding tensor 'vector_estimator.tts.ttl.vector_field.main_blocks.18.convnext.2.pwconv2.bias' with ID 1815, type 4
   100.2ms [  INFO ] [QNN_CPU] Adding tensor '/vector_estimator/vector_field/main_blocks.18/convnext.2/pwconv2/Conv_intermediate' with ID 1816, type 3
   100.2ms [  INFO ] [QNN_CPU] Adding tensor '/vector_estimator/vector_field/main_blocks.18/convnext.2/pwconv2/Conv_intermediate.nchw_perm' with ID 1817, type 4
   100.2ms [  INFO ] [QNN_CPU] Adding tensor '/vector_estimator/vector_field/main_blocks.18/convnext.2/pwconv2/Conv_intermediate.nchw' with ID 1818, type 3
   100.3ms [  INFO ] [QNN_CPU] Adding tensor '/vector_estimator/vector_field/main_blocks.18/convnext.2/pwconv2/Conv_output_0' with ID 1819, type 3
   100.4ms [  INFO ] [QNN_CPU] Adding tensor '/vector_estimator/vector_field/main_blocks.18/convnext.2/pwconv2/Conv_output_0.nfc_perm' with ID 1820, type 4
   100.4ms [  INFO ] [QNN_CPU] Adding tensor '/vector_estimator/vector_field/main_blocks.18/convnext.2/pwconv2/Conv_output_0.nfc' with ID 1821, type 3
   100.4ms [  INFO ] [QNN_CPU] Adding tensor 'vector_estimator.tts.ttl.vector_field.main_blocks.18.convnext.2.gamma' with ID 1822, type 4
   100.4ms [  INFO ] [QNN_CPU] Adding tensor '/vector_estimator/vector_field/main_blocks.18/convnext.2/Mul_2_output_0' with ID 1823, type 3
   100.4ms [  INFO ] [QNN_CPU] Adding tensor '/vector_estimator/vector_field/main_blocks.18/convnext.2/Add_output_0' with ID 1824, type 3
   100.5ms [  INFO ] [QNN_CPU] Adding tensor '/vector_estimator/vector_field/main_blocks.18/convnext.2/Mul_3_output_0' with ID 1825, type 3
   100.5ms [  INFO ] [QNN_CPU] Adding tensor '/vector_estimator/vector_field/main_blocks.18/convnext.3/Mul_output_0' with ID 1826, type 3
   100.5ms [  INFO ] [QNN_CPU] Adding tensor '/vector_estimator/vector_field/main_blocks.18/convnext.3/dwconv/Pad_pad_amount' with ID 1827, type 4
   100.5ms [  INFO ] [QNN_CPU] Adding tensor '/vector_estimator/vector_field/main_blocks.18/convnext.3/dwconv/Pad_output_0' with ID 1828, type 3
   100.6ms [  INFO ] [QNN_CPU] Adding tensor '/vector_estimator/vector_field/main_blocks.18/convnext.3/dwconv/Pad_output_0.ncf_perm' with ID 1829, type 4
   100.6ms [  INFO ] [QNN_CPU] Adding tensor '/vector_estimator/vector_field/main_blocks.18/convnext.3/dwconv/Pad_output_0.ncf' with ID 1830, type 3
   100.6ms [  INFO ] [QNN_CPU] Adding tensor '/vector_estimator/vector_field/main_blocks.18/convnext.3/dwconv/Conv_reshape_to_2d' with ID 1831, type 3
   100.6ms [  INFO ] [QNN_CPU] Adding tensor '/vector_estimator/vector_field/main_blocks.18/convnext.3/dwconv/Conv_reshape_to_2d.nhwc_perm' with ID 1832, type 4
   100.6ms [  INFO ] [QNN_CPU] Adding tensor '/vector_estimator/vector_field/main_blocks.18/convnext.3/dwconv/Conv_reshape_to_2d.nhwc' with ID 1833, type 3
   100.6ms [  INFO ] [QNN_CPU] Adding tensor '/vector_estimator/vector_field/main_blocks.18/convnext.3/dwconv/Conv_2d_dilation' with ID 1834, type 4
   100.6ms [  INFO ] [QNN_CPU] Adding tensor '/vector_estimator/vector_field/main_blocks.18/convnext.3/dwconv/Conv_2d_pad_amount' with ID 1835, type 4
   100.7ms [  INFO ] [QNN_CPU] Adding tensor '/vector_estimator/vector_field/main_blocks.18/convnext.3/dwconv/Conv_2d_stride' with ID 1836, type 4
   100.7ms [  INFO ] [QNN_CPU] Adding tensor 'vector_estimator.tts.ttl.vector_field.main_blocks.18.convnext.3.dwconv.weight' with ID 1837, type 4
   100.7ms [  INFO ] [QNN_CPU] Adding tensor 'vector_estimator.tts.ttl.vector_field.main_blocks.18.convnext.3.dwconv.bias' with ID 1838, type 4
   100.7ms [  INFO ] [QNN_CPU] Adding tensor '/vector_estimator/vector_field/main_blocks.18/convnext.3/dwconv/Conv_intermediate' with ID 1839, type 3
   100.7ms [  INFO ] [QNN_CPU] Adding tensor '/vector_estimator/vector_field/main_blocks.18/convnext.3/dwconv/Conv_intermediate.nchw_perm' with ID 1840, type 4
   100.7ms [  INFO ] [QNN_CPU] Adding tensor '/vector_estimator/vector_field/main_blocks.18/convnext.3/dwconv/Conv_intermediate.nchw' with ID 1841, type 3
   100.7ms [  INFO ] [QNN_CPU] Adding tensor '/vector_estimator/vector_field/main_blocks.18/convnext.3/dwconv/Conv_output_0' with ID 1842, type 3
   100.7ms [  INFO ] [QNN_CPU] Adding tensor '/vector_estimator/vector_field/main_blocks.18/convnext.3/dwconv/Conv_output_0.nfc_perm' with ID 1843, type 4
   100.7ms [  INFO ] [QNN_CPU] Adding tensor '/vector_estimator/vector_field/main_blocks.18/convnext.3/dwconv/Conv_output_0.nfc' with ID 1844, type 3
   100.8ms [  INFO ] [QNN_CPU] Adding tensor '/vector_estimator/vector_field/main_blocks.18/convnext.3/norm/Transpose_output_0' with ID 1845, type 3
   100.8ms [  INFO ] [QNN_CPU] Adding tensor '/vector_estimator/vector_field/main_blocks.18/convnext.3/norm/norm/LayerNormalization_axes' with ID 1846, type 4
   100.8ms [  INFO ] [QNN_CPU] Adding tensor 'vector_estimator.tts.ttl.vector_field.main_blocks.18.convnext.3.norm.norm.weight' with ID 1847, type 4
   100.8ms [  INFO ] [QNN_CPU] Adding tensor 'vector_estimator.tts.ttl.vector_field.main_blocks.18.convnext.3.norm.norm.bias' with ID 1848, type 4
   100.8ms [  INFO ] [QNN_CPU] Adding tensor '/vector_estimator/vector_field/main_blocks.18/convnext.3/norm/Transpose_1_output_0' with ID 1849, type 3
   100.9ms [  INFO ] [QNN_CPU] Adding tensor '/vector_estimator/vector_field/main_blocks.18/convnext.3/norm/Transpose_1_output_0.ncf_perm' with ID 1850, type 4
   100.9ms [  INFO ] [QNN_CPU] Adding tensor '/vector_estimator/vector_field/main_blocks.18/convnext.3/norm/Transpose_1_output_0.ncf' with ID 1851, type 3
   100.9ms [  INFO ] [QNN_CPU] Adding tensor '/vector_estimator/vector_field/main_blocks.18/convnext.3/pwconv1/Conv_reshape_to_2d' with ID 1852, type 3
   100.9ms [  INFO ] [QNN_CPU] Adding tensor '/vector_estimator/vector_field/main_blocks.18/convnext.3/pwconv1/Conv_reshape_to_2d.nhwc_perm' with ID 1853, type 4
   100.9ms [  INFO ] [QNN_CPU] Adding tensor '/vector_estimator/vector_field/main_blocks.18/convnext.3/pwconv1/Conv_reshape_to_2d.nhwc' with ID 1854, type 3
   100.9ms [  INFO ] [QNN_CPU] Adding tensor '/vector_estimator/vector_field/main_blocks.18/convnext.3/pwconv1/Conv_2d_dilation' with ID 1855, type 4
   100.9ms [  INFO ] [QNN_CPU] Adding tensor '/vector_estimator/vector_field/main_blocks.18/convnext.3/pwconv1/Conv_2d_pad_amount' with ID 1856, type 4
   100.9ms [  INFO ] [QNN_CPU] Adding tensor '/vector_estimator/vector_field/main_blocks.18/convnext.3/pwconv1/Conv_2d_stride' with ID 1857, type 4
   101.9ms [  INFO ] [QNN_CPU] Adding tensor 'vector_estimator.tts.ttl.vector_field.main_blocks.18.convnext.3.pwconv1.weight' with ID 1858, type 4
   101.9ms [  INFO ] [QNN_CPU] Adding tensor 'vector_estimator.tts.ttl.vector_field.main_blocks.18.convnext.3.pwconv1.bias' with ID 1859, type 4
   101.9ms [  INFO ] [QNN_CPU] Adding tensor '/vector_estimator/vector_field/main_blocks.18/convnext.3/pwconv1/Conv_intermediate' with ID 1860, type 3
   101.9ms [  INFO ] [QNN_CPU] Adding tensor '/vector_estimator/vector_field/main_blocks.18/convnext.3/pwconv1/Conv_intermediate.nchw_perm' with ID 1861, type 4
   101.9ms [  INFO ] [QNN_CPU] Adding tensor '/vector_estimator/vector_field/main_blocks.18/convnext.3/pwconv1/Conv_intermediate.nchw' with ID 1862, type 3
   102.0ms [  INFO ] [QNN_CPU] Adding tensor '/vector_estimator/vector_field/main_blocks.18/convnext.3/pwconv1/Conv_output_0' with ID 1863, type 3
   102.0ms [  INFO ] [QNN_CPU] Adding tensor '/vector_estimator/vector_field/main_blocks.18/convnext.3/act/Mul_1_output_0' with ID 1864, type 3
   102.0ms [  INFO ] [QNN_CPU] Adding tensor '/vector_estimator/vector_field/main_blocks.18/convnext.3/pwconv2/Conv_reshape_to_2d' with ID 1865, type 3
   102.0ms [  INFO ] [QNN_CPU] Adding tensor '/vector_estimator/vector_field/main_blocks.18/convnext.3/pwconv2/Conv_reshape_to_2d.nhwc_perm' with ID 1866, type 4
   102.0ms [  INFO ] [QNN_CPU] Adding tensor '/vector_estimator/vector_field/main_blocks.18/convnext.3/pwconv2/Conv_reshape_to_2d.nhwc' with ID 1867, type 3
   102.1ms [  INFO ] [QNN_CPU] Adding tensor '/vector_estimator/vector_field/main_blocks.18/convnext.3/pwconv2/Conv_2d_dilation' with ID 1868, type 4
   102.1ms [  INFO ] [QNN_CPU] Adding tensor '/vector_estimator/vector_field/main_blocks.18/convnext.3/pwconv2/Conv_2d_pad_amount' with ID 1869, type 4
   102.1ms [  INFO ] [QNN_CPU] Adding tensor '/vector_estimator/vector_field/main_blocks.18/convnext.3/pwconv2/Conv_2d_stride' with ID 1870, type 4
   103.0ms [  INFO ] [QNN_CPU] Adding tensor 'vector_estimator.tts.ttl.vector_field.main_blocks.18.convnext.3.pwconv2.weight' with ID 1871, type 4
   103.0ms [  INFO ] [QNN_CPU] Adding tensor 'vector_estimator.tts.ttl.vector_field.main_blocks.18.convnext.3.pwconv2.bias' with ID 1872, type 4
   103.1ms [  INFO ] [QNN_CPU] Adding tensor '/vector_estimator/vector_field/main_blocks.18/convnext.3/pwconv2/Conv_intermediate' with ID 1873, type 3
   103.2ms [  INFO ] [QNN_CPU] Adding tensor '/vector_estimator/vector_field/main_blocks.18/convnext.3/pwconv2/Conv_intermediate.nchw_perm' with ID 1874, type 4
   103.2ms [  INFO ] [QNN_CPU] Adding tensor '/vector_estimator/vector_field/main_blocks.18/convnext.3/pwconv2/Conv_intermediate.nchw' with ID 1875, type 3
   103.2ms [  INFO ] [QNN_CPU] Adding tensor '/vector_estimator/vector_field/main_blocks.18/convnext.3/pwconv2/Conv_output_0' with ID 1876, type 3
   103.2ms [  INFO ] [QNN_CPU] Adding tensor '/vector_estimator/vector_field/main_blocks.18/convnext.3/pwconv2/Conv_output_0.nfc_perm' with ID 1877, type 4
   103.2ms [  INFO ] [QNN_CPU] Adding tensor '/vector_estimator/vector_field/main_blocks.18/convnext.3/pwconv2/Conv_output_0.nfc' with ID 1878, type 3
   103.3ms [  INFO ] [QNN_CPU] Adding tensor 'vector_estimator.tts.ttl.vector_field.main_blocks.18.convnext.3.gamma' with ID 1879, type 4
   103.3ms [  INFO ] [QNN_CPU] Adding tensor '/vector_estimator/vector_field/main_blocks.18/convnext.3/Mul_2_output_0' with ID 1880, type 3
   103.3ms [  INFO ] [QNN_CPU] Adding tensor '/vector_estimator/vector_field/main_blocks.18/convnext.3/Add_output_0' with ID 1881, type 3
   103.3ms [  INFO ] [QNN_CPU] Adding tensor '/vector_estimator/vector_field/main_blocks.18/convnext.3/Mul_3_output_0' with ID 1882, type 3
   103.4ms [  INFO ] [QNN_CPU] Adding tensor '/vector_estimator/vector_field/main_blocks.18/convnext.3/Mul_3_output_0.ncf_perm' with ID 1883, type 4
   103.4ms [  INFO ] [QNN_CPU] Adding tensor '/vector_estimator/vector_field/main_blocks.18/convnext.3/Mul_3_output_0.ncf' with ID 1884, type 3
   103.4ms [  INFO ] [QNN_CPU] Adding tensor '/vector_estimator/vector_field/main_blocks.19/Add_output_0' with ID 1885, type 3
   103.4ms [  INFO ] [QNN_CPU] Adding tensor '/vector_estimator/vector_field/main_blocks.19/Add_output_0.nfc_perm' with ID 1886, type 4
   103.4ms [  INFO ] [QNN_CPU] Adding tensor '/vector_estimator/vector_field/main_blocks.19/Add_output_0.nfc' with ID 1887, type 3
   103.5ms [  INFO ] [QNN_CPU] Adding tensor '/vector_estimator/vector_field/main_blocks.19/Mul_output_0' with ID 1888, type 3
   103.5ms [  INFO ] [QNN_CPU] Adding tensor '/vector_estimator/vector_field/main_blocks.20/convnext.0/Mul_output_0' with ID 1889, type 3
   103.5ms [  INFO ] [QNN_CPU] Adding tensor '/vector_estimator/vector_field/main_blocks.20/convnext.0/dwconv/Pad_pad_amount' with ID 1890, type 4
   103.5ms [  INFO ] [QNN_CPU] Adding tensor '/vector_estimator/vector_field/main_blocks.20/convnext.0/dwconv/Pad_output_0' with ID 1891, type 3
   103.5ms [  INFO ] [QNN_CPU] Adding tensor '/vector_estimator/vector_field/main_blocks.20/convnext.0/dwconv/Pad_output_0.ncf_perm' with ID 1892, type 4
   103.5ms [  INFO ] [QNN_CPU] Adding tensor '/vector_estimator/vector_field/main_blocks.20/convnext.0/dwconv/Pad_output_0.ncf' with ID 1893, type 3
   103.6ms [  INFO ] [QNN_CPU] Adding tensor '/vector_estimator/vector_field/main_blocks.20/convnext.0/dwconv/Conv_reshape_to_2d' with ID 1894, type 3
   103.6ms [  INFO ] [QNN_CPU] Adding tensor '/vector_estimator/vector_field/main_blocks.20/convnext.0/dwconv/Conv_reshape_to_2d.nhwc_perm' with ID 1895, type 4
   103.6ms [  INFO ] [QNN_CPU] Adding tensor '/vector_estimator/vector_field/main_blocks.20/convnext.0/dwconv/Conv_reshape_to_2d.nhwc' with ID 1896, type 3
   103.6ms [  INFO ] [QNN_CPU] Adding tensor '/vector_estimator/vector_field/main_blocks.20/convnext.0/dwconv/Conv_2d_dilation' with ID 1897, type 4
   103.6ms [  INFO ] [QNN_CPU] Adding tensor '/vector_estimator/vector_field/main_blocks.20/convnext.0/dwconv/Conv_2d_pad_amount' with ID 1898, type 4
   103.6ms [  INFO ] [QNN_CPU] Adding tensor '/vector_estimator/vector_field/main_blocks.20/convnext.0/dwconv/Conv_2d_stride' with ID 1899, type 4
   103.6ms [  INFO ] [QNN_CPU] Adding tensor 'vector_estimator.tts.ttl.vector_field.main_blocks.20.convnext.0.dwconv.weight' with ID 1900, type 4
   103.6ms [  INFO ] [QNN_CPU] Adding tensor 'vector_estimator.tts.ttl.vector_field.main_blocks.20.convnext.0.dwconv.bias' with ID 1901, type 4
   103.6ms [  INFO ] [QNN_CPU] Adding tensor '/vector_estimator/vector_field/main_blocks.20/convnext.0/dwconv/Conv_intermediate' with ID 1902, type 3
   103.7ms [  INFO ] [QNN_CPU] Adding tensor '/vector_estimator/vector_field/main_blocks.20/convnext.0/dwconv/Conv_intermediate.nchw_perm' with ID 1903, type 4
   103.7ms [  INFO ] [QNN_CPU] Adding tensor '/vector_estimator/vector_field/main_blocks.20/convnext.0/dwconv/Conv_intermediate.nchw' with ID 1904, type 3
   103.7ms [  INFO ] [QNN_CPU] Adding tensor '/vector_estimator/vector_field/main_blocks.20/convnext.0/dwconv/Conv_output_0' with ID 1905, type 3
   103.7ms [  INFO ] [QNN_CPU] Adding tensor '/vector_estimator/vector_field/main_blocks.20/convnext.0/dwconv/Conv_output_0.nfc_perm' with ID 1906, type 4
   103.7ms [  INFO ] [QNN_CPU] Adding tensor '/vector_estimator/vector_field/main_blocks.20/convnext.0/dwconv/Conv_output_0.nfc' with ID 1907, type 3
   103.7ms [  INFO ] [QNN_CPU] Adding tensor '/vector_estimator/vector_field/main_blocks.20/convnext.0/norm/Transpose_output_0' with ID 1908, type 3
   103.8ms [  INFO ] [QNN_CPU] Adding tensor '/vector_estimator/vector_field/main_blocks.20/convnext.0/norm/norm/LayerNormalization_axes' with ID 1909, type 4
   103.8ms [  INFO ] [QNN_CPU] Adding tensor 'vector_estimator.tts.ttl.vector_field.main_blocks.20.convnext.0.norm.norm.weight' with ID 1910, type 4
   103.8ms [  INFO ] [QNN_CPU] Adding tensor 'vector_estimator.tts.ttl.vector_field.main_blocks.20.convnext.0.norm.norm.bias' with ID 1911, type 4
   103.8ms [  INFO ] [QNN_CPU] Adding tensor '/vector_estimator/vector_field/main_blocks.20/convnext.0/norm/Transpose_1_output_0' with ID 1912, type 3
   103.8ms [  INFO ] [QNN_CPU] Adding tensor '/vector_estimator/vector_field/main_blocks.20/convnext.0/norm/Transpose_1_output_0.ncf_perm' with ID 1913, type 4
   103.8ms [  INFO ] [QNN_CPU] Adding tensor '/vector_estimator/vector_field/main_blocks.20/convnext.0/norm/Transpose_1_output_0.ncf' with ID 1914, type 3
   103.8ms [  INFO ] [QNN_CPU] Adding tensor '/vector_estimator/vector_field/main_blocks.20/convnext.0/pwconv1/Conv_reshape_to_2d' with ID 1915, type 3
   103.8ms [  INFO ] [QNN_CPU] Adding tensor '/vector_estimator/vector_field/main_blocks.20/convnext.0/pwconv1/Conv_reshape_to_2d.nhwc_perm' with ID 1916, type 4
   103.8ms [  INFO ] [QNN_CPU] Adding tensor '/vector_estimator/vector_field/main_blocks.20/convnext.0/pwconv1/Conv_reshape_to_2d.nhwc' with ID 1917, type 3
   103.9ms [  INFO ] [QNN_CPU] Adding tensor '/vector_estimator/vector_field/main_blocks.20/convnext.0/pwconv1/Conv_2d_dilation' with ID 1918, type 4
   103.9ms [  INFO ] [QNN_CPU] Adding tensor '/vector_estimator/vector_field/main_blocks.20/convnext.0/pwconv1/Conv_2d_pad_amount' with ID 1919, type 4
   103.9ms [  INFO ] [QNN_CPU] Adding tensor '/vector_estimator/vector_field/main_blocks.20/convnext.0/pwconv1/Conv_2d_stride' with ID 1920, type 4
   104.8ms [  INFO ] [QNN_CPU] Adding tensor 'vector_estimator.tts.ttl.vector_field.main_blocks.20.convnext.0.pwconv1.weight' with ID 1921, type 4
   104.8ms [  INFO ] [QNN_CPU] Adding tensor 'vector_estimator.tts.ttl.vector_field.main_blocks.20.convnext.0.pwconv1.bias' with ID 1922, type 4
   104.8ms [  INFO ] [QNN_CPU] Adding tensor '/vector_estimator/vector_field/main_blocks.20/convnext.0/pwconv1/Conv_intermediate' with ID 1923, type 3
   104.9ms [  INFO ] [QNN_CPU] Adding tensor '/vector_estimator/vector_field/main_blocks.20/convnext.0/pwconv1/Conv_intermediate.nchw_perm' with ID 1924, type 4
   104.9ms [  INFO ] [QNN_CPU] Adding tensor '/vector_estimator/vector_field/main_blocks.20/convnext.0/pwconv1/Conv_intermediate.nchw' with ID 1925, type 3
   104.9ms [  INFO ] [QNN_CPU] Adding tensor '/vector_estimator/vector_field/main_blocks.20/convnext.0/pwconv1/Conv_output_0' with ID 1926, type 3
   104.9ms [  INFO ] [QNN_CPU] Adding tensor '/vector_estimator/vector_field/main_blocks.20/convnext.0/act/Mul_1_output_0' with ID 1927, type 3
   104.9ms [  INFO ] [QNN_CPU] Adding tensor '/vector_estimator/vector_field/main_blocks.20/convnext.0/pwconv2/Conv_reshape_to_2d' with ID 1928, type 3
   105.0ms [  INFO ] [QNN_CPU] Adding tensor '/vector_estimator/vector_field/main_blocks.20/convnext.0/pwconv2/Conv_reshape_to_2d.nhwc_perm' with ID 1929, type 4
   105.0ms [  INFO ] [QNN_CPU] Adding tensor '/vector_estimator/vector_field/main_blocks.20/convnext.0/pwconv2/Conv_reshape_to_2d.nhwc' with ID 1930, type 3
   105.0ms [  INFO ] [QNN_CPU] Adding tensor '/vector_estimator/vector_field/main_blocks.20/convnext.0/pwconv2/Conv_2d_dilation' with ID 1931, type 4
   105.0ms [  INFO ] [QNN_CPU] Adding tensor '/vector_estimator/vector_field/main_blocks.20/convnext.0/pwconv2/Conv_2d_pad_amount' with ID 1932, type 4
   105.0ms [  INFO ] [QNN_CPU] Adding tensor '/vector_estimator/vector_field/main_blocks.20/convnext.0/pwconv2/Conv_2d_stride' with ID 1933, type 4
   105.9ms [  INFO ] [QNN_CPU] Adding tensor 'vector_estimator.tts.ttl.vector_field.main_blocks.20.convnext.0.pwconv2.weight' with ID 1934, type 4
   105.9ms [  INFO ] [QNN_CPU] Adding tensor 'vector_estimator.tts.ttl.vector_field.main_blocks.20.convnext.0.pwconv2.bias' with ID 1935, type 4
   105.9ms [  INFO ] [QNN_CPU] Adding tensor '/vector_estimator/vector_field/main_blocks.20/convnext.0/pwconv2/Conv_intermediate' with ID 1936, type 3
   106.0ms [  INFO ] [QNN_CPU] Adding tensor '/vector_estimator/vector_field/main_blocks.20/convnext.0/pwconv2/Conv_intermediate.nchw_perm' with ID 1937, type 4
   106.0ms [  INFO ] [QNN_CPU] Adding tensor '/vector_estimator/vector_field/main_blocks.20/convnext.0/pwconv2/Conv_intermediate.nchw' with ID 1938, type 3
   106.0ms [  INFO ] [QNN_CPU] Adding tensor '/vector_estimator/vector_field/main_blocks.20/convnext.0/pwconv2/Conv_output_0' with ID 1939, type 3
   106.0ms [  INFO ] [QNN_CPU] Adding tensor '/vector_estimator/vector_field/main_blocks.20/convnext.0/pwconv2/Conv_output_0.nfc_perm' with ID 1940, type 4
   106.0ms [  INFO ] [QNN_CPU] Adding tensor '/vector_estimator/vector_field/main_blocks.20/convnext.0/pwconv2/Conv_output_0.nfc' with ID 1941, type 3
   106.0ms [  INFO ] [QNN_CPU] Adding tensor 'vector_estimator.tts.ttl.vector_field.main_blocks.20.convnext.0.gamma' with ID 1942, type 4
   106.1ms [  INFO ] [QNN_CPU] Adding tensor '/vector_estimator/vector_field/main_blocks.20/convnext.0/Mul_2_output_0' with ID 1943, type 3
   106.1ms [  INFO ] [QNN_CPU] Adding tensor '/vector_estimator/vector_field/main_blocks.20/convnext.0/Add_output_0' with ID 1944, type 3
   106.1ms [  INFO ] [QNN_CPU] Adding tensor '/vector_estimator/vector_field/main_blocks.20/convnext.0/Mul_3_output_0' with ID 1945, type 3
   106.1ms [  INFO ] [QNN_CPU] Adding tensor '/vector_estimator/vector_field/main_blocks.21/Transpose_output_0' with ID 1946, type 3
   106.2ms [  INFO ] [QNN_CPU] Adding tensor '/vector_estimator/vector_field/main_blocks.21/attn/W_query/linear/MatMul_pre_reshape' with ID 1947, type 3
   106.4ms [  INFO ] [QNN_CPU] Adding tensor 'onnx::MatMul_3525' with ID 1948, type 4
   106.4ms [  INFO ] [QNN_CPU] Adding tensor 'vector_estimator.tts.ttl.vector_field.main_blocks.21.attn.W_query.linear.bias' with ID 1949, type 4
   106.4ms [  INFO ] [QNN_CPU] Adding tensor '/vector_estimator/vector_field/main_blocks.21/attn/W_query/linear/Add_output_0_fc' with ID 1950, type 3
   106.5ms [  INFO ] [QNN_CPU] Adding tensor '/vector_estimator/vector_field/main_blocks.21/attn/Split/webgpu_reshape' with ID 1951, type 3
   106.5ms [  INFO ] [QNN_CPU] Adding tensor '/vector_estimator/vector_field/main_blocks.21/attn/Split/webgpu_transpose_heads_perm' with ID 1952, type 4
   106.5ms [  INFO ] [QNN_CPU] Adding tensor '/vector_estimator/vector_field/main_blocks.21/attn/Concat_output_0' with ID 1953, type 3
   106.5ms [  INFO ] [QNN_CPU] Adding tensor '/vector_estimator/vector_field/main_blocks.21/attn/Slice_1_ranges' with ID 1954, type 4
   106.5ms [  INFO ] [QNN_CPU] Adding tensor '/vector_estimator/vector_field/main_blocks.21/attn/Slice_1_output_0' with ID 1955, type 3
   106.6ms [  INFO ] [QNN_CPU] Adding tensor '/vector_estimator/vector_field/main_blocks.21/attn/Slice_2_ranges' with ID 1959, type 4
   106.6ms [  INFO ] [QNN_CPU] Adding tensor '/vector_estimator/vector_field/main_blocks.21/attn/Slice_2_output_0' with ID 1960, type 3
   106.6ms [  INFO ] [QNN_CPU] Adding tensor '/vector_estimator/vector_field/main_blocks.21/attn/Mul_3_output_0' with ID 1964, type 3
   106.6ms [  INFO ] [QNN_CPU] Adding tensor '/vector_estimator/vector_field/main_blocks.21/attn/Mul_4_output_0' with ID 1965, type 3
   106.7ms [  INFO ] [QNN_CPU] Adding tensor '/vector_estimator/vector_field/main_blocks.21/attn/Mul_5_output_0' with ID 1966, type 3
   106.7ms [  INFO ] [QNN_CPU] Adding tensor '/vector_estimator/vector_field/main_blocks.21/attn/Mul_6_output_0' with ID 1967, type 3
   106.7ms [  INFO ] [QNN_CPU] Adding tensor '/vector_estimator/vector_field/main_blocks.21/attn/Sub_output_0' with ID 1968, type 3
   106.8ms [  INFO ] [QNN_CPU] Adding tensor '/vector_estimator/vector_field/main_blocks.21/attn/Add_1_output_0' with ID 1969, type 3
   106.8ms [  INFO ] [QNN_CPU] Adding tensor '/vector_estimator/vector_field/main_blocks.21/attn/Concat_3_output_0' with ID 1970, type 3
   106.8ms [  INFO ] [QNN_CPU] Adding tensor '/vector_estimator/vector_field/main_blocks.21/attn/MatMul_output_0' with ID 1971, type 3
   106.8ms [  INFO ] [QNN_CPU] Adding tensor '/vector_estimator/vector_field/main_blocks.21/attn/Div_4_output_0' with ID 1972, type 3
   106.9ms [  INFO ] [QNN_CPU] Adding tensor '/vector_estimator/vector_field/main_blocks.21/attn/Where_output_0' with ID 1973, type 3
   106.9ms [  INFO ] [QNN_CPU] Adding tensor '/vector_estimator/vector_field/main_blocks.21/attn/Softmax_output_0' with ID 1974, type 3
   106.9ms [  INFO ] [QNN_CPU] Adding tensor '/vector_estimator/vector_field/main_blocks.21/attn/Where_1_output_0' with ID 1975, type 3
   107.0ms [  INFO ] [QNN_CPU] Adding tensor '/vector_estimator/vector_field/main_blocks.21/attn/MatMul_1_output_0' with ID 1976, type 3
   107.0ms [  INFO ] [QNN_CPU] Adding tensor '/vector_estimator/vector_field/main_blocks.21/attn/Split_3/webgpu_transpose_merge_perm' with ID 1977, type 4
   107.0ms [  INFO ] [QNN_CPU] Adding tensor '/vector_estimator/vector_field/main_blocks.21/attn/Split_3/webgpu_transpose' with ID 1978, type 3
   107.0ms [  INFO ] [QNN_CPU] Adding tensor '/vector_estimator/vector_field/main_blocks.21/attn/out_fc/linear/MatMul_pre_reshape' with ID 1979, type 3
   107.3ms [  INFO ] [QNN_CPU] Adding tensor 'onnx::MatMul_3534' with ID 1980, type 4
   107.3ms [  INFO ] [QNN_CPU] Adding tensor 'vector_estimator.tts.ttl.vector_field.main_blocks.21.attn.out_fc.linear.bias' with ID 1981, type 4
   107.3ms [  INFO ] [QNN_CPU] Adding tensor '/vector_estimator/vector_field/main_blocks.21/attn/out_fc/linear/Add_output_0_fc' with ID 1982, type 3
   107.3ms [  INFO ] [QNN_CPU] Adding tensor '/vector_estimator/vector_field/main_blocks.21/attn/out_fc/linear/Add_output_0' with ID 1983, type 3
   107.3ms [  INFO ] [QNN_CPU] Adding tensor '/vector_estimator/vector_field/main_blocks.21/Transpose_1_output_0' with ID 1984, type 3
   107.3ms [  INFO ] [QNN_CPU] Adding tensor '/vector_estimator/vector_field/main_blocks.21/norm/Transpose_output_0' with ID 1985, type 3
   107.5ms [  INFO ] [QNN_CPU] Adding tensor '/vector_estimator/vector_field/main_blocks.21/norm/norm/LayerNormalization_axes' with ID 1986, type 4
   107.5ms [  INFO ] [QNN_CPU] Adding tensor 'vector_estimator.tts.ttl.vector_field.main_blocks.21.norm.norm.weight' with ID 1987, type 4
   107.5ms [  INFO ] [QNN_CPU] Adding tensor 'vector_estimator.tts.ttl.vector_field.main_blocks.21.norm.norm.bias' with ID 1988, type 4
   107.5ms [  INFO ] [QNN_CPU] Adding tensor '/vector_estimator/vector_field/main_blocks.21/norm/Transpose_1_output_0' with ID 1989, type 3
   107.6ms [  INFO ] [QNN_CPU] Adding tensor '/vector_estimator/vector_field/main_blocks.21/Mul_1_output_0' with ID 1990, type 3
   107.6ms [  INFO ] [QNN_CPU] Adding tensor '/vector_estimator/vector_field/main_blocks.22/convnext.0/Mul_output_0' with ID 1991, type 3
   107.6ms [  INFO ] [QNN_CPU] Adding tensor '/vector_estimator/vector_field/main_blocks.22/convnext.0/dwconv/Pad_pad_amount' with ID 1992, type 4
   107.6ms [  INFO ] [QNN_CPU] Adding tensor '/vector_estimator/vector_field/main_blocks.22/convnext.0/dwconv/Pad_output_0' with ID 1993, type 3
   107.6ms [  INFO ] [QNN_CPU] Adding tensor '/vector_estimator/vector_field/main_blocks.22/convnext.0/dwconv/Pad_output_0.ncf_perm' with ID 1994, type 4
   107.7ms [  INFO ] [QNN_CPU] Adding tensor '/vector_estimator/vector_field/main_blocks.22/convnext.0/dwconv/Pad_output_0.ncf' with ID 1995, type 3
   107.7ms [  INFO ] [QNN_CPU] Adding tensor '/vector_estimator/vector_field/main_blocks.22/convnext.0/dwconv/Conv_reshape_to_2d' with ID 1996, type 3
   107.7ms [  INFO ] [QNN_CPU] Adding tensor '/vector_estimator/vector_field/main_blocks.22/convnext.0/dwconv/Conv_reshape_to_2d.nhwc_perm' with ID 1997, type 4
   107.7ms [  INFO ] [QNN_CPU] Adding tensor '/vector_estimator/vector_field/main_blocks.22/convnext.0/dwconv/Conv_reshape_to_2d.nhwc' with ID 1998, type 3
   107.7ms [  INFO ] [QNN_CPU] Adding tensor '/vector_estimator/vector_field/main_blocks.22/convnext.0/dwconv/Conv_2d_dilation' with ID 1999, type 4
   107.7ms [  INFO ] [QNN_CPU] Adding tensor '/vector_estimator/vector_field/main_blocks.22/convnext.0/dwconv/Conv_2d_pad_amount' with ID 2000, type 4
   107.7ms [  INFO ] [QNN_CPU] Adding tensor '/vector_estimator/vector_field/main_blocks.22/convnext.0/dwconv/Conv_2d_stride' with ID 2001, type 4
   107.8ms [  INFO ] [QNN_CPU] Adding tensor 'vector_estimator.tts.ttl.vector_field.main_blocks.22.convnext.0.dwconv.weight' with ID 2002, type 4
   107.8ms [  INFO ] [QNN_CPU] Adding tensor 'vector_estimator.tts.ttl.vector_field.main_blocks.22.convnext.0.dwconv.bias' with ID 2003, type 4
   107.8ms [  INFO ] [QNN_CPU] Adding tensor '/vector_estimator/vector_field/main_blocks.22/convnext.0/dwconv/Conv_intermediate' with ID 2004, type 3
   107.8ms [  INFO ] [QNN_CPU] Adding tensor '/vector_estimator/vector_field/main_blocks.22/convnext.0/dwconv/Conv_intermediate.nchw_perm' with ID 2005, type 4
   107.8ms [  INFO ] [QNN_CPU] Adding tensor '/vector_estimator/vector_field/main_blocks.22/convnext.0/dwconv/Conv_intermediate.nchw' with ID 2006, type 3
   107.8ms [  INFO ] [QNN_CPU] Adding tensor '/vector_estimator/vector_field/main_blocks.22/convnext.0/dwconv/Conv_output_0' with ID 2007, type 3
   107.8ms [  INFO ] [QNN_CPU] Adding tensor '/vector_estimator/vector_field/main_blocks.22/convnext.0/dwconv/Conv_output_0.nfc_perm' with ID 2008, type 4
   107.8ms [  INFO ] [QNN_CPU] Adding tensor '/vector_estimator/vector_field/main_blocks.22/convnext.0/dwconv/Conv_output_0.nfc' with ID 2009, type 3
   107.9ms [  INFO ] [QNN_CPU] Adding tensor '/vector_estimator/vector_field/main_blocks.22/convnext.0/norm/Transpose_output_0' with ID 2010, type 3
   107.9ms [  INFO ] [QNN_CPU] Adding tensor '/vector_estimator/vector_field/main_blocks.22/convnext.0/norm/norm/LayerNormalization_axes' with ID 2011, type 4
   107.9ms [  INFO ] [QNN_CPU] Adding tensor 'vector_estimator.tts.ttl.vector_field.main_blocks.22.convnext.0.norm.norm.weight' with ID 2012, type 4
   107.9ms [  INFO ] [QNN_CPU] Adding tensor 'vector_estimator.tts.ttl.vector_field.main_blocks.22.convnext.0.norm.norm.bias' with ID 2013, type 4
   107.9ms [  INFO ] [QNN_CPU] Adding tensor '/vector_estimator/vector_field/main_blocks.22/convnext.0/norm/Transpose_1_output_0' with ID 2014, type 3
   107.9ms [  INFO ] [QNN_CPU] Adding tensor '/vector_estimator/vector_field/main_blocks.22/convnext.0/norm/Transpose_1_output_0.ncf_perm' with ID 2015, type 4
   107.9ms [  INFO ] [QNN_CPU] Adding tensor '/vector_estimator/vector_field/main_blocks.22/convnext.0/norm/Transpose_1_output_0.ncf' with ID 2016, type 3
   107.9ms [  INFO ] [QNN_CPU] Adding tensor '/vector_estimator/vector_field/main_blocks.22/convnext.0/pwconv1/Conv_reshape_to_2d' with ID 2017, type 3
   108.0ms [  INFO ] [QNN_CPU] Adding tensor '/vector_estimator/vector_field/main_blocks.22/convnext.0/pwconv1/Conv_reshape_to_2d.nhwc_perm' with ID 2018, type 4
   108.0ms [  INFO ] [QNN_CPU] Adding tensor '/vector_estimator/vector_field/main_blocks.22/convnext.0/pwconv1/Conv_reshape_to_2d.nhwc' with ID 2019, type 3
   108.0ms [  INFO ] [QNN_CPU] Adding tensor '/vector_estimator/vector_field/main_blocks.22/convnext.0/pwconv1/Conv_2d_dilation' with ID 2020, type 4
   108.0ms [  INFO ] [QNN_CPU] Adding tensor '/vector_estimator/vector_field/main_blocks.22/convnext.0/pwconv1/Conv_2d_pad_amount' with ID 2021, type 4
   108.0ms [  INFO ] [QNN_CPU] Adding tensor '/vector_estimator/vector_field/main_blocks.22/convnext.0/pwconv1/Conv_2d_stride' with ID 2022, type 4
   108.9ms [  INFO ] [QNN_CPU] Adding tensor 'vector_estimator.tts.ttl.vector_field.main_blocks.22.convnext.0.pwconv1.weight' with ID 2023, type 4
   109.0ms [  INFO ] [QNN_CPU] Adding tensor 'vector_estimator.tts.ttl.vector_field.main_blocks.22.convnext.0.pwconv1.bias' with ID 2024, type 4
   109.0ms [  INFO ] [QNN_CPU] Adding tensor '/vector_estimator/vector_field/main_blocks.22/convnext.0/pwconv1/Conv_intermediate' with ID 2025, type 3
   109.0ms [  INFO ] [QNN_CPU] Adding tensor '/vector_estimator/vector_field/main_blocks.22/convnext.0/pwconv1/Conv_intermediate.nchw_perm' with ID 2026, type 4
   109.0ms [  INFO ] [QNN_CPU] Adding tensor '/vector_estimator/vector_field/main_blocks.22/convnext.0/pwconv1/Conv_intermediate.nchw' with ID 2027, type 3
   109.0ms [  INFO ] [QNN_CPU] Adding tensor '/vector_estimator/vector_field/main_blocks.22/convnext.0/pwconv1/Conv_output_0' with ID 2028, type 3
   109.0ms [  INFO ] [QNN_CPU] Adding tensor '/vector_estimator/vector_field/main_blocks.22/convnext.0/act/Mul_1_output_0' with ID 2029, type 3
   109.1ms [  INFO ] [QNN_CPU] Adding tensor '/vector_estimator/vector_field/main_blocks.22/convnext.0/pwconv2/Conv_reshape_to_2d' with ID 2030, type 3
   109.1ms [  INFO ] [QNN_CPU] Adding tensor '/vector_estimator/vector_field/main_blocks.22/convnext.0/pwconv2/Conv_reshape_to_2d.nhwc_perm' with ID 2031, type 4
   109.1ms [  INFO ] [QNN_CPU] Adding tensor '/vector_estimator/vector_field/main_blocks.22/convnext.0/pwconv2/Conv_reshape_to_2d.nhwc' with ID 2032, type 3
   109.1ms [  INFO ] [QNN_CPU] Adding tensor '/vector_estimator/vector_field/main_blocks.22/convnext.0/pwconv2/Conv_2d_dilation' with ID 2033, type 4
   109.1ms [  INFO ] [QNN_CPU] Adding tensor '/vector_estimator/vector_field/main_blocks.22/convnext.0/pwconv2/Conv_2d_pad_amount' with ID 2034, type 4
   109.1ms [  INFO ] [QNN_CPU] Adding tensor '/vector_estimator/vector_field/main_blocks.22/convnext.0/pwconv2/Conv_2d_stride' with ID 2035, type 4
   110.1ms [  INFO ] [QNN_CPU] Adding tensor 'vector_estimator.tts.ttl.vector_field.main_blocks.22.convnext.0.pwconv2.weight' with ID 2036, type 4
   110.1ms [  INFO ] [QNN_CPU] Adding tensor 'vector_estimator.tts.ttl.vector_field.main_blocks.22.convnext.0.pwconv2.bias' with ID 2037, type 4
   110.1ms [  INFO ] [QNN_CPU] Adding tensor '/vector_estimator/vector_field/main_blocks.22/convnext.0/pwconv2/Conv_intermediate' with ID 2038, type 3
   110.1ms [  INFO ] [QNN_CPU] Adding tensor '/vector_estimator/vector_field/main_blocks.22/convnext.0/pwconv2/Conv_intermediate.nchw_perm' with ID 2039, type 4
   110.1ms [  INFO ] [QNN_CPU] Adding tensor '/vector_estimator/vector_field/main_blocks.22/convnext.0/pwconv2/Conv_intermediate.nchw' with ID 2040, type 3
   110.2ms [  INFO ] [QNN_CPU] Adding tensor '/vector_estimator/vector_field/main_blocks.22/convnext.0/pwconv2/Conv_output_0' with ID 2041, type 3
   110.2ms [  INFO ] [QNN_CPU] Adding tensor '/vector_estimator/vector_field/main_blocks.22/convnext.0/pwconv2/Conv_output_0.nfc_perm' with ID 2042, type 4
   110.2ms [  INFO ] [QNN_CPU] Adding tensor '/vector_estimator/vector_field/main_blocks.22/convnext.0/pwconv2/Conv_output_0.nfc' with ID 2043, type 3
   110.2ms [  INFO ] [QNN_CPU] Adding tensor 'vector_estimator.tts.ttl.vector_field.main_blocks.22.convnext.0.gamma' with ID 2044, type 4
   110.2ms [  INFO ] [QNN_CPU] Adding tensor '/vector_estimator/vector_field/main_blocks.22/convnext.0/Mul_2_output_0' with ID 2045, type 3
   110.3ms [  INFO ] [QNN_CPU] Adding tensor '/vector_estimator/vector_field/main_blocks.22/convnext.0/Add_output_0' with ID 2046, type 3
   110.3ms [  INFO ] [QNN_CPU] Adding tensor '/vector_estimator/vector_field/main_blocks.22/convnext.0/Mul_3_output_0' with ID 2047, type 3
   110.3ms [  INFO ] [QNN_CPU] Adding tensor '/vector_estimator/vector_field/main_blocks.23/Transpose_output_0' with ID 2048, type 3
   110.3ms [  INFO ] [QNN_CPU] Adding tensor '/vector_estimator/vector_field/main_blocks.23/attention/W_query/linear/MatMul_pre_reshape' with ID 2049, type 3
   110.5ms [  INFO ] [QNN_CPU] Adding tensor 'onnx::MatMul_3540' with ID 2050, type 4
   110.5ms [  INFO ] [QNN_CPU] Adding tensor 'vector_estimator.tts.ttl.vector_field.main_blocks.23.attention.W_query.linear.bias' with ID 2051, type 4
   110.5ms [  INFO ] [QNN_CPU] Adding tensor '/vector_estimator/vector_field/main_blocks.23/attention/W_query/linear/Add_output_0_fc' with ID 2052, type 3
   110.5ms [  INFO ] [QNN_CPU] Adding tensor '/vector_estimator/vector_field/main_blocks.23/attention/W_query/linear/Add_output_0' with ID 2053, type 3
   110.5ms [  INFO ] [QNN_CPU] Adding tensor '/vector_estimator/vector_field/main_blocks.23/attention/Split_split_index' with ID 2054, type 4
   110.5ms [  INFO ] [QNN_CPU] Adding tensor '/vector_estimator/vector_field/main_blocks.23/attention/Split_output_0' with ID 2055, type 3
   110.5ms [  INFO ] [QNN_CPU] Adding tensor '/vector_estimator/vector_field/main_blocks.23/attention/Split_output_1' with ID 2056, type 3
   110.6ms [  INFO ] [QNN_CPU] Adding tensor '/vector_estimator/vector_field/main_blocks.23/attention/Unsqueeze_output_0' with ID 2059, type 3
   110.6ms [  INFO ] [QNN_CPU] Adding tensor '/vector_estimator/vector_field/main_blocks.23/attention/Unsqueeze_1_output_0' with ID 2060, type 3
   110.6ms [  INFO ] [QNN_CPU] Adding tensor '/vector_estimator/vector_field/main_blocks.23/attention/Concat_output_0' with ID 2061, type 3
   110.6ms [  INFO ] [QNN_CPU] Adding tensor '/vector_estimator/vector_field/main_blocks.23/attention/MatMul_output_0' with ID 2062, type 3
   110.7ms [  INFO ] [QNN_CPU] Adding tensor '/vector_estimator/vector_field/main_blocks.23/attention/Div_output_0' with ID 2063, type 3
   110.7ms [  INFO ] [QNN_CPU] Adding tensor '/vector_estimator/vector_field/main_blocks.23/attention/Softmax_output_0' with ID 2064, type 3
   110.7ms [  INFO ] [QNN_CPU] Adding tensor '/vector_estimator/vector_field/main_blocks.23/attention/Where_output_0' with ID 2065, type 3
   110.7ms [  INFO ] [QNN_CPU] Adding tensor '/vector_estimator/vector_field/main_blocks.23/attention/MatMul_1_output_0' with ID 2066, type 3
   110.8ms [  INFO ] [QNN_CPU] Adding tensor '/vector_estimator/vector_field/main_blocks.23/attention/Split_3_split_index' with ID 2067, type 4
   110.8ms [  INFO ] [QNN_CPU] Adding tensor '/vector_estimator/vector_field/main_blocks.23/attention/Split_3_output_0' with ID 2068, type 3
   110.8ms [  INFO ] [QNN_CPU] Adding tensor '/vector_estimator/vector_field/main_blocks.23/attention/Split_3_output_1' with ID 2069, type 3
   110.9ms [  INFO ] [QNN_CPU] Adding tensor '/vector_estimator/vector_field/main_blocks.23/attention/Concat_3_output_0' with ID 2072, type 3
   111.0ms [  INFO ] [QNN_CPU] Adding tensor '/vector_estimator/vector_field/main_blocks.23/attention/out_fc/linear/MatMul_pre_reshape' with ID 2073, type 3
   111.1ms [  INFO ] [QNN_CPU] Adding tensor 'onnx::MatMul_3543' with ID 2074, type 4
   111.1ms [  INFO ] [QNN_CPU] Adding tensor 'vector_estimator.tts.ttl.vector_field.main_blocks.23.attention.out_fc.linear.bias' with ID 2075, type 4
   111.1ms [  INFO ] [QNN_CPU] Adding tensor '/vector_estimator/vector_field/main_blocks.23/attention/out_fc/linear/Add_output_0_fc' with ID 2076, type 3
   111.2ms [  INFO ] [QNN_CPU] Adding tensor '/vector_estimator/vector_field/main_blocks.23/attention/out_fc/linear/Add_output_0' with ID 2077, type 3
   111.2ms [  INFO ] [QNN_CPU] Adding tensor '/vector_estimator/vector_field/main_blocks.23/Transpose_1_output_0' with ID 2078, type 3
   111.2ms [  INFO ] [QNN_CPU] Adding tensor '/vector_estimator/vector_field/main_blocks.23/norm/Transpose_output_0' with ID 2079, type 3
   111.2ms [  INFO ] [QNN_CPU] Adding tensor '/vector_estimator/vector_field/main_blocks.23/norm/norm/LayerNormalization_axes' with ID 2080, type 4
   111.2ms [  INFO ] [QNN_CPU] Adding tensor 'vector_estimator.tts.ttl.vector_field.main_blocks.23.norm.norm.weight' with ID 2081, type 4
   111.3ms [  INFO ] [QNN_CPU] Adding tensor 'vector_estimator.tts.ttl.vector_field.main_blocks.23.norm.norm.bias' with ID 2082, type 4
   111.3ms [  INFO ] [QNN_CPU] Adding tensor '/vector_estimator/vector_field/main_blocks.23/norm/Transpose_1_output_0' with ID 2083, type 3
   111.3ms [  INFO ] [QNN_CPU] Adding tensor '/vector_estimator/vector_field/main_blocks.23/Mul_1_output_0' with ID 2084, type 3
   111.3ms [  INFO ] [QNN_CPU] Adding tensor '/vector_estimator/vector_field/last_convnext/convnext.0/Mul_output_0' with ID 2085, type 3
   111.3ms [  INFO ] [QNN_CPU] Adding tensor '/vector_estimator/vector_field/last_convnext/convnext.0/dwconv/Pad_pad_amount' with ID 2086, type 4
   111.3ms [  INFO ] [QNN_CPU] Adding tensor '/vector_estimator/vector_field/last_convnext/convnext.0/dwconv/Pad_output_0' with ID 2087, type 3
   111.4ms [  INFO ] [QNN_CPU] Adding tensor '/vector_estimator/vector_field/last_convnext/convnext.0/dwconv/Pad_output_0.ncf_perm' with ID 2088, type 4
   111.4ms [  INFO ] [QNN_CPU] Adding tensor '/vector_estimator/vector_field/last_convnext/convnext.0/dwconv/Pad_output_0.ncf' with ID 2089, type 3
   111.4ms [  INFO ] [QNN_CPU] Adding tensor '/vector_estimator/vector_field/last_convnext/convnext.0/dwconv/Conv_reshape_to_2d' with ID 2090, type 3
   111.4ms [  INFO ] [QNN_CPU] Adding tensor '/vector_estimator/vector_field/last_convnext/convnext.0/dwconv/Conv_reshape_to_2d.nhwc_perm' with ID 2091, type 4
   111.4ms [  INFO ] [QNN_CPU] Adding tensor '/vector_estimator/vector_field/last_convnext/convnext.0/dwconv/Conv_reshape_to_2d.nhwc' with ID 2092, type 3
   111.5ms [  INFO ] [QNN_CPU] Adding tensor '/vector_estimator/vector_field/last_convnext/convnext.0/dwconv/Conv_2d_dilation' with ID 2093, type 4
   111.5ms [  INFO ] [QNN_CPU] Adding tensor '/vector_estimator/vector_field/last_convnext/convnext.0/dwconv/Conv_2d_pad_amount' with ID 2094, type 4
   111.5ms [  INFO ] [QNN_CPU] Adding tensor '/vector_estimator/vector_field/last_convnext/convnext.0/dwconv/Conv_2d_stride' with ID 2095, type 4
   111.5ms [  INFO ] [QNN_CPU] Adding tensor 'vector_estimator.tts.ttl.vector_field.last_convnext.convnext.0.dwconv.weight' with ID 2096, type 4
   111.5ms [  INFO ] [QNN_CPU] Adding tensor 'vector_estimator.tts.ttl.vector_field.last_convnext.convnext.0.dwconv.bias' with ID 2097, type 4
   111.5ms [  INFO ] [QNN_CPU] Adding tensor '/vector_estimator/vector_field/last_convnext/convnext.0/dwconv/Conv_intermediate' with ID 2098, type 3
   111.5ms [  INFO ] [QNN_CPU] Adding tensor '/vector_estimator/vector_field/last_convnext/convnext.0/dwconv/Conv_intermediate.nchw_perm' with ID 2099, type 4
   111.6ms [  INFO ] [QNN_CPU] Adding tensor '/vector_estimator/vector_field/last_convnext/convnext.0/dwconv/Conv_intermediate.nchw' with ID 2100, type 3
   111.6ms [  INFO ] [QNN_CPU] Adding tensor '/vector_estimator/vector_field/last_convnext/convnext.0/dwconv/Conv_output_0' with ID 2101, type 3
   111.6ms [  INFO ] [QNN_CPU] Adding tensor '/vector_estimator/vector_field/last_convnext/convnext.0/dwconv/Conv_output_0.nfc_perm' with ID 2102, type 4
   111.6ms [  INFO ] [QNN_CPU] Adding tensor '/vector_estimator/vector_field/last_convnext/convnext.0/dwconv/Conv_output_0.nfc' with ID 2103, type 3
   111.6ms [  INFO ] [QNN_CPU] Adding tensor '/vector_estimator/vector_field/last_convnext/convnext.0/norm/Transpose_output_0' with ID 2104, type 3
   111.6ms [  INFO ] [QNN_CPU] Adding tensor '/vector_estimator/vector_field/last_convnext/convnext.0/norm/norm/LayerNormalization_axes' with ID 2105, type 4
   111.6ms [  INFO ] [QNN_CPU] Adding tensor 'vector_estimator.tts.ttl.vector_field.last_convnext.convnext.0.norm.norm.weight' with ID 2106, type 4
   111.7ms [  INFO ] [QNN_CPU] Adding tensor 'vector_estimator.tts.ttl.vector_field.last_convnext.convnext.0.norm.norm.bias' with ID 2107, type 4
   111.7ms [  INFO ] [QNN_CPU] Adding tensor '/vector_estimator/vector_field/last_convnext/convnext.0/norm/Transpose_1_output_0' with ID 2108, type 3
   111.7ms [  INFO ] [QNN_CPU] Adding tensor '/vector_estimator/vector_field/last_convnext/convnext.0/norm/Transpose_1_output_0.ncf_perm' with ID 2109, type 4
   111.7ms [  INFO ] [QNN_CPU] Adding tensor '/vector_estimator/vector_field/last_convnext/convnext.0/norm/Transpose_1_output_0.ncf' with ID 2110, type 3
   111.7ms [  INFO ] [QNN_CPU] Adding tensor '/vector_estimator/vector_field/last_convnext/convnext.0/pwconv1/Conv_reshape_to_2d' with ID 2111, type 3
   111.7ms [  INFO ] [QNN_CPU] Adding tensor '/vector_estimator/vector_field/last_convnext/convnext.0/pwconv1/Conv_reshape_to_2d.nhwc_perm' with ID 2112, type 4
   111.7ms [  INFO ] [QNN_CPU] Adding tensor '/vector_estimator/vector_field/last_convnext/convnext.0/pwconv1/Conv_reshape_to_2d.nhwc' with ID 2113, type 3
   111.8ms [  INFO ] [QNN_CPU] Adding tensor '/vector_estimator/vector_field/last_convnext/convnext.0/pwconv1/Conv_2d_dilation' with ID 2114, type 4
   111.8ms [  INFO ] [QNN_CPU] Adding tensor '/vector_estimator/vector_field/last_convnext/convnext.0/pwconv1/Conv_2d_pad_amount' with ID 2115, type 4
   111.8ms [  INFO ] [QNN_CPU] Adding tensor '/vector_estimator/vector_field/last_convnext/convnext.0/pwconv1/Conv_2d_stride' with ID 2116, type 4
   112.8ms [  INFO ] [QNN_CPU] Adding tensor 'vector_estimator.tts.ttl.vector_field.last_convnext.convnext.0.pwconv1.weight' with ID 2117, type 4
   112.8ms [  INFO ] [QNN_CPU] Adding tensor 'vector_estimator.tts.ttl.vector_field.last_convnext.convnext.0.pwconv1.bias' with ID 2118, type 4
   112.8ms [  INFO ] [QNN_CPU] Adding tensor '/vector_estimator/vector_field/last_convnext/convnext.0/pwconv1/Conv_intermediate' with ID 2119, type 3
   112.8ms [  INFO ] [QNN_CPU] Adding tensor '/vector_estimator/vector_field/last_convnext/convnext.0/pwconv1/Conv_intermediate.nchw_perm' with ID 2120, type 4
   112.9ms [  INFO ] [QNN_CPU] Adding tensor '/vector_estimator/vector_field/last_convnext/convnext.0/pwconv1/Conv_intermediate.nchw' with ID 2121, type 3
   112.9ms [  INFO ] [QNN_CPU] Adding tensor '/vector_estimator/vector_field/last_convnext/convnext.0/pwconv1/Conv_output_0' with ID 2122, type 3
   112.9ms [  INFO ] [QNN_CPU] Adding tensor '/vector_estimator/vector_field/last_convnext/convnext.0/act/Mul_1_output_0' with ID 2123, type 3
   112.9ms [  INFO ] [QNN_CPU] Adding tensor '/vector_estimator/vector_field/last_convnext/convnext.0/pwconv2/Conv_reshape_to_2d' with ID 2124, type 3
   113.0ms [  INFO ] [QNN_CPU] Adding tensor '/vector_estimator/vector_field/last_convnext/convnext.0/pwconv2/Conv_reshape_to_2d.nhwc_perm' with ID 2125, type 4
   113.0ms [  INFO ] [QNN_CPU] Adding tensor '/vector_estimator/vector_field/last_convnext/convnext.0/pwconv2/Conv_reshape_to_2d.nhwc' with ID 2126, type 3
   113.0ms [  INFO ] [QNN_CPU] Adding tensor '/vector_estimator/vector_field/last_convnext/convnext.0/pwconv2/Conv_2d_dilation' with ID 2127, type 4
   113.0ms [  INFO ] [QNN_CPU] Adding tensor '/vector_estimator/vector_field/last_convnext/convnext.0/pwconv2/Conv_2d_pad_amount' with ID 2128, type 4
   113.2ms [  INFO ] [QNN_CPU] Adding tensor '/vector_estimator/vector_field/last_convnext/convnext.0/pwconv2/Conv_2d_stride' with ID 2129, type 4
   114.2ms [  INFO ] [QNN_CPU] Adding tensor 'vector_estimator.tts.ttl.vector_field.last_convnext.convnext.0.pwconv2.weight' with ID 2130, type 4
   114.2ms [  INFO ] [QNN_CPU] Adding tensor 'vector_estimator.tts.ttl.vector_field.last_convnext.convnext.0.pwconv2.bias' with ID 2131, type 4
   114.3ms [  INFO ] [QNN_CPU] Adding tensor '/vector_estimator/vector_field/last_convnext/convnext.0/pwconv2/Conv_intermediate' with ID 2132, type 3
   114.3ms [  INFO ] [QNN_CPU] Adding tensor '/vector_estimator/vector_field/last_convnext/convnext.0/pwconv2/Conv_intermediate.nchw_perm' with ID 2133, type 4
   114.3ms [  INFO ] [QNN_CPU] Adding tensor '/vector_estimator/vector_field/last_convnext/convnext.0/pwconv2/Conv_intermediate.nchw' with ID 2134, type 3
   114.4ms [  INFO ] [QNN_CPU] Adding tensor '/vector_estimator/vector_field/last_convnext/convnext.0/pwconv2/Conv_output_0' with ID 2135, type 3
   114.4ms [  INFO ] [QNN_CPU] Adding tensor '/vector_estimator/vector_field/last_convnext/convnext.0/pwconv2/Conv_output_0.nfc_perm' with ID 2136, type 4
   114.4ms [  INFO ] [QNN_CPU] Adding tensor '/vector_estimator/vector_field/last_convnext/convnext.0/pwconv2/Conv_output_0.nfc' with ID 2137, type 3
   114.5ms [  INFO ] [QNN_CPU] Adding tensor 'vector_estimator.tts.ttl.vector_field.last_convnext.convnext.0.gamma' with ID 2138, type 4
   114.5ms [  INFO ] [QNN_CPU] Adding tensor '/vector_estimator/vector_field/last_convnext/convnext.0/Mul_2_output_0' with ID 2139, type 3
   114.5ms [  INFO ] [QNN_CPU] Adding tensor '/vector_estimator/vector_field/last_convnext/convnext.0/Add_output_0' with ID 2140, type 3
   114.5ms [  INFO ] [QNN_CPU] Adding tensor '/vector_estimator/vector_field/last_convnext/convnext.0/Mul_3_output_0' with ID 2141, type 3
   114.5ms [  INFO ] [QNN_CPU] Adding tensor '/vector_estimator/vector_field/last_convnext/convnext.1/Mul_output_0' with ID 2142, type 3
   114.6ms [  INFO ] [QNN_CPU] Adding tensor '/vector_estimator/vector_field/last_convnext/convnext.1/dwconv/Pad_pad_amount' with ID 2143, type 4
   114.6ms [  INFO ] [QNN_CPU] Adding tensor '/vector_estimator/vector_field/last_convnext/convnext.1/dwconv/Pad_output_0' with ID 2144, type 3
   114.6ms [  INFO ] [QNN_CPU] Adding tensor '/vector_estimator/vector_field/last_convnext/convnext.1/dwconv/Pad_output_0.ncf_perm' with ID 2145, type 4
   114.6ms [  INFO ] [QNN_CPU] Adding tensor '/vector_estimator/vector_field/last_convnext/convnext.1/dwconv/Pad_output_0.ncf' with ID 2146, type 3
   114.6ms [  INFO ] [QNN_CPU] Adding tensor '/vector_estimator/vector_field/last_convnext/convnext.1/dwconv/Conv_reshape_to_2d' with ID 2147, type 3
   114.6ms [  INFO ] [QNN_CPU] Adding tensor '/vector_estimator/vector_field/last_convnext/convnext.1/dwconv/Conv_reshape_to_2d.nhwc_perm' with ID 2148, type 4
   114.7ms [  INFO ] [QNN_CPU] Adding tensor '/vector_estimator/vector_field/last_convnext/convnext.1/dwconv/Conv_reshape_to_2d.nhwc' with ID 2149, type 3
   114.7ms [  INFO ] [QNN_CPU] Adding tensor '/vector_estimator/vector_field/last_convnext/convnext.1/dwconv/Conv_2d_dilation' with ID 2150, type 4
   114.7ms [  INFO ] [QNN_CPU] Adding tensor '/vector_estimator/vector_field/last_convnext/convnext.1/dwconv/Conv_2d_pad_amount' with ID 2151, type 4
   114.7ms [  INFO ] [QNN_CPU] Adding tensor '/vector_estimator/vector_field/last_convnext/convnext.1/dwconv/Conv_2d_stride' with ID 2152, type 4
   114.7ms [  INFO ] [QNN_CPU] Adding tensor 'vector_estimator.tts.ttl.vector_field.last_convnext.convnext.1.dwconv.weight' with ID 2153, type 4
   114.7ms [  INFO ] [QNN_CPU] Adding tensor 'vector_estimator.tts.ttl.vector_field.last_convnext.convnext.1.dwconv.bias' with ID 2154, type 4
   114.7ms [  INFO ] [QNN_CPU] Adding tensor '/vector_estimator/vector_field/last_convnext/convnext.1/dwconv/Conv_intermediate' with ID 2155, type 3
   114.7ms [  INFO ] [QNN_CPU] Adding tensor '/vector_estimator/vector_field/last_convnext/convnext.1/dwconv/Conv_intermediate.nchw_perm' with ID 2156, type 4
   114.7ms [  INFO ] [QNN_CPU] Adding tensor '/vector_estimator/vector_field/last_convnext/convnext.1/dwconv/Conv_intermediate.nchw' with ID 2157, type 3
   114.8ms [  INFO ] [QNN_CPU] Adding tensor '/vector_estimator/vector_field/last_convnext/convnext.1/dwconv/Conv_output_0' with ID 2158, type 3
   114.8ms [  INFO ] [QNN_CPU] Adding tensor '/vector_estimator/vector_field/last_convnext/convnext.1/dwconv/Conv_output_0.nfc_perm' with ID 2159, type 4
   114.8ms [  INFO ] [QNN_CPU] Adding tensor '/vector_estimator/vector_field/last_convnext/convnext.1/dwconv/Conv_output_0.nfc' with ID 2160, type 3
   114.8ms [  INFO ] [QNN_CPU] Adding tensor '/vector_estimator/vector_field/last_convnext/convnext.1/norm/Transpose_output_0' with ID 2161, type 3
   114.9ms [  INFO ] [QNN_CPU] Adding tensor '/vector_estimator/vector_field/last_convnext/convnext.1/norm/norm/LayerNormalization_axes' with ID 2162, type 4
   114.9ms [  INFO ] [QNN_CPU] Adding tensor 'vector_estimator.tts.ttl.vector_field.last_convnext.convnext.1.norm.norm.weight' with ID 2163, type 4
   114.9ms [  INFO ] [QNN_CPU] Adding tensor 'vector_estimator.tts.ttl.vector_field.last_convnext.convnext.1.norm.norm.bias' with ID 2164, type 4
   114.9ms [  INFO ] [QNN_CPU] Adding tensor '/vector_estimator/vector_field/last_convnext/convnext.1/norm/Transpose_1_output_0' with ID 2165, type 3
   114.9ms [  INFO ] [QNN_CPU] Adding tensor '/vector_estimator/vector_field/last_convnext/convnext.1/norm/Transpose_1_output_0.ncf_perm' with ID 2166, type 4
   114.9ms [  INFO ] [QNN_CPU] Adding tensor '/vector_estimator/vector_field/last_convnext/convnext.1/norm/Transpose_1_output_0.ncf' with ID 2167, type 3
   114.9ms [  INFO ] [QNN_CPU] Adding tensor '/vector_estimator/vector_field/last_convnext/convnext.1/pwconv1/Conv_reshape_to_2d' with ID 2168, type 3
   114.9ms [  INFO ] [QNN_CPU] Adding tensor '/vector_estimator/vector_field/last_convnext/convnext.1/pwconv1/Conv_reshape_to_2d.nhwc_perm' with ID 2169, type 4
   114.9ms [  INFO ] [QNN_CPU] Adding tensor '/vector_estimator/vector_field/last_convnext/convnext.1/pwconv1/Conv_reshape_to_2d.nhwc' with ID 2170, type 3
   115.0ms [  INFO ] [QNN_CPU] Adding tensor '/vector_estimator/vector_field/last_convnext/convnext.1/pwconv1/Conv_2d_dilation' with ID 2171, type 4
   115.0ms [  INFO ] [QNN_CPU] Adding tensor '/vector_estimator/vector_field/last_convnext/convnext.1/pwconv1/Conv_2d_pad_amount' with ID 2172, type 4
   115.0ms [  INFO ] [QNN_CPU] Adding tensor '/vector_estimator/vector_field/last_convnext/convnext.1/pwconv1/Conv_2d_stride' with ID 2173, type 4
   115.9ms [  INFO ] [QNN_CPU] Adding tensor 'vector_estimator.tts.ttl.vector_field.last_convnext.convnext.1.pwconv1.weight' with ID 2174, type 4
   115.9ms [  INFO ] [QNN_CPU] Adding tensor 'vector_estimator.tts.ttl.vector_field.last_convnext.convnext.1.pwconv1.bias' with ID 2175, type 4
   115.9ms [  INFO ] [QNN_CPU] Adding tensor '/vector_estimator/vector_field/last_convnext/convnext.1/pwconv1/Conv_intermediate' with ID 2176, type 3
   116.0ms [  INFO ] [QNN_CPU] Adding tensor '/vector_estimator/vector_field/last_convnext/convnext.1/pwconv1/Conv_intermediate.nchw_perm' with ID 2177, type 4
   116.0ms [  INFO ] [QNN_CPU] Adding tensor '/vector_estimator/vector_field/last_convnext/convnext.1/pwconv1/Conv_intermediate.nchw' with ID 2178, type 3
   116.0ms [  INFO ] [QNN_CPU] Adding tensor '/vector_estimator/vector_field/last_convnext/convnext.1/pwconv1/Conv_output_0' with ID 2179, type 3
   116.0ms [  INFO ] [QNN_CPU] Adding tensor '/vector_estimator/vector_field/last_convnext/convnext.1/act/Mul_1_output_0' with ID 2180, type 3
   116.1ms [  INFO ] [QNN_CPU] Adding tensor '/vector_estimator/vector_field/last_convnext/convnext.1/pwconv2/Conv_reshape_to_2d' with ID 2181, type 3
   116.1ms [  INFO ] [QNN_CPU] Adding tensor '/vector_estimator/vector_field/last_convnext/convnext.1/pwconv2/Conv_reshape_to_2d.nhwc_perm' with ID 2182, type 4
   116.1ms [  INFO ] [QNN_CPU] Adding tensor '/vector_estimator/vector_field/last_convnext/convnext.1/pwconv2/Conv_reshape_to_2d.nhwc' with ID 2183, type 3
   116.1ms [  INFO ] [QNN_CPU] Adding tensor '/vector_estimator/vector_field/last_convnext/convnext.1/pwconv2/Conv_2d_dilation' with ID 2184, type 4
   116.1ms [  INFO ] [QNN_CPU] Adding tensor '/vector_estimator/vector_field/last_convnext/convnext.1/pwconv2/Conv_2d_pad_amount' with ID 2185, type 4
   116.1ms [  INFO ] [QNN_CPU] Adding tensor '/vector_estimator/vector_field/last_convnext/convnext.1/pwconv2/Conv_2d_stride' with ID 2186, type 4
   117.1ms [  INFO ] [QNN_CPU] Adding tensor 'vector_estimator.tts.ttl.vector_field.last_convnext.convnext.1.pwconv2.weight' with ID 2187, type 4
   117.1ms [  INFO ] [QNN_CPU] Adding tensor 'vector_estimator.tts.ttl.vector_field.last_convnext.convnext.1.pwconv2.bias' with ID 2188, type 4
   117.1ms [  INFO ] [QNN_CPU] Adding tensor '/vector_estimator/vector_field/last_convnext/convnext.1/pwconv2/Conv_intermediate' with ID 2189, type 3
   117.2ms [  INFO ] [QNN_CPU] Adding tensor '/vector_estimator/vector_field/last_convnext/convnext.1/pwconv2/Conv_intermediate.nchw_perm' with ID 2190, type 4
   117.2ms [  INFO ] [QNN_CPU] Adding tensor '/vector_estimator/vector_field/last_convnext/convnext.1/pwconv2/Conv_intermediate.nchw' with ID 2191, type 3
   117.2ms [  INFO ] [QNN_CPU] Adding tensor '/vector_estimator/vector_field/last_convnext/convnext.1/pwconv2/Conv_output_0' with ID 2192, type 3
   117.3ms [  INFO ] [QNN_CPU] Adding tensor '/vector_estimator/vector_field/last_convnext/convnext.1/pwconv2/Conv_output_0.nfc_perm' with ID 2193, type 4
   117.3ms [  INFO ] [QNN_CPU] Adding tensor '/vector_estimator/vector_field/last_convnext/convnext.1/pwconv2/Conv_output_0.nfc' with ID 2194, type 3
   117.3ms [  INFO ] [QNN_CPU] Adding tensor 'vector_estimator.tts.ttl.vector_field.last_convnext.convnext.1.gamma' with ID 2195, type 4
   117.3ms [  INFO ] [QNN_CPU] Adding tensor '/vector_estimator/vector_field/last_convnext/convnext.1/Mul_2_output_0' with ID 2196, type 3
   117.4ms [  INFO ] [QNN_CPU] Adding tensor '/vector_estimator/vector_field/last_convnext/convnext.1/Add_output_0' with ID 2197, type 3
   117.4ms [  INFO ] [QNN_CPU] Adding tensor '/vector_estimator/vector_field/last_convnext/convnext.1/Mul_3_output_0' with ID 2198, type 3
   117.4ms [  INFO ] [QNN_CPU] Adding tensor '/vector_estimator/vector_field/last_convnext/convnext.2/Mul_output_0' with ID 2199, type 3
   117.5ms [  INFO ] [QNN_CPU] Adding tensor '/vector_estimator/vector_field/last_convnext/convnext.2/dwconv/Pad_pad_amount' with ID 2200, type 4
   117.5ms [  INFO ] [QNN_CPU] Adding tensor '/vector_estimator/vector_field/last_convnext/convnext.2/dwconv/Pad_output_0' with ID 2201, type 3
   117.6ms [  INFO ] [QNN_CPU] Adding tensor '/vector_estimator/vector_field/last_convnext/convnext.2/dwconv/Pad_output_0.ncf_perm' with ID 2202, type 4
   117.6ms [  INFO ] [QNN_CPU] Adding tensor '/vector_estimator/vector_field/last_convnext/convnext.2/dwconv/Pad_output_0.ncf' with ID 2203, type 3
   117.6ms [  INFO ] [QNN_CPU] Adding tensor '/vector_estimator/vector_field/last_convnext/convnext.2/dwconv/Conv_reshape_to_2d' with ID 2204, type 3
   117.6ms [  INFO ] [QNN_CPU] Adding tensor '/vector_estimator/vector_field/last_convnext/convnext.2/dwconv/Conv_reshape_to_2d.nhwc_perm' with ID 2205, type 4
   117.6ms [  INFO ] [QNN_CPU] Adding tensor '/vector_estimator/vector_field/last_convnext/convnext.2/dwconv/Conv_reshape_to_2d.nhwc' with ID 2206, type 3
   117.7ms [  INFO ] [QNN_CPU] Adding tensor '/vector_estimator/vector_field/last_convnext/convnext.2/dwconv/Conv_2d_dilation' with ID 2207, type 4
   117.7ms [  INFO ] [QNN_CPU] Adding tensor '/vector_estimator/vector_field/last_convnext/convnext.2/dwconv/Conv_2d_pad_amount' with ID 2208, type 4
   117.7ms [  INFO ] [QNN_CPU] Adding tensor '/vector_estimator/vector_field/last_convnext/convnext.2/dwconv/Conv_2d_stride' with ID 2209, type 4
   117.7ms [  INFO ] [QNN_CPU] Adding tensor 'vector_estimator.tts.ttl.vector_field.last_convnext.convnext.2.dwconv.weight' with ID 2210, type 4
   117.7ms [  INFO ] [QNN_CPU] Adding tensor 'vector_estimator.tts.ttl.vector_field.last_convnext.convnext.2.dwconv.bias' with ID 2211, type 4
   117.7ms [  INFO ] [QNN_CPU] Adding tensor '/vector_estimator/vector_field/last_convnext/convnext.2/dwconv/Conv_intermediate' with ID 2212, type 3
   117.7ms [  INFO ] [QNN_CPU] Adding tensor '/vector_estimator/vector_field/last_convnext/convnext.2/dwconv/Conv_intermediate.nchw_perm' with ID 2213, type 4
   117.8ms [  INFO ] [QNN_CPU] Adding tensor '/vector_estimator/vector_field/last_convnext/convnext.2/dwconv/Conv_intermediate.nchw' with ID 2214, type 3
   117.8ms [  INFO ] [QNN_CPU] Adding tensor '/vector_estimator/vector_field/last_convnext/convnext.2/dwconv/Conv_output_0' with ID 2215, type 3
   117.8ms [  INFO ] [QNN_CPU] Adding tensor '/vector_estimator/vector_field/last_convnext/convnext.2/dwconv/Conv_output_0.nfc_perm' with ID 2216, type 4
   117.8ms [  INFO ] [QNN_CPU] Adding tensor '/vector_estimator/vector_field/last_convnext/convnext.2/dwconv/Conv_output_0.nfc' with ID 2217, type 3
   117.8ms [  INFO ] [QNN_CPU] Adding tensor '/vector_estimator/vector_field/last_convnext/convnext.2/norm/Transpose_output_0' with ID 2218, type 3
   117.9ms [  INFO ] [QNN_CPU] Adding tensor '/vector_estimator/vector_field/last_convnext/convnext.2/norm/norm/LayerNormalization_axes' with ID 2219, type 4
   117.9ms [  INFO ] [QNN_CPU] Adding tensor 'vector_estimator.tts.ttl.vector_field.last_convnext.convnext.2.norm.norm.weight' with ID 2220, type 4
   117.9ms [  INFO ] [QNN_CPU] Adding tensor 'vector_estimator.tts.ttl.vector_field.last_convnext.convnext.2.norm.norm.bias' with ID 2221, type 4
   117.9ms [  INFO ] [QNN_CPU] Adding tensor '/vector_estimator/vector_field/last_convnext/convnext.2/norm/Transpose_1_output_0' with ID 2222, type 3
   117.9ms [  INFO ] [QNN_CPU] Adding tensor '/vector_estimator/vector_field/last_convnext/convnext.2/norm/Transpose_1_output_0.ncf_perm' with ID 2223, type 4
   117.9ms [  INFO ] [QNN_CPU] Adding tensor '/vector_estimator/vector_field/last_convnext/convnext.2/norm/Transpose_1_output_0.ncf' with ID 2224, type 3
   117.9ms [  INFO ] [QNN_CPU] Adding tensor '/vector_estimator/vector_field/last_convnext/convnext.2/pwconv1/Conv_reshape_to_2d' with ID 2225, type 3
   118.0ms [  INFO ] [QNN_CPU] Adding tensor '/vector_estimator/vector_field/last_convnext/convnext.2/pwconv1/Conv_reshape_to_2d.nhwc_perm' with ID 2226, type 4
   118.0ms [  INFO ] [QNN_CPU] Adding tensor '/vector_estimator/vector_field/last_convnext/convnext.2/pwconv1/Conv_reshape_to_2d.nhwc' with ID 2227, type 3
   118.0ms [  INFO ] [QNN_CPU] Adding tensor '/vector_estimator/vector_field/last_convnext/convnext.2/pwconv1/Conv_2d_dilation' with ID 2228, type 4
   118.0ms [  INFO ] [QNN_CPU] Adding tensor '/vector_estimator/vector_field/last_convnext/convnext.2/pwconv1/Conv_2d_pad_amount' with ID 2229, type 4
   118.0ms [  INFO ] [QNN_CPU] Adding tensor '/vector_estimator/vector_field/last_convnext/convnext.2/pwconv1/Conv_2d_stride' with ID 2230, type 4
   119.0ms [  INFO ] [QNN_CPU] Adding tensor 'vector_estimator.tts.ttl.vector_field.last_convnext.convnext.2.pwconv1.weight' with ID 2231, type 4
   119.0ms [  INFO ] [QNN_CPU] Adding tensor 'vector_estimator.tts.ttl.vector_field.last_convnext.convnext.2.pwconv1.bias' with ID 2232, type 4
   119.0ms [  INFO ] [QNN_CPU] Adding tensor '/vector_estimator/vector_field/last_convnext/convnext.2/pwconv1/Conv_intermediate' with ID 2233, type 3
   119.0ms [  INFO ] [QNN_CPU] Adding tensor '/vector_estimator/vector_field/last_convnext/convnext.2/pwconv1/Conv_intermediate.nchw_perm' with ID 2234, type 4
   119.0ms [  INFO ] [QNN_CPU] Adding tensor '/vector_estimator/vector_field/last_convnext/convnext.2/pwconv1/Conv_intermediate.nchw' with ID 2235, type 3
   119.1ms [  INFO ] [QNN_CPU] Adding tensor '/vector_estimator/vector_field/last_convnext/convnext.2/pwconv1/Conv_output_0' with ID 2236, type 3
   119.1ms [  INFO ] [QNN_CPU] Adding tensor '/vector_estimator/vector_field/last_convnext/convnext.2/act/Mul_1_output_0' with ID 2237, type 3
   119.1ms [  INFO ] [QNN_CPU] Adding tensor '/vector_estimator/vector_field/last_convnext/convnext.2/pwconv2/Conv_reshape_to_2d' with ID 2238, type 3
   119.1ms [  INFO ] [QNN_CPU] Adding tensor '/vector_estimator/vector_field/last_convnext/convnext.2/pwconv2/Conv_reshape_to_2d.nhwc_perm' with ID 2239, type 4
   119.1ms [  INFO ] [QNN_CPU] Adding tensor '/vector_estimator/vector_field/last_convnext/convnext.2/pwconv2/Conv_reshape_to_2d.nhwc' with ID 2240, type 3
   119.2ms [  INFO ] [QNN_CPU] Adding tensor '/vector_estimator/vector_field/last_convnext/convnext.2/pwconv2/Conv_2d_dilation' with ID 2241, type 4
   119.2ms [  INFO ] [QNN_CPU] Adding tensor '/vector_estimator/vector_field/last_convnext/convnext.2/pwconv2/Conv_2d_pad_amount' with ID 2242, type 4
   119.2ms [  INFO ] [QNN_CPU] Adding tensor '/vector_estimator/vector_field/last_convnext/convnext.2/pwconv2/Conv_2d_stride' with ID 2243, type 4
   120.1ms [  INFO ] [QNN_CPU] Adding tensor 'vector_estimator.tts.ttl.vector_field.last_convnext.convnext.2.pwconv2.weight' with ID 2244, type 4
   120.1ms [  INFO ] [QNN_CPU] Adding tensor 'vector_estimator.tts.ttl.vector_field.last_convnext.convnext.2.pwconv2.bias' with ID 2245, type 4
   120.1ms [  INFO ] [QNN_CPU] Adding tensor '/vector_estimator/vector_field/last_convnext/convnext.2/pwconv2/Conv_intermediate' with ID 2246, type 3
   120.2ms [  INFO ] [QNN_CPU] Adding tensor '/vector_estimator/vector_field/last_convnext/convnext.2/pwconv2/Conv_intermediate.nchw_perm' with ID 2247, type 4
   120.2ms [  INFO ] [QNN_CPU] Adding tensor '/vector_estimator/vector_field/last_convnext/convnext.2/pwconv2/Conv_intermediate.nchw' with ID 2248, type 3
   120.2ms [  INFO ] [QNN_CPU] Adding tensor '/vector_estimator/vector_field/last_convnext/convnext.2/pwconv2/Conv_output_0' with ID 2249, type 3
   120.2ms [  INFO ] [QNN_CPU] Adding tensor '/vector_estimator/vector_field/last_convnext/convnext.2/pwconv2/Conv_output_0.nfc_perm' with ID 2250, type 4
   120.2ms [  INFO ] [QNN_CPU] Adding tensor '/vector_estimator/vector_field/last_convnext/convnext.2/pwconv2/Conv_output_0.nfc' with ID 2251, type 3
   120.2ms [  INFO ] [QNN_CPU] Adding tensor 'vector_estimator.tts.ttl.vector_field.last_convnext.convnext.2.gamma' with ID 2252, type 4
   120.3ms [  INFO ] [QNN_CPU] Adding tensor '/vector_estimator/vector_field/last_convnext/convnext.2/Mul_2_output_0' with ID 2253, type 3
   120.3ms [  INFO ] [QNN_CPU] Adding tensor '/vector_estimator/vector_field/last_convnext/convnext.2/Add_output_0' with ID 2254, type 3
   120.3ms [  INFO ] [QNN_CPU] Adding tensor '/vector_estimator/vector_field/last_convnext/convnext.2/Mul_3_output_0' with ID 2255, type 3
   120.3ms [  INFO ] [QNN_CPU] Adding tensor '/vector_estimator/vector_field/last_convnext/convnext.3/Mul_output_0' with ID 2256, type 3
   120.4ms [  INFO ] [QNN_CPU] Adding tensor '/vector_estimator/vector_field/last_convnext/convnext.3/dwconv/Pad_pad_amount' with ID 2257, type 4
   120.4ms [  INFO ] [QNN_CPU] Adding tensor '/vector_estimator/vector_field/last_convnext/convnext.3/dwconv/Pad_output_0' with ID 2258, type 3
   120.4ms [  INFO ] [QNN_CPU] Adding tensor '/vector_estimator/vector_field/last_convnext/convnext.3/dwconv/Pad_output_0.ncf_perm' with ID 2259, type 4
   120.4ms [  INFO ] [QNN_CPU] Adding tensor '/vector_estimator/vector_field/last_convnext/convnext.3/dwconv/Pad_output_0.ncf' with ID 2260, type 3
   120.4ms [  INFO ] [QNN_CPU] Adding tensor '/vector_estimator/vector_field/last_convnext/convnext.3/dwconv/Conv_reshape_to_2d' with ID 2261, type 3
   120.4ms [  INFO ] [QNN_CPU] Adding tensor '/vector_estimator/vector_field/last_convnext/convnext.3/dwconv/Conv_reshape_to_2d.nhwc_perm' with ID 2262, type 4
   120.4ms [  INFO ] [QNN_CPU] Adding tensor '/vector_estimator/vector_field/last_convnext/convnext.3/dwconv/Conv_reshape_to_2d.nhwc' with ID 2263, type 3
   120.5ms [  INFO ] [QNN_CPU] Adding tensor '/vector_estimator/vector_field/last_convnext/convnext.3/dwconv/Conv_2d_dilation' with ID 2264, type 4
   120.5ms [  INFO ] [QNN_CPU] Adding tensor '/vector_estimator/vector_field/last_convnext/convnext.3/dwconv/Conv_2d_pad_amount' with ID 2265, type 4
   120.5ms [  INFO ] [QNN_CPU] Adding tensor '/vector_estimator/vector_field/last_convnext/convnext.3/dwconv/Conv_2d_stride' with ID 2266, type 4
   120.5ms [  INFO ] [QNN_CPU] Adding tensor 'vector_estimator.tts.ttl.vector_field.last_convnext.convnext.3.dwconv.weight' with ID 2267, type 4
   120.5ms [  INFO ] [QNN_CPU] Adding tensor 'vector_estimator.tts.ttl.vector_field.last_convnext.convnext.3.dwconv.bias' with ID 2268, type 4
   120.5ms [  INFO ] [QNN_CPU] Adding tensor '/vector_estimator/vector_field/last_convnext/convnext.3/dwconv/Conv_intermediate' with ID 2269, type 3
   120.5ms [  INFO ] [QNN_CPU] Adding tensor '/vector_estimator/vector_field/last_convnext/convnext.3/dwconv/Conv_intermediate.nchw_perm' with ID 2270, type 4
   120.5ms [  INFO ] [QNN_CPU] Adding tensor '/vector_estimator/vector_field/last_convnext/convnext.3/dwconv/Conv_intermediate.nchw' with ID 2271, type 3
   120.6ms [  INFO ] [QNN_CPU] Adding tensor '/vector_estimator/vector_field/last_convnext/convnext.3/dwconv/Conv_output_0' with ID 2272, type 3
   120.6ms [  INFO ] [QNN_CPU] Adding tensor '/vector_estimator/vector_field/last_convnext/convnext.3/dwconv/Conv_output_0.nfc_perm' with ID 2273, type 4
   120.6ms [  INFO ] [QNN_CPU] Adding tensor '/vector_estimator/vector_field/last_convnext/convnext.3/dwconv/Conv_output_0.nfc' with ID 2274, type 3
   120.6ms [  INFO ] [QNN_CPU] Adding tensor '/vector_estimator/vector_field/last_convnext/convnext.3/norm/Transpose_output_0' with ID 2275, type 3
   120.6ms [  INFO ] [QNN_CPU] Adding tensor '/vector_estimator/vector_field/last_convnext/convnext.3/norm/norm/LayerNormalization_axes' with ID 2276, type 4
   120.6ms [  INFO ] [QNN_CPU] Adding tensor 'vector_estimator.tts.ttl.vector_field.last_convnext.convnext.3.norm.norm.weight' with ID 2277, type 4
   120.6ms [  INFO ] [QNN_CPU] Adding tensor 'vector_estimator.tts.ttl.vector_field.last_convnext.convnext.3.norm.norm.bias' with ID 2278, type 4
   120.6ms [  INFO ] [QNN_CPU] Adding tensor '/vector_estimator/vector_field/last_convnext/convnext.3/norm/Transpose_1_output_0' with ID 2279, type 3
   120.7ms [  INFO ] [QNN_CPU] Adding tensor '/vector_estimator/vector_field/last_convnext/convnext.3/norm/Transpose_1_output_0.ncf_perm' with ID 2280, type 4
   120.7ms [  INFO ] [QNN_CPU] Adding tensor '/vector_estimator/vector_field/last_convnext/convnext.3/norm/Transpose_1_output_0.ncf' with ID 2281, type 3
   120.7ms [  INFO ] [QNN_CPU] Adding tensor '/vector_estimator/vector_field/last_convnext/convnext.3/pwconv1/Conv_reshape_to_2d' with ID 2282, type 3
   120.7ms [  INFO ] [QNN_CPU] Adding tensor '/vector_estimator/vector_field/last_convnext/convnext.3/pwconv1/Conv_reshape_to_2d.nhwc_perm' with ID 2283, type 4
   120.7ms [  INFO ] [QNN_CPU] Adding tensor '/vector_estimator/vector_field/last_convnext/convnext.3/pwconv1/Conv_reshape_to_2d.nhwc' with ID 2284, type 3
   120.7ms [  INFO ] [QNN_CPU] Adding tensor '/vector_estimator/vector_field/last_convnext/convnext.3/pwconv1/Conv_2d_dilation' with ID 2285, type 4
   120.7ms [  INFO ] [QNN_CPU] Adding tensor '/vector_estimator/vector_field/last_convnext/convnext.3/pwconv1/Conv_2d_pad_amount' with ID 2286, type 4
   120.7ms [  INFO ] [QNN_CPU] Adding tensor '/vector_estimator/vector_field/last_convnext/convnext.3/pwconv1/Conv_2d_stride' with ID 2287, type 4
   121.7ms [  INFO ] [QNN_CPU] Adding tensor 'vector_estimator.tts.ttl.vector_field.last_convnext.convnext.3.pwconv1.weight' with ID 2288, type 4
   121.7ms [  INFO ] [QNN_CPU] Adding tensor 'vector_estimator.tts.ttl.vector_field.last_convnext.convnext.3.pwconv1.bias' with ID 2289, type 4
   121.7ms [  INFO ] [QNN_CPU] Adding tensor '/vector_estimator/vector_field/last_convnext/convnext.3/pwconv1/Conv_intermediate' with ID 2290, type 3
   121.7ms [  INFO ] [QNN_CPU] Adding tensor '/vector_estimator/vector_field/last_convnext/convnext.3/pwconv1/Conv_intermediate.nchw_perm' with ID 2291, type 4
   121.8ms [  INFO ] [QNN_CPU] Adding tensor '/vector_estimator/vector_field/last_convnext/convnext.3/pwconv1/Conv_intermediate.nchw' with ID 2292, type 3
   121.8ms [  INFO ] [QNN_CPU] Adding tensor '/vector_estimator/vector_field/last_convnext/convnext.3/pwconv1/Conv_output_0' with ID 2293, type 3
   121.8ms [  INFO ] [QNN_CPU] Adding tensor '/vector_estimator/vector_field/last_convnext/convnext.3/act/Mul_1_output_0' with ID 2294, type 3
   121.8ms [  INFO ] [QNN_CPU] Adding tensor '/vector_estimator/vector_field/last_convnext/convnext.3/pwconv2/Conv_reshape_to_2d' with ID 2295, type 3
   121.9ms [  INFO ] [QNN_CPU] Adding tensor '/vector_estimator/vector_field/last_convnext/convnext.3/pwconv2/Conv_reshape_to_2d.nhwc_perm' with ID 2296, type 4
   121.9ms [  INFO ] [QNN_CPU] Adding tensor '/vector_estimator/vector_field/last_convnext/convnext.3/pwconv2/Conv_reshape_to_2d.nhwc' with ID 2297, type 3
   121.9ms [  INFO ] [QNN_CPU] Adding tensor '/vector_estimator/vector_field/last_convnext/convnext.3/pwconv2/Conv_2d_dilation' with ID 2298, type 4
   121.9ms [  INFO ] [QNN_CPU] Adding tensor '/vector_estimator/vector_field/last_convnext/convnext.3/pwconv2/Conv_2d_pad_amount' with ID 2299, type 4
   121.9ms [  INFO ] [QNN_CPU] Adding tensor '/vector_estimator/vector_field/last_convnext/convnext.3/pwconv2/Conv_2d_stride' with ID 2300, type 4
   122.9ms [  INFO ] [QNN_CPU] Adding tensor 'vector_estimator.tts.ttl.vector_field.last_convnext.convnext.3.pwconv2.weight' with ID 2301, type 4
   122.9ms [  INFO ] [QNN_CPU] Adding tensor 'vector_estimator.tts.ttl.vector_field.last_convnext.convnext.3.pwconv2.bias' with ID 2302, type 4
   122.9ms [  INFO ] [QNN_CPU] Adding tensor '/vector_estimator/vector_field/last_convnext/convnext.3/pwconv2/Conv_intermediate' with ID 2303, type 3
   122.9ms [  INFO ] [QNN_CPU] Adding tensor '/vector_estimator/vector_field/last_convnext/convnext.3/pwconv2/Conv_intermediate.nchw_perm' with ID 2304, type 4
   122.9ms [  INFO ] [QNN_CPU] Adding tensor '/vector_estimator/vector_field/last_convnext/convnext.3/pwconv2/Conv_intermediate.nchw' with ID 2305, type 3
   122.9ms [  INFO ] [QNN_CPU] Adding tensor '/vector_estimator/vector_field/last_convnext/convnext.3/pwconv2/Conv_output_0' with ID 2306, type 3
   123.0ms [  INFO ] [QNN_CPU] Adding tensor '/vector_estimator/vector_field/last_convnext/convnext.3/pwconv2/Conv_output_0.nfc_perm' with ID 2307, type 4
   123.0ms [  INFO ] [QNN_CPU] Adding tensor '/vector_estimator/vector_field/last_convnext/convnext.3/pwconv2/Conv_output_0.nfc' with ID 2308, type 3
   123.0ms [  INFO ] [QNN_CPU] Adding tensor 'vector_estimator.tts.ttl.vector_field.last_convnext.convnext.3.gamma' with ID 2309, type 4
   123.0ms [  INFO ] [QNN_CPU] Adding tensor '/vector_estimator/vector_field/last_convnext/convnext.3/Mul_2_output_0' with ID 2310, type 3
   123.0ms [  INFO ] [QNN_CPU] Adding tensor '/vector_estimator/vector_field/last_convnext/convnext.3/Add_output_0' with ID 2311, type 3
   123.0ms [  INFO ] [QNN_CPU] Adding tensor '/vector_estimator/vector_field/last_convnext/convnext.3/Mul_3_output_0' with ID 2312, type 3
   123.1ms [  INFO ] [QNN_CPU] Adding tensor '/vector_estimator/vector_field/last_convnext/convnext.3/Mul_3_output_0.ncf_perm' with ID 2313, type 4
   123.1ms [  INFO ] [QNN_CPU] Adding tensor '/vector_estimator/vector_field/last_convnext/convnext.3/Mul_3_output_0.ncf' with ID 2314, type 3
   123.1ms [  INFO ] [QNN_CPU] Adding tensor '/vector_estimator/vector_field/proj_out/net/Conv_reshape_to_2d' with ID 2315, type 3
   123.1ms [  INFO ] [QNN_CPU] Adding tensor '/vector_estimator/vector_field/proj_out/net/Conv_reshape_to_2d.nhwc_perm' with ID 2316, type 4
   123.1ms [  INFO ] [QNN_CPU] Adding tensor '/vector_estimator/vector_field/proj_out/net/Conv_reshape_to_2d.nhwc' with ID 2317, type 3
   123.1ms [  INFO ] [QNN_CPU] Adding tensor '/vector_estimator/vector_field/proj_out/net/Conv_2d_dilation' with ID 2318, type 4
   123.1ms [  INFO ] [QNN_CPU] Adding tensor '/vector_estimator/vector_field/proj_out/net/Conv_2d_pad_amount' with ID 2319, type 4
   123.1ms [  INFO ] [QNN_CPU] Adding tensor '/vector_estimator/vector_field/proj_out/net/Conv_2d_stride' with ID 2320, type 4
   123.2ms [  INFO ] [QNN_CPU] Adding tensor 'vector_estimator.tts.ttl.vector_field.proj_out.net.weight' with ID 2321, type 4
   123.2ms [  INFO ] [QNN_CPU] Adding tensor '/vector_estimator/vector_field/proj_out/net/Conv_intermediate' with ID 2322, type 3
   123.3ms [  INFO ] [QNN_CPU] Adding tensor '/vector_estimator/vector_field/proj_out/net/Conv_intermediate.nchw_perm' with ID 2323, type 4
   123.3ms [  INFO ] [QNN_CPU] Adding tensor '/vector_estimator/vector_field/proj_out/net/Conv_intermediate.nchw' with ID 2324, type 3
   123.3ms [  INFO ] [QNN_CPU] Adding tensor '/vector_estimator/vector_field/proj_out/net/Conv_output_0' with ID 2325, type 3
   123.3ms [  INFO ] [QNN_CPU] Adding tensor '/vector_estimator/vector_field/proj_out/net/Conv_output_0.nfc_perm' with ID 2326, type 4
   123.3ms [  INFO ] [QNN_CPU] Adding tensor '/vector_estimator/vector_field/proj_out/net/Conv_output_0.nfc' with ID 2327, type 3
   123.4ms [  INFO ] [QNN_CPU] Adding tensor '/vector_estimator/vector_field/proj_out/Mul_output_0' with ID 2328, type 3
   123.4ms [  INFO ] [QNN_CPU] Adding tensor '/vector_estimator/Slice_1_ranges' with ID 2329, type 4
   123.4ms [  INFO ] [QNN_CPU] Adding tensor '/vector_estimator/Slice_1_output_0' with ID 2330, type 3
   123.4ms [  INFO ] [QNN_CPU] Adding tensor '/vector_estimator/Slice_2_ranges' with ID 2334, type 4
   123.4ms [  INFO ] [QNN_CPU] Adding tensor '/vector_estimator/Slice_2_output_0' with ID 2335, type 3
   123.5ms [  INFO ] [QNN_CPU] Adding tensor '/Constant_3_output_0' with ID 2339, type 4
   123.5ms [  INFO ] [QNN_CPU] Adding tensor '/Mul_1_output_0' with ID 2340, type 3
   123.5ms [  INFO ] [QNN_CPU] Adding tensor '/Constant_4_output_0' with ID 2341, type 4
   123.5ms [  INFO ] [QNN_CPU] Adding tensor '/Mul_2_output_0' with ID 2342, type 3
   123.5ms [  INFO ] [QNN_CPU] Adding tensor '/Sub_output_0' with ID 2343, type 3
   123.6ms [  INFO ] [QNN_CPU] Adding tensor '/Mul_3_output_0' with ID 2344, type 3
   123.6ms [  INFO ] [QNN_CPU] Adding tensor '/Add_output_0' with ID 2345, type 3
   123.6ms [  INFO ] [QNN_CPU] Adding tensor 'denoised_latent' with ID 2346, type 1
   123.6ms [  INFO ] [QNN_CPU] QnnGraph finalize start
   123.8ms [  INFO ] [QNN_CPU] CpuGraph::setup - creating native memory manager
   123.8ms [  INFO ] [QNN_CPU] CpuGraph::setup - kernel memory manager already initialized
   747.6ms [  INFO ] [QNN_CPU] QnnGraph finalize end
   771.0ms [  INFO ] [QNN_CPU] QnnGraph execute start
  1122.8ms [  INFO ] [QNN_CPU] QnnGraph execute end
  1113.4ms [  INFO ] cleaning up resources for input tensors
  1113.4ms [  INFO ] cleaning up resources for output tensors
  1140.8ms [  INFO ] [QNN_CPU] QnnGraph execute start
  1483.3ms [  INFO ] [QNN_CPU] QnnGraph execute end
  1471.0ms [  INFO ] cleaning up resources for input tensors
  1471.0ms [  INFO ] cleaning up resources for output tensors
  1496.7ms [  INFO ] [QNN_CPU] QnnGraph execute start
  1836.0ms [  INFO ] [QNN_CPU] QnnGraph execute end
  1823.7ms [  INFO ] cleaning up resources for input tensors
  1823.7ms [  INFO ] cleaning up resources for output tensors
  1853.2ms [  INFO ] [QNN_CPU] QnnGraph execute start
  2193.9ms [  INFO ] [QNN_CPU] QnnGraph execute end
  2181.5ms [  INFO ] cleaning up resources for input tensors
  2181.5ms [  INFO ] cleaning up resources for output tensors
  2207.4ms [  INFO ] [QNN_CPU] QnnGraph execute start
  2547.3ms [  INFO ] [QNN_CPU] QnnGraph execute end
  2534.9ms [  INFO ] cleaning up resources for input tensors
  2534.9ms [  INFO ] cleaning up resources for output tensors
  2560.6ms [  INFO ] [QNN_CPU] QnnGraph execute start
  2900.2ms [  INFO ] [QNN_CPU] QnnGraph execute end
  2887.8ms [  INFO ] cleaning up resources for input tensors
  2887.8ms [  INFO ] cleaning up resources for output tensors
  2915.4ms [  INFO ] [QNN_CPU] QnnGraph execute start
  3261.2ms [  INFO ] [QNN_CPU] QnnGraph execute end
  3248.8ms [  INFO ] cleaning up resources for input tensors
  3248.8ms [  INFO ] cleaning up resources for output tensors
  3277.6ms [  INFO ] [QNN_CPU] QnnGraph execute start
  3617.4ms [  INFO ] [QNN_CPU] QnnGraph execute end
  3605.0ms [  INFO ] cleaning up resources for input tensors
  3605.0ms [  INFO ] cleaning up resources for output tensors
modeltools::IrGraph::reEvalMacsParams: Re-evaluated graph statistics after IrOptimizer optimization passes:
modeltools::IrGraph::reEvalMacsParams: Total MACs: 3815004809
modeltools::IrGraph::reEvalMacsParams: Total Params Count: 63923520
2026-10-04 07:10:07,134 - 278 - INFO - Saving QNN Model...
2026-10-04 07:10:07,304 - 278 - INFO - Model CPP saved at: C:/AI/npu-work/vector_estimator_int8.dlc 
2026-10-04 07:10:07,305 - 278 - INFO - Model BIN saved at: C:\AI\npu-work\vector_estimator_int8.bin 
2026-10-04 07:10:07,361 - 278 - INFO - Conversion complete!
  3871.7ms [  INFO ] Freeing graphsInfo
  3871.7ms [WARNING] Profile Logger with name = defaultKey doesn't exist! Returning nullptr
  3884.1ms [  INFO ] [QNN_CPU] QnnContext Free start
  3942.5ms [  INFO ] [QNN_CPU] QnnContext Free end
  3930.9ms [WARNING] Profile Logger with name = defaultKey doesn't exist!
  3943.3ms [  INFO ] [QNN_CPU] QnnBackend Free start
  3943.3ms [  INFO ] [QNN_CPU] QnnBackend Free end
  3930.9ms [  INFO ] WindowsFileIO callback: ~WindowsFileIO
